timestamp	distance_cm	rssi_dbm
2026-06-23T23:14:01.188000	51.0	-73.0
2026-06-23T23:14:01.188176	44.0	-72.5
2026-06-23T23:14:01.188282	46.0	-71.5
2026-06-23T23:14:01.188369	50.0	-71.5
2026-06-23T23:14:01.188444	49.0	-71.5
2026-06-23T23:14:01.188515	50.0	-70.5
2026-06-23T23:14:01.188589	51.0	-71.0
2026-06-23T23:14:01.188660	51.0	-71.5
2026-06-23T23:14:01.188728	54.0	-71.5
2026-06-23T23:14:01.188798	55.0	-72.0
2026-06-23T23:14:01.188864	54.0	-71.5
2026-06-23T23:14:01.188932	51.0	-70.5
2026-06-23T23:14:01.189003	47.0	-71.5
2026-06-23T23:15:29.027409	54.0	-71.5
2026-06-23T23:15:29.027616	52.0	-71.5
2026-06-23T23:15:29.027697	57.0	-70.5
2026-06-23T23:15:29.027783	51.0	-71.5
2026-06-23T23:15:29.027858	49.0	-71.0
2026-06-23T23:15:29.027928	53.0	-72.0
2026-06-23T23:15:29.027997	53.0	-70.5
2026-06-23T23:15:29.028068	54.0	-72.0
2026-06-23T23:15:29.028133	49.0	-70.5
2026-06-23T23:15:29.028203	51.0	-71.0
2026-06-23T23:15:29.028269	55.0	-71.5
2026-06-23T23:15:29.028337	53.0	-71.0
2026-06-23T23:15:29.028404	54.0	-71.0
2026-06-23T23:16:25.100047	53.0	-69.5
2026-06-23T23:16:25.100180	53.0	-70.5
2026-06-23T23:16:25.100266	59.0	-70.5
2026-06-23T23:16:25.100342	55.0	-70.0
2026-06-23T23:16:25.100411	55.0	-70.5
2026-06-23T23:16:25.100484	54.0	-70.5
2026-06-23T23:16:25.100555	52.0	-70.5
2026-06-23T23:16:25.100625	52.0	-70.0
2026-06-23T23:16:25.100693	58.0	-71.0
2026-06-23T23:16:25.100759	55.0	-70.5
2026-06-23T23:16:25.100827	56.0	-69.0
2026-06-23T23:16:25.100892	54.0	-70.0
2026-06-23T23:42:17.988218	62.0	-77.0
2026-06-23T23:42:17.988444	64.0	-75.0
2026-06-23T23:42:17.988528	70.0	-72.5
2026-06-23T23:42:17.988645	70.0	-78.5
2026-06-23T23:42:17.988722	66.0	-75.0
2026-06-23T23:42:17.988795	75.0	-74.5
2026-06-23T23:42:17.988872	77.0	-72.5
2026-06-23T23:42:17.988946	73.0	-75.5
2026-06-23T23:42:17.989020	68.0	-74.0
2026-06-23T23:42:17.989090	74.0	-74.5
2026-06-23T23:42:17.989164	81.0	-73.5
2026-06-23T23:42:17.989241	82.0	-75.0
2026-06-23T23:42:17.989312	76.0	-72.5
2026-06-23T23:42:27.030594	116.0	-70.0
2026-06-23T23:42:27.030717	114.0	-71.0
2026-06-23T23:42:27.030793	119.0	-72.5
2026-06-23T23:42:27.030885	136.0	-73.0
2026-06-23T23:42:27.030955	136.0	-73.0
2026-06-23T23:42:27.031024	113.0	-76.0
2026-06-23T23:42:27.031092	108.0	-74.0
2026-06-23T23:42:27.031162	102.0	-73.5
2026-06-23T23:42:27.031233	110.0	-76.0
2026-06-23T23:42:27.031301	96.0	-76.0
2026-06-23T23:42:27.031368	95.0	-76.0
2026-06-23T23:42:27.031436	98.0	-75.0
2026-06-23T23:42:36.192584	114.0	-70.5
2026-06-23T23:42:36.192722	102.0	-78.5
2026-06-23T23:42:36.192809	111.0	-79.0
2026-06-23T23:42:36.192881	150.0	-76.0
2026-06-23T23:42:36.192952	117.0	-78.0
2026-06-23T23:42:36.193020	126.0	-76.0
2026-06-23T23:42:36.193086	114.0	-79.5
2026-06-23T23:42:36.193159	98.0	-82.0
2026-06-23T23:42:36.193227	140.0	-78.5
2026-06-23T23:42:36.193298	107.0	-81.0
2026-06-23T23:42:36.193365	159.0	-74.5
2026-06-23T23:42:36.193432	134.0	-73.0
2026-06-23T23:42:45.110469	123.0	-75.5
2026-06-23T23:42:45.110606	120.0	-75.0
2026-06-23T23:42:45.110681	115.0	-74.0
2026-06-23T23:42:45.110764	105.0	-78.0
2026-06-23T23:42:45.110833	145.0	-76.0
2026-06-23T23:42:45.110901	131.0	-76.5
2026-06-23T23:42:45.110972	100.0	-77.5
2026-06-23T23:42:45.111043	129.0	-78.0
2026-06-23T23:42:45.111110	122.0	-78.5
2026-06-23T23:42:45.111181	110.0	-79.5
2026-06-23T23:42:45.111252	105.0	-81.0
2026-06-23T23:42:45.111319	117.0	-79.0
2026-06-23T23:42:45.111384	153.0	-79.5
2026-06-23T23:42:54.176477	99.0	-78.5
2026-06-23T23:42:54.176634	100.0	-77.5
2026-06-23T23:42:54.176717	100.0	-76.5
2026-06-23T23:42:54.176802	113.0	-74.0
2026-06-23T23:42:54.176875	112.0	-74.5
2026-06-23T23:42:54.176951	114.0	-75.5
2026-06-23T23:42:54.177024	110.0	-74.0
2026-06-23T23:42:54.177095	112.0	-75.0
2026-06-23T23:42:54.177166	107.0	-76.0
2026-06-23T23:42:54.177234	108.0	-77.5
2026-06-23T23:42:54.177305	108.0	-73.5
2026-06-23T23:42:54.177377	107.0	-73.0
2026-06-23T23:42:54.177445	113.0	-73.0
2026-06-23T23:43:03.232527	106.0	-74.0
2026-06-23T23:43:03.232652	104.0	-74.0
2026-06-23T23:43:03.232735	82.0	-74.5
2026-06-23T23:43:03.232820	82.0	-71.0
2026-06-23T23:43:03.232891	79.0	-70.0
2026-06-23T23:43:03.232959	76.0	-71.0
2026-06-23T23:43:03.233027	66.0	-71.5
2026-06-23T23:43:03.233098	77.0	-68.5
2026-06-23T23:43:03.233168	76.0	-67.5
2026-06-23T23:43:03.233239	65.0	-68.5
2026-06-23T23:43:03.233309	61.0	-69.5
2026-06-23T23:43:03.233379	64.0	-66.0
2026-06-23T23:43:12.289928	66.0	-67.5
2026-06-23T23:43:12.290077	64.0	-66.0
2026-06-23T23:43:12.290154	66.0	-64.0
2026-06-23T23:43:12.290238	70.0	-64.5
2026-06-23T23:43:12.290310	72.0	-64.0
2026-06-23T23:43:12.290381	70.0	-64.0
2026-06-23T23:43:12.290448	67.0	-65.5
2026-06-23T23:43:12.290519	67.0	-63.0
2026-06-23T23:43:12.290585	62.0	-65.0
2026-06-23T23:43:12.290654	59.0	-65.5
2026-06-23T23:43:12.290728	59.0	-65.0
2026-06-23T23:43:12.290797	61.0	-63.5
2026-06-23T23:43:12.290867	62.0	-63.0
2026-06-23T23:43:21.354907	69.0	-63.5
2026-06-23T23:43:21.355043	65.0	-61.5
2026-06-23T23:43:21.355120	63.0	-63.5
2026-06-23T23:43:21.355204	62.0	-64.5
2026-06-23T23:43:21.355274	60.0	-63.5
2026-06-23T23:43:21.355347	61.0	-63.5
2026-06-23T23:43:21.355418	63.0	-63.5
2026-06-23T23:43:21.355487	65.0	-63.0
2026-06-23T23:43:21.355553	51.0	-65.5
2026-06-23T23:43:21.355622	53.0	-66.5
2026-06-23T23:43:21.355692	49.0	-66.5
2026-06-23T23:43:21.355760	52.0	-66.0
2026-06-23T23:43:21.355826	57.0	-65.0
2026-06-23T23:43:30.426025	52.0	-64.5
2026-06-23T23:43:30.426173	54.0	-64.5
2026-06-23T23:43:30.426252	53.0	-64.5
2026-06-23T23:43:30.426340	53.0	-64.0
2026-06-23T23:43:30.426411	52.0	-64.5
2026-06-23T23:43:30.426482	53.0	-65.0
2026-06-23T23:43:30.426551	51.0	-63.5
2026-06-23T23:43:30.426622	53.0	-64.0
2026-06-23T23:43:30.426687	51.0	-64.5
2026-06-23T23:43:30.426758	49.0	-64.0
2026-06-23T23:43:30.426825	53.0	-65.0
2026-06-23T23:43:30.426892	50.0	-64.5
2026-06-23T23:43:30.426962	49.0	-65.0
2026-06-23T23:43:39.481272	51.0	-66.5
2026-06-23T23:43:39.481408	57.0	-65.0
2026-06-23T23:43:39.481483	56.0	-67.5
2026-06-23T23:43:39.481568	50.0	-66.0
2026-06-23T23:43:39.481638	51.0	-68.0
2026-06-23T23:43:39.481786	49.0	-68.0
2026-06-23T23:43:39.481857	57.0	-68.0
2026-06-23T23:43:39.481926	52.0	-67.0
2026-06-23T23:43:39.481994	54.0	-65.5
2026-06-23T23:43:39.482064	51.0	-65.5
2026-06-23T23:43:39.482135	49.0	-65.5
2026-06-23T23:43:39.482204	60.0	-64.5
2026-06-23T23:43:39.482275	56.0	-66.5
2026-06-23T23:43:48.700695	69.0	-63.0
2026-06-23T23:43:48.700898	68.0	-63.5
2026-06-23T23:43:48.700989	70.0	-62.0
2026-06-23T23:43:48.701062	67.0	-64.0
2026-06-23T23:43:48.701143	71.0	-62.0
2026-06-23T23:43:48.701215	70.0	-63.5
2026-06-23T23:43:48.701287	70.0	-63.5
2026-06-23T23:43:48.701361	72.0	-63.0
2026-06-23T23:43:48.701431	69.0	-63.5
2026-06-23T23:43:48.701504	67.0	-63.5
2026-06-23T23:43:48.701577	70.0	-63.5
2026-06-23T23:43:48.701727	72.0	-62.0
2026-06-23T23:43:48.701811	70.0	-62.0
2026-06-23T23:43:57.916337	66.0	-62.5
2026-06-23T23:43:57.916472	64.0	-63.0
2026-06-23T23:43:57.916553	65.0	-62.5
2026-06-23T23:43:57.916627	68.0	-63.0
2026-06-23T23:43:57.916693	66.0	-62.5
2026-06-23T23:43:57.916764	68.0	-62.5
2026-06-23T23:43:57.916835	69.0	-62.0
2026-06-23T23:43:57.916902	68.0	-63.5
2026-06-23T23:43:57.916970	69.0	-62.0
2026-06-23T23:43:57.917039	65.0	-63.0
2026-06-23T23:43:57.917103	68.0	-63.5
2026-06-23T23:43:57.917170	69.0	-62.0
2026-06-23T23:44:06.849246	60.0	-64.0
2026-06-23T23:44:06.849413	53.0	-64.5
2026-06-23T23:44:06.849514	49.0	-65.0
2026-06-23T23:44:06.849604	53.0	-63.0
2026-06-23T23:44:06.849795	56.0	-60.5
2026-06-23T23:44:06.849899	56.0	-61.5
2026-06-23T23:44:06.849976	49.0	-63.5
2026-06-23T23:44:06.850052	56.0	-58.5
2026-06-23T23:44:06.850131	60.0	-55.5
2026-06-23T23:44:06.850211	54.0	-58.0
2026-06-23T23:44:06.850284	59.0	-57.0
2026-06-23T23:44:06.850356	51.0	-62.5
2026-06-23T23:44:06.850430	50.0	-63.5
2026-06-23T23:44:15.882646	52.0	-67.0
2026-06-23T23:44:15.882770	57.0	-66.0
2026-06-23T23:44:15.882843	57.0	-66.0
2026-06-23T23:44:15.882924	62.0	-64.0
2026-06-23T23:44:15.882993	63.0	-62.0
2026-06-23T23:44:15.883062	62.0	-63.5
2026-06-23T23:44:15.883139	59.0	-64.5
2026-06-23T23:44:15.883208	64.0	-63.0
2026-06-23T23:44:15.883274	55.0	-66.5
2026-06-23T23:44:15.883344	60.0	-65.5
2026-06-23T23:44:15.883415	60.0	-63.5
2026-06-23T23:44:15.883484	58.0	-65.0
2026-06-23T23:44:15.883552	53.0	-68.0
2026-06-23T23:44:24.970553	56.0	-65.5
2026-06-23T23:44:24.970727	53.0	-65.5
2026-06-23T23:44:24.970810	56.0	-65.0
2026-06-23T23:44:24.970904	54.0	-65.0
2026-06-23T23:44:24.970981	52.0	-65.5
2026-06-23T23:44:24.971059	54.0	-65.5
2026-06-23T23:44:24.971134	56.0	-65.5
2026-06-23T23:44:24.971210	54.0	-65.5
2026-06-23T23:44:24.971289	53.0	-65.5
2026-06-23T23:44:24.971364	54.0	-65.5
2026-06-23T23:44:24.971436	54.0	-65.5
2026-06-23T23:44:24.971508	53.0	-65.0
2026-06-23T23:44:24.971577	57.0	-65.5
2026-06-23T23:44:33.991915	54.0	-66.0
2026-06-23T23:44:33.992039	55.0	-66.5
2026-06-23T23:44:33.992125	54.0	-66.0
2026-06-23T23:44:33.992206	53.0	-66.5
2026-06-23T23:44:33.992278	54.0	-66.5
2026-06-23T23:44:33.992348	54.0	-66.5
2026-06-23T23:44:33.992418	55.0	-67.5
2026-06-23T23:44:33.992486	55.0	-66.5
2026-06-23T23:44:33.992555	55.0	-66.5
2026-06-23T23:44:33.992624	58.0	-66.5
2026-06-23T23:44:33.992692	57.0	-67.0
2026-06-23T23:44:33.992757	54.0	-67.0
2026-06-23T23:44:33.992820	56.0	-67.5
2026-06-23T23:44:33.992894	55.0	-66.5
2026-06-23T23:44:43.083029	58.0	-66.0
2026-06-23T23:44:43.083177	57.0	-66.0
2026-06-23T23:44:43.083256	58.0	-66.5
2026-06-23T23:44:43.083356	55.0	-66.5
2026-06-23T23:44:43.083435	56.0	-67.0
2026-06-23T23:44:43.083509	50.0	-66.5
2026-06-23T23:44:43.083587	56.0	-66.5
2026-06-23T23:44:43.083662	54.0	-66.0
2026-06-23T23:44:43.083732	54.0	-66.0
2026-06-23T23:44:43.083802	57.0	-67.0
2026-06-23T23:44:43.083870	55.0	-68.0
2026-06-23T23:44:43.083940	52.0	-66.5
2026-06-23T23:44:43.084013	54.0	-67.0
2026-06-23T23:44:52.082919	114.0	-69.5
2026-06-23T23:44:52.082981	61.0	-67.0
2026-06-23T23:44:52.083006	62.0	-69.5
2026-06-23T23:44:52.083034	68.0	-64.5
2026-06-23T23:44:52.083058	71.0	-63.5
2026-06-23T23:44:52.083082	75.0	-62.0
2026-06-23T23:44:52.083105	72.0	-63.5
2026-06-23T23:44:52.083129	72.0	-62.5
2026-06-23T23:44:52.083152	73.0	-62.5
2026-06-23T23:44:52.083175	76.0	-63.0
2026-06-23T23:44:52.083198	74.0	-63.5
2026-06-23T23:44:52.083221	76.0	-61.0
2026-06-23T23:44:52.083243	73.0	-64.0
2026-06-23T23:45:01.143289	61.0	-66.5
2026-06-23T23:45:01.143352	69.0	-60.5
2026-06-23T23:45:01.143379	71.0	-63.0
2026-06-23T23:45:01.143406	71.0	-62.0
2026-06-23T23:45:01.143429	70.0	-63.0
2026-06-23T23:45:01.143453	68.0	-64.0
2026-06-23T23:45:01.143475	68.0	-64.0
2026-06-23T23:45:01.143498	68.0	-64.0
2026-06-23T23:45:01.143520	71.0	-63.5
2026-06-23T23:45:01.143544	68.0	-64.0
2026-06-23T23:45:01.143567	61.0	-67.0
2026-06-23T23:45:01.143589	56.0	-68.0
2026-06-23T23:45:01.143611	60.0	-68.0
2026-06-23T23:45:10.239451	65.0	-64.5
2026-06-23T23:45:10.239514	75.0	-70.0
2026-06-23T23:45:10.239540	66.0	-66.5
2026-06-23T23:45:10.239569	86.0	-72.5
2026-06-23T23:45:10.239593	82.0	-74.0
2026-06-23T23:45:10.239616	77.0	-74.0
2026-06-23T23:45:10.239639	73.0	-76.5
2026-06-23T23:45:10.239661	88.0	-71.5
2026-06-23T23:45:10.239685	89.0	-71.0
2026-06-23T23:45:10.239707	81.0	-78.5
2026-06-23T23:45:10.239730	86.0	-76.0
2026-06-23T23:45:10.239752	90.0	-73.5
2026-06-23T23:45:10.239775	90.0	-74.0
2026-06-23T23:45:19.259917	94.0	-63.5
2026-06-23T23:45:19.259979	95.0	-63.5
2026-06-23T23:45:19.260006	90.0	-66.5
2026-06-23T23:45:19.260035	95.0	-64.5
2026-06-23T23:45:19.260059	93.0	-66.5
2026-06-23T23:45:19.260083	93.0	-66.0
2026-06-23T23:45:19.260106	90.0	-67.5
2026-06-23T23:45:19.260130	93.0	-66.5
2026-06-23T23:45:19.260153	93.0	-67.5
2026-06-23T23:45:19.260176	93.0	-69.0
2026-06-23T23:45:19.260199	94.0	-68.5
2026-06-23T23:45:19.260222	94.0	-68.0
2026-06-23T23:45:19.260244	90.0	-69.0
2026-06-23T23:45:28.346230	96.0	-64.0
2026-06-23T23:45:28.346353	94.0	-64.0
2026-06-23T23:45:28.346435	94.0	-64.5
2026-06-23T23:45:28.346518	92.0	-65.0
2026-06-23T23:45:28.346587	92.0	-64.5
2026-06-23T23:45:28.346656	95.0	-63.5
2026-06-23T23:45:28.346728	93.0	-64.5
2026-06-23T23:45:28.346797	93.0	-64.5
2026-06-23T23:45:28.346868	92.0	-66.5
2026-06-23T23:45:28.346937	88.0	-67.5
2026-06-23T23:45:28.347005	93.0	-64.5
2026-06-23T23:45:28.347076	93.0	-64.5
2026-06-23T23:45:37.377588	88.0	-68.5
2026-06-23T23:45:37.377794	88.0	-66.5
2026-06-23T23:45:37.377875	89.0	-67.0
2026-06-23T23:45:37.377957	91.0	-65.5
2026-06-23T23:45:37.378030	91.0	-65.5
2026-06-23T23:45:37.378100	87.0	-66.0
2026-06-23T23:45:37.378168	91.0	-65.5
2026-06-23T23:45:37.378237	87.0	-65.5
2026-06-23T23:45:37.378308	92.0	-65.5
2026-06-23T23:45:37.378379	91.0	-66.0
2026-06-23T23:45:37.378445	89.0	-65.5
2026-06-23T23:45:37.378514	91.0	-65.0
2026-06-23T23:45:37.378583	89.0	-66.0
2026-06-23T23:45:46.444133	92.0	-70.5
2026-06-23T23:45:46.444268	95.0	-70.5
2026-06-23T23:45:46.444345	94.0	-70.0
2026-06-23T23:45:46.444418	92.0	-70.0
2026-06-23T23:45:46.444498	100.0	-66.5
2026-06-23T23:45:46.444570	97.0	-66.5
2026-06-23T23:45:46.444640	96.0	-66.0
2026-06-23T23:45:46.444707	96.0	-66.0
2026-06-23T23:45:46.444773	95.0	-66.0
2026-06-23T23:45:46.444841	92.0	-67.0
2026-06-23T23:45:46.444909	91.0	-66.0
2026-06-23T23:45:46.444975	90.0	-67.0
2026-06-23T23:45:46.445041	90.0	-67.0
2026-06-23T23:45:55.693179	84.0	-72.5
2026-06-23T23:45:55.693322	82.0	-71.5
2026-06-23T23:45:55.693398	83.0	-72.5
2026-06-23T23:45:55.693473	82.0	-72.0
2026-06-23T23:45:55.693544	87.0	-72.5
2026-06-23T23:45:55.693615	82.0	-75.0
2026-06-23T23:45:55.693766	79.0	-73.5
2026-06-23T23:45:55.693843	78.0	-73.0
2026-06-23T23:45:55.693911	82.0	-73.0
2026-06-23T23:45:55.693982	79.0	-72.5
2026-06-23T23:45:55.694052	83.0	-74.0
2026-06-23T23:46:04.547856	69.0	-72.0
2026-06-23T23:46:04.547979	67.0	-71.0
2026-06-23T23:46:04.548051	68.0	-71.5
2026-06-23T23:46:04.548142	69.0	-71.0
2026-06-23T23:46:04.548211	71.0	-71.5
2026-06-23T23:46:04.548282	69.0	-71.0
2026-06-23T23:46:04.548350	70.0	-70.5
2026-06-23T23:46:04.548419	69.0	-71.0
2026-06-23T23:46:04.548485	69.0	-71.0
2026-06-23T23:46:04.548552	70.0	-70.5
2026-06-23T23:46:04.548620	70.0	-71.0
2026-06-23T23:46:04.548688	71.0	-71.5
2026-06-23T23:46:04.548754	69.0	-70.5
2026-06-23T23:46:13.603499	72.0	-70.5
2026-06-23T23:46:13.603637	75.0	-69.5
2026-06-23T23:46:13.603715	74.0	-69.0
2026-06-23T23:46:13.603787	73.0	-70.5
2026-06-23T23:46:13.603871	76.0	-70.0
2026-06-23T23:46:13.603941	76.0	-69.5
2026-06-23T23:46:13.604012	77.0	-70.0
2026-06-23T23:46:13.604079	78.0	-69.0
2026-06-23T23:46:13.604147	75.0	-68.5
2026-06-23T23:46:13.604218	77.0	-68.0
2026-06-23T23:46:13.604287	75.0	-70.0
2026-06-23T23:46:13.604354	74.0	-70.0
2026-06-23T23:46:13.604421	72.0	-69.5
2026-06-23T23:46:13.604489	76.0	-67.0
2026-06-23T23:46:22.605823	61.0	-78.0
2026-06-23T23:46:22.605947	68.0	-75.5
2026-06-23T23:46:22.606031	82.0	-73.0
2026-06-23T23:46:22.606112	97.0	-73.5
2026-06-23T23:46:22.606186	116.0	-73.5
2026-06-23T23:46:22.606259	100.0	-74.0
2026-06-23T23:46:22.606329	76.0	-74.5
2026-06-23T23:46:22.606401	82.0	-72.5
2026-06-23T23:46:22.606471	92.0	-75.0
2026-06-23T23:46:22.606538	92.0	-75.0
2026-06-23T23:46:22.606605	100.0	-74.0
2026-06-23T23:46:22.606672	107.0	-75.0
2026-06-23T23:46:22.606738	98.0	-72.5
2026-06-23T23:46:31.656256	79.0	-71.0
2026-06-23T23:46:31.656390	78.0	-69.5
2026-06-23T23:46:31.656486	92.0	-65.0
2026-06-23T23:46:31.656560	85.0	-66.0
2026-06-23T23:46:31.656630	88.0	-65.0
2026-06-23T23:46:31.656698	87.0	-65.0
2026-06-23T23:46:31.656768	87.0	-64.5
2026-06-23T23:46:31.656841	84.0	-64.0
2026-06-23T23:46:31.656911	85.0	-64.5
2026-06-23T23:46:31.656983	83.0	-64.5
2026-06-23T23:46:31.657052	84.0	-66.0
2026-06-23T23:46:31.657118	85.0	-65.5
2026-06-23T23:46:40.705610	87.0	-73.5
2026-06-23T23:46:40.705827	86.0	-69.5
2026-06-23T23:46:40.705916	84.0	-70.5
2026-06-23T23:46:40.705992	83.0	-72.0
2026-06-23T23:46:40.706062	82.0	-70.5
2026-06-23T23:46:40.706134	80.0	-72.0
2026-06-23T23:46:40.706203	84.0	-71.0
2026-06-23T23:46:40.706272	81.0	-71.0
2026-06-23T23:46:40.706340	81.0	-71.5
2026-06-23T23:46:40.706412	84.0	-71.5
2026-06-23T23:46:40.706483	81.0	-71.5
2026-06-23T23:48:56.649910	95.0	-78.0
2026-06-23T23:48:56.650045	89.0	-75.5
2026-06-23T23:48:56.650133	80.0	-74.0
2026-06-23T23:48:56.650205	77.0	-73.0
2026-06-23T23:48:56.650276	76.0	-69.0
2026-06-23T23:48:56.650345	74.0	-73.0
2026-06-23T23:48:56.650412	102.0	-74.0
2026-06-23T23:48:56.650479	72.0	-70.5
2026-06-23T23:48:56.650552	69.0	-68.5
2026-06-23T23:48:56.650623	69.0	-71.0
2026-06-23T23:48:56.650690	70.0	-74.5
2026-06-23T23:49:05.404897	72.0	-70.5
2026-06-23T23:49:05.405034	73.0	-69.0
2026-06-23T23:49:05.405108	72.0	-70.0
2026-06-23T23:49:05.405188	73.0	-69.0
2026-06-23T23:49:05.405258	88.0	-68.5
2026-06-23T23:49:05.405328	99.0	-69.0
2026-06-23T23:49:05.405395	92.0	-68.0
2026-06-23T23:49:05.405461	82.0	-68.0
2026-06-23T23:49:05.405527	73.0	-68.5
2026-06-23T23:49:05.405596	73.0	-69.0
2026-06-23T23:49:05.405751	76.0	-69.0
2026-06-23T23:49:05.405828	71.0	-69.5
2026-06-23T23:49:05.405899	67.0	-70.0
2026-06-23T23:49:14.478912	100.0	-68.0
2026-06-23T23:49:14.479036	79.0	-68.0
2026-06-23T23:49:14.479116	99.0	-68.5
2026-06-23T23:49:14.479200	100.0	-68.5
2026-06-23T23:49:14.479273	106.0	-65.5
2026-06-23T23:49:14.479346	83.0	-67.0
2026-06-23T23:49:14.479414	105.0	-67.0
2026-06-23T23:49:14.479481	104.0	-69.0
2026-06-23T23:49:14.479547	94.0	-69.0
2026-06-23T23:49:14.479612	91.0	-66.0
2026-06-23T23:49:14.479678	74.0	-66.5
2026-06-23T23:49:14.479748	69.0	-70.5
2026-06-23T23:49:23.514169	136.0	-73.0
2026-06-23T23:49:23.514295	125.0	-71.5
2026-06-23T23:49:23.514390	90.0	-72.5
2026-06-23T23:49:23.514466	103.0	-73.5
2026-06-23T23:49:23.514538	121.0	-73.0
2026-06-23T23:49:23.514605	74.0	-77.0
2026-06-23T23:49:23.514671	96.0	-71.0
2026-06-23T23:49:23.514737	67.0	-80.5
2026-06-23T23:49:23.514810	80.0	-77.0
2026-06-23T23:49:23.514879	84.0	-75.5
2026-06-23T23:49:23.514949	72.0	-79.5
2026-06-23T23:49:23.515017	69.0	-78.0
2026-06-23T23:49:32.552642	83.0	-78.5
2026-06-23T23:49:32.552775	85.0	-75.0
2026-06-23T23:49:32.552849	88.0	-74.5
2026-06-23T23:49:32.552930	97.0	-74.0
2026-06-23T23:49:32.552999	96.0	-71.0
2026-06-23T23:49:32.553067	92.0	-72.0
2026-06-23T23:49:32.553136	88.0	-75.0
2026-06-23T23:49:32.553203	86.0	-74.5
2026-06-23T23:49:32.553275	89.0	-75.0
2026-06-23T23:49:32.553345	89.0	-74.5
2026-06-23T23:49:32.553414	88.0	-75.0
2026-06-23T23:49:32.553482	88.0	-72.0
2026-06-23T23:49:32.553547	87.0	-73.0
2026-06-23T23:50:12.184361	84.0	-69.0
2026-06-23T23:50:12.184487	83.0	-70.0
2026-06-23T23:50:12.184562	70.0	-68.0
2026-06-23T23:50:12.184633	73.0	-64.0
2026-06-23T23:50:12.184711	52.0	-65.0
2026-06-23T23:50:12.184779	49.0	-65.0
2026-06-23T23:50:12.184846	37.0	-70.5
2026-06-23T23:50:12.184925	25.0	-70.0
2026-06-23T23:50:12.184994	27.0	-69.0
2026-06-23T23:50:12.185064	33.0	-67.5
2026-06-23T23:50:12.185134	33.0	-67.0
2026-06-23T23:50:12.185201	34.0	-67.5
2026-06-23T23:50:12.185270	36.0	-64.5
2026-06-23T23:50:21.271518	68.0	-73.0
2026-06-23T23:50:21.271641	72.0	-70.5
2026-06-23T23:50:21.271727	74.0	-69.5
2026-06-23T23:50:21.271811	74.0	-69.0
2026-06-23T23:50:21.271883	74.0	-69.0
2026-06-23T23:50:21.271952	76.0	-69.0
2026-06-23T23:50:21.272019	76.0	-69.0
2026-06-23T23:50:21.272088	73.0	-70.0
2026-06-23T23:50:21.272156	71.0	-69.5
2026-06-23T23:50:21.272228	68.0	-70.0
2026-06-23T23:50:21.272297	70.0	-70.5
2026-06-23T23:50:21.272367	65.0	-70.0
2026-06-23T23:50:21.272434	71.0	-69.5
2026-06-23T23:50:30.310490	79.0	-67.5
2026-06-23T23:50:30.310629	77.0	-69.5
2026-06-23T23:50:30.310707	76.0	-70.5
2026-06-23T23:50:30.310793	80.0	-70.5
2026-06-23T23:50:30.310868	77.0	-69.5
2026-06-23T23:50:30.310940	77.0	-70.0
2026-06-23T23:50:30.311007	77.0	-70.5
2026-06-23T23:50:30.311078	73.0	-70.5
2026-06-23T23:50:30.311148	73.0	-69.0
2026-06-23T23:50:30.311216	76.0	-68.0
2026-06-23T23:50:30.311283	75.0	-69.0
2026-06-23T23:50:30.311349	75.0	-69.0
2026-06-23T23:50:30.311414	78.0	-68.5
2026-06-23T23:52:45.733596	77.0	-80.5
2026-06-23T23:52:45.733805	83.0	-77.5
2026-06-23T23:52:45.733894	77.0	-78.5
2026-06-23T23:52:45.733970	80.0	-80.0
2026-06-23T23:52:45.734042	77.0	-77.5
2026-06-23T23:52:45.734115	78.0	-75.5
2026-06-23T23:52:45.734187	83.0	-76.5
2026-06-23T23:52:45.734257	84.0	-77.0
2026-06-23T23:52:45.734324	89.0	-75.0
2026-06-23T23:52:45.734391	91.0	-77.0
2026-06-23T23:52:45.734458	86.0	-77.0
2026-06-23T23:52:45.734526	85.0	-78.0
2026-06-23T23:52:55.118432	87.0	-73.5
2026-06-23T23:52:55.118575	89.0	-73.0
2026-06-23T23:52:55.118649	86.0	-71.5
2026-06-23T23:52:55.118724	92.0	-72.5
2026-06-23T23:52:55.118797	86.0	-72.0
2026-06-23T23:52:55.118865	93.0	-72.5
2026-06-23T23:52:55.118934	87.0	-71.5
2026-06-23T23:52:55.119004	85.0	-73.0
2026-06-23T23:52:55.119072	89.0	-72.0
2026-06-23T23:52:55.119142	89.0	-73.0
2026-06-23T23:52:55.119208	91.0	-73.0
2026-06-23T23:53:03.862246	87.0	-72.5
2026-06-23T23:53:03.862383	85.0	-72.5
2026-06-23T23:53:03.862462	89.0	-71.5
2026-06-23T23:53:03.862547	86.0	-73.5
2026-06-23T23:53:03.862620	84.0	-72.5
2026-06-23T23:53:03.862693	88.0	-72.0
2026-06-23T23:53:03.862762	87.0	-72.5
2026-06-23T23:53:03.862832	86.0	-73.0
2026-06-23T23:53:03.862900	85.0	-74.0
2026-06-23T23:53:03.862966	90.0	-73.0
2026-06-23T23:53:03.863035	82.0	-71.5
2026-06-23T23:53:03.863106	84.0	-71.0
2026-06-23T23:53:03.863174	88.0	-71.5
2026-06-23T23:53:13.260233	111.0	-73.0
2026-06-23T23:53:13.260357	113.0	-70.5
2026-06-23T23:53:13.260443	111.0	-73.5
2026-06-23T23:53:13.260519	99.0	-76.0
2026-06-23T23:53:13.260589	108.0	-75.0
2026-06-23T23:53:13.260656	104.0	-79.5
2026-06-23T23:53:13.260727	104.0	-78.0
2026-06-23T23:53:13.260794	108.0	-78.5
2026-06-23T23:53:13.260863	95.0	-77.5
2026-06-23T23:53:13.260933	88.0	-74.0
2026-06-23T23:53:21.970543	73.0	-76.0
2026-06-23T23:53:21.970668	77.0	-69.5
2026-06-23T23:53:21.970754	75.0	-68.0
2026-06-23T23:53:21.970835	66.0	-70.5
2026-06-23T23:53:21.970908	62.0	-74.5
2026-06-23T23:53:21.970979	52.0	-75.5
2026-06-23T23:53:21.971049	54.0	-76.0
2026-06-23T23:53:21.971116	58.0	-74.0
2026-06-23T23:53:21.971181	60.0	-74.5
2026-06-23T23:53:21.971252	59.0	-74.0
2026-06-23T23:53:21.971321	63.0	-74.0
2026-06-23T23:53:21.971388	77.0	-74.5
2026-06-23T23:53:21.971458	71.0	-75.0
2026-06-23T23:53:31.240066	75.0	-64.5
2026-06-23T23:53:31.240210	77.0	-64.0
2026-06-23T23:53:31.240283	74.0	-64.0
2026-06-23T23:53:31.240355	77.0	-64.0
2026-06-23T23:53:31.240425	73.0	-64.0
2026-06-23T23:53:31.240492	76.0	-64.0
2026-06-23T23:53:31.240560	76.0	-64.0
2026-06-23T23:53:31.240627	77.0	-62.5
2026-06-23T23:53:31.240695	73.0	-63.5
2026-06-23T23:53:31.240765	77.0	-63.5
2026-06-23T23:53:31.240835	79.0	-63.5
2026-06-23T23:53:40.127122	81.0	-69.0
2026-06-23T23:53:40.127245	81.0	-69.0
2026-06-23T23:53:40.127320	84.0	-69.5
2026-06-23T23:53:40.127415	80.0	-70.0
2026-06-23T23:53:40.127488	81.0	-70.0
2026-06-23T23:53:40.127559	79.0	-71.0
2026-06-23T23:53:40.127629	66.0	-79.5
2026-06-23T23:53:40.127701	64.0	-77.0
2026-06-23T23:53:40.127767	58.0	-79.0
2026-06-23T23:53:40.127835	79.0	-72.0
2026-06-23T23:53:40.127903	72.0	-77.5
2026-06-23T23:53:40.127975	74.0	-76.0
2026-06-23T23:53:40.128043	69.0	-78.0
2026-06-23T23:53:49.371568	87.0	-67.5
2026-06-23T23:53:49.371731	89.0	-70.0
2026-06-23T23:53:49.371806	90.0	-68.5
2026-06-23T23:53:49.371884	83.0	-70.0
2026-06-23T23:53:49.371957	92.0	-68.5
2026-06-23T23:53:49.372032	91.0	-69.0
2026-06-23T23:53:49.372102	91.0	-68.5
2026-06-23T23:53:49.372174	87.0	-70.0
2026-06-23T23:53:49.372244	86.0	-70.5
2026-06-23T23:53:49.372318	77.0	-72.0
2026-06-23T23:56:20.753251	102.0	-74.5
2026-06-23T23:56:20.753439	103.0	-72.5
2026-06-23T23:56:20.753527	101.0	-73.5
2026-06-23T23:56:20.753600	102.0	-73.5
2026-06-23T23:56:20.753741	100.0	-73.0
2026-06-23T23:56:20.753816	96.0	-75.0
2026-06-23T23:56:20.753884	96.0	-75.5
2026-06-23T23:56:20.753954	89.0	-75.5
2026-06-23T23:56:20.754021	91.0	-74.5
2026-06-23T23:56:20.754090	93.0	-75.0
2026-06-23T23:56:20.754154	97.0	-75.0
2026-06-23T23:56:20.754218	91.0	-76.0
2026-06-23T23:56:29.743796	39.0	-75.0
2026-06-23T23:56:29.743918	43.0	-74.0
2026-06-23T23:56:29.743990	45.0	-73.0
2026-06-23T23:56:29.744069	51.0	-72.0
2026-06-23T23:56:29.744138	50.0	-72.5
2026-06-23T23:56:29.744219	46.0	-72.5
2026-06-23T23:56:29.744290	45.0	-74.0
2026-06-23T23:56:29.744358	44.0	-74.0
2026-06-23T23:56:29.744423	44.0	-75.0
2026-06-23T23:56:29.744488	46.0	-76.5
2026-06-23T23:56:29.744554	39.0	-75.5
2026-06-23T23:56:29.744623	40.0	-72.5
2026-06-23T23:56:29.744690	42.0	-75.0
2026-06-23T23:56:38.837257	84.0	-72.0
2026-06-23T23:56:38.837380	88.0	-73.0
2026-06-23T23:56:38.837455	80.0	-75.0
2026-06-23T23:56:38.837535	70.0	-76.5
2026-06-23T23:56:38.837616	81.0	-76.0
2026-06-23T23:56:38.837767	78.0	-78.5
2026-06-23T23:56:38.837843	81.0	-72.5
2026-06-23T23:56:38.837913	73.0	-74.5
2026-06-23T23:56:38.837984	67.0	-75.0
2026-06-23T23:56:38.838053	70.0	-75.0
2026-06-23T23:56:38.838119	76.0	-73.0
2026-06-23T23:56:38.838183	78.0	-73.0
2026-06-23T23:56:38.838247	68.0	-73.0
2026-06-23T23:56:47.931399	62.0	-64.5
2026-06-23T23:56:47.931533	64.0	-63.5
2026-06-23T23:56:47.931609	65.0	-61.5
2026-06-23T23:56:47.931691	69.0	-62.0
2026-06-23T23:56:47.931760	63.0	-63.5
2026-06-23T23:56:47.931828	61.0	-64.0
2026-06-23T23:56:47.931895	62.0	-62.0
2026-06-23T23:56:47.931961	57.0	-63.0
2026-06-23T23:56:47.932026	61.0	-62.5
2026-06-23T23:56:47.932095	64.0	-63.0
2026-06-23T23:56:47.932160	60.0	-63.5
2026-06-23T23:56:47.932229	63.0	-63.0
2026-06-23T23:56:47.932293	63.0	-62.0
2026-06-23T23:56:57.006791	70.0	-64.5
2026-06-23T23:56:57.006927	74.0	-64.5
2026-06-23T23:56:57.007005	70.0	-65.0
2026-06-23T23:56:57.007085	70.0	-65.0
2026-06-23T23:56:57.007154	75.0	-65.0
2026-06-23T23:56:57.007223	73.0	-65.0
2026-06-23T23:56:57.007290	75.0	-64.5
2026-06-23T23:56:57.007361	73.0	-65.0
2026-06-23T23:56:57.007427	74.0	-64.5
2026-06-23T23:56:57.007495	75.0	-64.0
2026-06-23T23:56:57.007561	74.0	-65.0
2026-06-23T23:56:57.007624	77.0	-64.0
2026-06-23T23:56:57.007688	84.0	-68.5
2026-06-23T23:57:06.060440	70.0	-64.0
2026-06-23T23:57:06.060564	71.0	-62.0
2026-06-23T23:57:06.060645	69.0	-63.5
2026-06-23T23:57:06.060727	69.0	-62.5
2026-06-23T23:57:06.060800	67.0	-61.0
2026-06-23T23:57:06.060866	72.0	-62.0
2026-06-23T23:57:06.060932	70.0	-63.5
2026-06-23T23:57:06.061001	71.0	-64.0
2026-06-23T23:57:06.061067	70.0	-64.0
2026-06-23T23:57:06.061134	70.0	-64.0
2026-06-23T23:57:06.061199	71.0	-63.5
2026-06-23T23:57:06.061266	72.0	-64.0
2026-06-23T23:57:15.147269	77.0	-67.0
2026-06-23T23:57:15.147392	80.0	-68.5
2026-06-23T23:57:15.147487	79.0	-70.0
2026-06-23T23:57:15.147559	74.0	-70.0
2026-06-23T23:57:15.147629	71.0	-74.0
2026-06-23T23:57:15.147697	78.0	-68.0
2026-06-23T23:57:15.147763	80.0	-65.5
2026-06-23T23:57:15.147830	62.0	-61.0
2026-06-23T23:57:15.147897	53.0	-63.5
2026-06-23T23:57:15.147966	60.0	-64.0
2026-06-23T23:57:15.148032	55.0	-64.0
2026-06-23T23:57:15.148099	60.0	-59.5
2026-06-23T23:57:24.182324	65.0	-61.0
2026-06-23T23:57:24.182447	67.0	-64.5
2026-06-23T23:57:24.182540	58.0	-64.5
2026-06-23T23:57:24.182614	57.0	-64.0
2026-06-23T23:57:24.182683	57.0	-63.5
2026-06-23T23:57:24.182752	61.0	-60.0
2026-06-23T23:57:24.182819	59.0	-60.0
2026-06-23T23:57:24.182884	68.0	-60.0
2026-06-23T23:57:24.182950	69.0	-63.0
2026-06-23T23:57:24.183017	67.0	-62.5
2026-06-23T23:57:24.183085	70.0	-66.0
2026-06-23T23:57:24.183151	71.0	-62.0
2026-06-23T23:57:33.573527	77.0	-64.5
2026-06-23T23:57:33.573731	76.0	-65.0
2026-06-23T23:57:33.573813	79.0	-65.0
2026-06-23T23:57:33.573885	77.0	-64.5
2026-06-23T23:57:33.573956	77.0	-65.0
2026-06-23T23:57:33.574023	77.0	-63.5
2026-06-23T23:57:33.574093	74.0	-62.5
2026-06-23T23:57:33.574162	78.0	-62.0
2026-06-23T23:57:33.574228	78.0	-64.0
2026-06-23T23:57:33.574293	75.0	-65.5
2026-06-23T23:57:42.302174	75.0	-65.0
2026-06-23T23:57:42.302299	77.0	-64.5
2026-06-23T23:57:42.302384	75.0	-64.5
2026-06-23T23:57:42.302467	74.0	-65.0
2026-06-23T23:57:42.302536	75.0	-65.0
2026-06-23T23:57:42.302603	72.0	-65.5
2026-06-23T23:57:42.302675	73.0	-65.0
2026-06-23T23:57:42.302742	75.0	-65.0
2026-06-23T23:57:42.302807	76.0	-65.0
2026-06-23T23:57:42.302872	73.0	-66.0
2026-06-23T23:57:42.302938	72.0	-65.0
2026-06-23T23:57:42.303003	74.0	-65.5
2026-06-23T23:57:42.303070	77.0	-65.0
2026-06-23T23:57:51.419283	73.0	-65.5
2026-06-23T23:57:51.419417	73.0	-65.0
2026-06-23T23:57:51.419491	77.0	-65.0
2026-06-23T23:57:51.419569	76.0	-64.5
2026-06-23T23:57:51.419641	74.0	-65.0
2026-06-23T23:57:51.419709	73.0	-65.0
2026-06-23T23:57:51.419775	71.0	-65.0
2026-06-23T23:57:51.419840	75.0	-65.0
2026-06-23T23:57:51.419907	74.0	-63.0
2026-06-23T23:57:51.419973	77.0	-64.5
2026-06-23T23:57:51.420042	75.0	-63.5
2026-06-23T23:57:51.420110	69.0	-64.0
2026-06-23T23:57:51.420177	72.0	-65.0
2026-06-23T23:58:00.436978	53.0	-63.0
2026-06-23T23:58:00.437100	53.0	-62.5
2026-06-23T23:58:00.437184	64.0	-61.0
2026-06-23T23:58:00.437262	62.0	-63.0
2026-06-23T23:58:00.437328	69.0	-60.0
2026-06-23T23:58:00.437395	72.0	-60.5
2026-06-23T23:58:00.437464	72.0	-62.0
2026-06-23T23:58:00.437532	72.0	-59.5
2026-06-23T23:58:00.437601	63.0	-64.5
2026-06-23T23:58:00.437728	58.0	-65.0
2026-06-23T23:58:00.437868	59.0	-65.0
2026-06-23T23:58:00.437935	57.0	-65.0
2026-06-23T23:58:00.438001	70.0	-59.5
2026-06-23T23:58:09.498499	151.0	-71.5
2026-06-23T23:58:09.498634	152.0	-73.0
2026-06-23T23:58:09.498709	148.0	-73.0
2026-06-23T23:58:09.498786	154.0	-70.5
2026-06-23T23:58:09.498858	154.0	-70.5
2026-06-23T23:58:09.498930	158.0	-70.5
2026-06-23T23:58:09.498998	158.0	-70.5
2026-06-23T23:58:09.499065	154.0	-69.5
2026-06-23T23:58:09.499136	158.0	-70.5
2026-06-23T23:58:09.499206	159.0	-70.0
2026-06-23T23:58:09.499273	152.0	-71.0
2026-06-23T23:58:09.499337	147.0	-74.0
2026-06-23T23:58:09.499402	152.0	-73.0
2026-06-23T23:58:18.766569	118.0	-72.5
2026-06-23T23:58:18.766711	122.0	-71.5
2026-06-23T23:58:18.766788	122.0	-70.5
2026-06-23T23:58:18.766863	126.0	-70.5
2026-06-23T23:58:18.766936	124.0	-71.5
2026-06-23T23:58:18.767007	123.0	-72.5
2026-06-23T23:58:18.767078	122.0	-72.0
2026-06-23T23:58:18.767145	123.0	-72.5
2026-06-23T23:58:18.767217	121.0	-73.0
2026-06-23T23:58:18.767285	120.0	-73.0
2026-06-23T23:58:18.767353	122.0	-72.0
2026-06-23T23:58:27.850287	121.0	-75.0
2026-06-23T23:58:27.850420	121.0	-71.5
2026-06-23T23:58:27.850505	121.0	-73.5
2026-06-23T23:58:27.850580	116.0	-71.5
2026-06-23T23:58:27.850652	113.0	-73.5
2026-06-23T23:58:27.850722	120.0	-72.0
2026-06-23T23:58:27.850789	116.0	-73.5
2026-06-23T23:58:27.850859	114.0	-72.0
2026-06-23T23:58:27.850926	118.0	-72.5
2026-06-23T23:58:27.850998	112.0	-71.0
2026-06-23T23:58:27.851063	114.0	-69.0
2026-06-23T23:58:36.931846	115.0	-69.5
2026-06-23T23:58:36.931914	111.0	-69.0
2026-06-23T23:58:36.931938	112.0	-69.0
2026-06-23T23:58:36.931962	115.0	-68.5
2026-06-23T23:58:36.931986	112.0	-68.5
2026-06-23T23:58:36.932010	114.0	-69.0
2026-06-23T23:58:36.932032	114.0	-69.0
2026-06-23T23:58:36.932054	112.0	-69.0
2026-06-23T23:58:36.932075	113.0	-69.5
2026-06-23T23:58:36.932098	114.0	-69.0
2026-06-23T23:58:36.932120	114.0	-69.0
2026-06-23T23:58:45.776773	113.0	-69.5
2026-06-23T23:58:45.776933	115.0	-69.0
2026-06-23T23:58:45.777012	116.0	-71.0
2026-06-23T23:58:45.777096	116.0	-72.0
2026-06-23T23:58:45.777169	119.0	-71.0
2026-06-23T23:58:45.777241	114.0	-70.0
2026-06-23T23:58:45.777310	114.0	-69.0
2026-06-23T23:58:45.777378	120.0	-71.0
2026-06-23T23:58:45.777445	115.0	-71.0
2026-06-23T23:58:45.777513	114.0	-71.0
2026-06-23T23:58:45.777583	116.0	-71.0
2026-06-23T23:58:45.777652	115.0	-70.0
2026-06-23T23:58:45.777808	112.0	-71.5
2026-06-23T23:58:54.828528	119.0	-73.5
2026-06-23T23:58:54.828662	117.0	-72.5
2026-06-23T23:58:54.828739	120.0	-74.5
2026-06-23T23:58:54.828823	120.0	-73.5
2026-06-23T23:58:54.828895	124.0	-75.5
2026-06-23T23:58:54.828965	118.0	-74.0
2026-06-23T23:58:54.829032	123.0	-75.0
2026-06-23T23:58:54.829098	122.0	-72.5
2026-06-23T23:58:54.829167	124.0	-73.5
2026-06-23T23:58:54.829235	121.0	-74.0
2026-06-23T23:58:54.829302	122.0	-75.0
2026-06-23T23:58:54.829365	113.0	-73.0
2026-06-23T23:58:54.829437	123.0	-73.5
2026-06-23T23:59:03.906193	120.0	-78.0
2026-06-23T23:59:03.906354	119.0	-76.0
2026-06-23T23:59:03.906433	116.0	-81.5
2026-06-23T23:59:03.906521	115.0	-80.0
2026-06-23T23:59:03.906594	122.0	-78.5
2026-06-23T23:59:03.906669	134.0	-76.5
2026-06-23T23:59:03.906744	148.0	-73.0
2026-06-23T23:59:03.906813	143.0	-75.5
2026-06-23T23:59:03.906884	139.0	-76.0
2026-06-23T23:59:03.906961	163.0	-72.5
2026-06-23T23:59:12.910426	154.0	-76.5
2026-06-23T23:59:12.910562	154.0	-75.5
2026-06-23T23:59:12.910648	152.0	-74.5
2026-06-23T23:59:12.910724	153.0	-75.0
2026-06-23T23:59:12.910794	153.0	-74.5
2026-06-23T23:59:12.910864	157.0	-74.0
2026-06-23T23:59:12.910932	154.0	-74.5
2026-06-23T23:59:12.911001	159.0	-75.0
2026-06-23T23:59:12.911069	156.0	-75.0
2026-06-23T23:59:12.911136	152.0	-74.0
2026-06-23T23:59:12.911204	155.0	-75.0
2026-06-23T23:59:12.911271	158.0	-74.0
2026-06-23T23:59:21.969658	145.0	-68.0
2026-06-23T23:59:21.969855	144.0	-68.0
2026-06-23T23:59:21.969937	145.0	-68.5
2026-06-23T23:59:21.970017	149.0	-67.5
2026-06-23T23:59:21.970092	149.0	-68.5
2026-06-23T23:59:21.970165	147.0	-69.0
2026-06-23T23:59:21.970231	146.0	-67.5
2026-06-23T23:59:21.970298	150.0	-67.0
2026-06-23T23:59:21.970365	145.0	-67.5
2026-06-23T23:59:21.970436	146.0	-67.5
2026-06-23T23:59:21.970504	146.0	-67.0
2026-06-23T23:59:21.970571	150.0	-67.5
2026-06-23T23:59:31.032957	146.0	-67.0
2026-06-23T23:59:31.033080	146.0	-68.0
2026-06-23T23:59:31.033164	145.0	-67.5
2026-06-23T23:59:31.033246	144.0	-68.0
2026-06-23T23:59:31.033317	145.0	-67.5
2026-06-23T23:59:31.033388	144.0	-66.5
2026-06-23T23:59:31.033457	146.0	-67.5
2026-06-23T23:59:31.033528	147.0	-67.0
2026-06-23T23:59:31.033595	143.0	-67.0
2026-06-23T23:59:31.033726	144.0	-67.0
2026-06-23T23:59:31.033802	142.0	-67.5
2026-06-23T23:59:31.033872	144.0	-67.0
2026-06-23T23:59:40.091672	146.0	-67.5
2026-06-23T23:59:40.091807	146.0	-68.0
2026-06-23T23:59:40.091890	146.0	-68.5
2026-06-23T23:59:40.091962	146.0	-67.5
2026-06-23T23:59:40.092035	143.0	-67.5
2026-06-23T23:59:40.092105	146.0	-67.5
2026-06-23T23:59:40.092174	145.0	-69.0
2026-06-23T23:59:40.092242	145.0	-69.5
2026-06-23T23:59:40.092310	145.0	-70.0
2026-06-23T23:59:40.092379	144.0	-69.5
2026-06-23T23:59:40.092449	146.0	-69.0
2026-06-23T23:59:40.092516	138.0	-69.5
2026-06-23T23:59:49.154390	146.0	-69.0
2026-06-23T23:59:49.154516	146.0	-68.0
2026-06-23T23:59:49.154598	145.0	-67.0
2026-06-23T23:59:49.154668	147.0	-68.0
2026-06-23T23:59:49.154735	145.0	-68.5
2026-06-23T23:59:49.154811	145.0	-68.5
2026-06-23T23:59:49.154879	146.0	-68.0
2026-06-23T23:59:49.154948	143.0	-67.5
2026-06-23T23:59:49.155015	144.0	-67.5
2026-06-23T23:59:49.155085	145.0	-67.0
2026-06-23T23:59:49.155149	143.0	-67.5
2026-06-23T23:59:49.155216	140.0	-67.0
2026-06-23T23:59:58.218309	145.0	-67.0
2026-06-23T23:59:58.218435	144.0	-67.5
2026-06-23T23:59:58.218523	143.0	-67.5
2026-06-23T23:59:58.218609	145.0	-67.5
2026-06-23T23:59:58.218685	147.0	-66.5
2026-06-23T23:59:58.218757	143.0	-68.0
2026-06-23T23:59:58.218826	145.0	-68.5
2026-06-23T23:59:58.218894	144.0	-67.5
2026-06-23T23:59:58.218967	144.0	-68.0
2026-06-23T23:59:58.219035	145.0	-67.5
2026-06-23T23:59:58.219104	145.0	-67.0
2026-06-23T23:59:58.219172	145.0	-68.5
2026-06-23T23:59:58.219240	146.0	-67.5
2026-06-24T00:00:07.611083	145.0	-67.5
2026-06-24T00:00:07.611145	143.0	-69.0
2026-06-24T00:00:07.611171	144.0	-68.5
2026-06-24T00:00:07.611196	143.0	-68.0
2026-06-24T00:00:07.611220	142.0	-68.5
2026-06-24T00:00:07.611244	144.0	-69.0
2026-06-24T00:00:07.611266	142.0	-68.5
2026-06-24T00:00:07.611289	143.0	-67.5
2026-06-24T00:00:07.611312	145.0	-67.5
2026-06-24T00:00:07.611335	145.0	-68.0
2026-06-24T00:00:16.367173	141.0	-69.0
2026-06-24T00:00:16.367301	141.0	-68.5
2026-06-24T00:00:16.367387	145.0	-68.5
2026-06-24T00:00:16.367470	143.0	-68.5
2026-06-24T00:00:16.367545	144.0	-67.5
2026-06-24T00:00:16.367617	145.0	-68.0
2026-06-24T00:00:16.367684	147.0	-68.5
2026-06-24T00:00:16.367752	145.0	-68.0
2026-06-24T00:00:16.367819	143.0	-68.0
2026-06-24T00:00:16.367887	141.0	-69.5
2026-06-24T00:00:16.367956	144.0	-68.5
2026-06-24T00:00:16.368027	143.0	-68.5
2026-06-24T00:00:16.368094	141.0	-69.5
2026-06-24T00:00:25.431235	137.0	-66.5
2026-06-24T00:00:25.431369	142.0	-66.5
2026-06-24T00:00:25.431449	140.0	-66.0
2026-06-24T00:00:25.431532	138.0	-67.0
2026-06-24T00:00:25.431604	138.0	-69.5
2026-06-24T00:00:25.431675	134.0	-69.5
2026-06-24T00:00:25.431747	129.0	-75.5
2026-06-24T00:00:25.431817	150.0	-80.5
2026-06-24T00:00:25.431887	163.0	-75.5
2026-06-24T00:00:25.431960	166.0	-75.5
2026-06-24T00:00:25.432030	167.0	-73.5
2026-06-24T00:00:25.432099	175.0	-76.0
2026-06-24T00:00:25.432165	204.0	-73.5
2026-06-24T00:00:34.497602	281.0	-79.5
2026-06-24T00:00:34.497815	224.0	-81.5
2026-06-24T00:00:34.497896	189.0	-82.0
2026-06-24T00:00:34.497979	198.0	-80.0
2026-06-24T00:00:34.498050	186.0	-80.0
2026-06-24T00:00:34.498119	178.0	-80.0
2026-06-24T00:00:34.498185	179.0	-78.5
2026-06-24T00:00:34.498256	165.0	-80.0
2026-06-24T00:00:34.498321	149.0	-82.0
2026-06-24T00:00:34.498389	148.0	-79.5
2026-06-24T00:00:34.498459	142.0	-79.0
2026-06-24T00:00:34.498524	140.0	-78.0
2026-06-24T00:00:34.498592	135.0	-77.5
2026-06-24T00:00:43.558224	91.0	-65.5
2026-06-24T00:00:43.558362	93.0	-66.5
2026-06-24T00:00:43.558443	90.0	-67.0
2026-06-24T00:00:43.558525	84.0	-70.0
2026-06-24T00:00:43.558595	84.0	-69.0
2026-06-24T00:00:43.558665	88.0	-69.0
2026-06-24T00:00:43.558733	87.0	-68.0
2026-06-24T00:00:43.558800	86.0	-67.0
2026-06-24T00:00:43.558867	91.0	-66.5
2026-06-24T00:00:43.558939	93.0	-66.5
2026-06-24T00:00:43.559010	90.0	-66.5
2026-06-24T00:00:43.559079	89.0	-65.5
2026-06-24T00:00:43.559149	84.0	-66.5
2026-06-24T00:00:52.836733	72.0	-64.5
2026-06-24T00:00:52.836884	75.0	-64.5
2026-06-24T00:00:52.836963	71.0	-63.5
2026-06-24T00:00:52.837039	71.0	-64.0
2026-06-24T00:00:52.837110	70.0	-63.0
2026-06-24T00:00:52.837180	67.0	-64.5
2026-06-24T00:00:52.837252	71.0	-65.0
2026-06-24T00:00:52.837322	70.0	-65.5
2026-06-24T00:00:52.837393	72.0	-66.0
2026-06-24T00:00:52.837465	80.0	-67.0
2026-06-24T00:00:52.837535	76.0	-68.0
2026-06-24T00:01:01.653928	79.0	-65.5
2026-06-24T00:01:01.654066	78.0	-66.0
2026-06-24T00:01:01.654141	80.0	-65.5
2026-06-24T00:01:01.654226	78.0	-65.5
2026-06-24T00:01:01.654298	77.0	-65.0
2026-06-24T00:01:01.654366	76.0	-66.0
2026-06-24T00:01:01.654432	78.0	-65.0
2026-06-24T00:01:01.654498	81.0	-65.0
2026-06-24T00:01:01.654563	78.0	-65.0
2026-06-24T00:01:01.654629	77.0	-65.5
2026-06-24T00:01:01.654698	79.0	-65.5
2026-06-24T00:01:01.654767	78.0	-65.0
2026-06-24T00:01:01.654833	75.0	-66.0
2026-06-24T00:01:10.750978	56.0	-72.0
2026-06-24T00:01:10.751103	42.0	-71.0
2026-06-24T00:01:10.751177	62.0	-71.0
2026-06-24T00:01:10.751258	68.0	-70.0
2026-06-24T00:01:10.751327	92.0	-72.5
2026-06-24T00:01:10.751406	110.0	-71.5
2026-06-24T00:01:10.751476	74.0	-74.0
2026-06-24T00:01:10.751545	76.0	-71.0
2026-06-24T00:01:10.751612	85.0	-69.0
2026-06-24T00:01:10.751680	86.0	-67.5
2026-06-24T00:01:10.751753	85.0	-67.0
2026-06-24T00:01:10.751819	84.0	-67.5
2026-06-24T00:01:10.751887	85.0	-68.5
2026-06-24T00:01:19.788200	79.0	-63.0
2026-06-24T00:01:19.788323	72.0	-64.5
2026-06-24T00:01:19.788407	66.0	-70.5
2026-06-24T00:01:19.788490	75.0	-60.5
2026-06-24T00:01:19.788562	69.0	-64.5
2026-06-24T00:01:19.788633	71.0	-64.5
2026-06-24T00:01:19.788702	72.0	-63.5
2026-06-24T00:01:19.788772	73.0	-62.5
2026-06-24T00:01:19.788842	76.0	-61.0
2026-06-24T00:01:19.788909	75.0	-62.0
2026-06-24T00:01:19.788975	72.0	-63.0
2026-06-24T00:01:19.789039	75.0	-62.0
2026-06-24T00:01:19.789104	72.0	-62.0
2026-06-24T00:01:28.875479	70.0	-61.5
2026-06-24T00:01:28.875615	68.0	-61.0
2026-06-24T00:01:28.875691	69.0	-61.5
2026-06-24T00:01:28.875775	51.0	-70.0
2026-06-24T00:01:28.875847	94.0	-69.5
2026-06-24T00:01:28.875919	67.0	-70.0
2026-06-24T00:01:28.875986	67.0	-67.0
2026-06-24T00:01:28.876051	87.0	-70.0
2026-06-24T00:01:28.876115	81.0	-72.0
2026-06-24T00:01:28.876183	82.0	-73.5
2026-06-24T00:01:28.876251	85.0	-74.0
2026-06-24T00:01:28.876320	125.0	-72.0
2026-06-24T00:01:28.876386	120.0	-71.0
2026-06-24T00:01:37.919350	94.0	-72.0
2026-06-24T00:01:37.919474	89.0	-73.0
2026-06-24T00:01:37.919557	77.0	-77.0
2026-06-24T00:01:37.919626	69.0	-77.0
2026-06-24T00:01:37.919694	80.0	-72.0
2026-06-24T00:01:37.919763	83.0	-73.0
2026-06-24T00:01:37.919831	89.0	-71.5
2026-06-24T00:01:37.919910	72.0	-72.5
2026-06-24T00:01:37.919980	73.0	-70.0
2026-06-24T00:01:37.920048	75.0	-70.5
2026-06-24T00:01:37.920117	72.0	-69.5
2026-06-24T00:01:37.920187	71.0	-69.0
2026-06-24T00:01:46.972437	121.0	-69.0
2026-06-24T00:01:46.972604	119.0	-69.0
2026-06-24T00:01:46.972689	101.0	-71.0
2026-06-24T00:01:46.972781	106.0	-69.5
2026-06-24T00:01:46.972874	107.0	-70.0
2026-06-24T00:01:46.972949	104.0	-69.0
2026-06-24T00:01:46.973021	105.0	-68.5
2026-06-24T00:01:46.973102	104.0	-66.5
2026-06-24T00:01:46.973177	105.0	-64.0
2026-06-24T00:01:46.973252	105.0	-64.0
2026-06-24T00:01:46.973325	100.0	-65.0
2026-06-24T00:01:46.973400	98.0	-65.0
2026-06-24T00:01:46.973473	102.0	-63.0
2026-06-24T00:01:56.030168	141.0	-70.0
2026-06-24T00:01:56.030292	128.0	-70.5
2026-06-24T00:01:56.030385	126.0	-70.0
2026-06-24T00:01:56.030459	123.0	-69.0
2026-06-24T00:01:56.030528	119.0	-67.5
2026-06-24T00:01:56.030599	121.0	-66.0
2026-06-24T00:01:56.030666	119.0	-65.0
2026-06-24T00:01:56.030731	122.0	-65.5
2026-06-24T00:01:56.030802	128.0	-67.0
2026-06-24T00:01:56.030871	129.0	-68.5
2026-06-24T00:01:56.030938	128.0	-69.5
2026-06-24T00:01:56.031007	127.0	-69.5
2026-06-24T00:02:05.073319	105.0	-66.0
2026-06-24T00:02:05.073500	107.0	-64.5
2026-06-24T00:02:05.073606	97.0	-67.5
2026-06-24T00:02:05.073825	103.0	-67.0
2026-06-24T00:02:05.073923	106.0	-66.5
2026-06-24T00:02:05.074006	113.0	-65.0
2026-06-24T00:02:05.074079	109.0	-68.0
2026-06-24T00:02:05.074150	115.0	-66.0
2026-06-24T00:02:05.074226	117.0	-65.0
2026-06-24T00:02:05.074300	118.0	-68.5
2026-06-24T00:02:05.074385	120.0	-70.5
2026-06-24T00:02:05.074466	122.0	-72.0
2026-06-24T00:02:05.074539	131.0	-71.5
2026-06-24T00:02:14.106506	117.0	-66.0
2026-06-24T00:02:14.106630	112.0	-66.0
2026-06-24T00:02:14.106705	111.0	-65.5
2026-06-24T00:02:14.106798	109.0	-61.5
2026-06-24T00:02:14.106870	110.0	-64.0
2026-06-24T00:02:14.106941	117.0	-62.5
2026-06-24T00:02:14.107013	124.0	-65.0
2026-06-24T00:02:14.107081	121.0	-68.0
2026-06-24T00:02:14.107147	125.0	-67.5
2026-06-24T00:02:14.107218	125.0	-69.0
2026-06-24T00:02:14.107286	132.0	-65.0
2026-06-24T00:02:14.107352	133.0	-63.5
2026-06-24T00:02:14.107420	140.0	-64.0
2026-06-24T00:02:23.302784	154.0	-68.5
2026-06-24T00:02:23.302919	152.0	-68.5
2026-06-24T00:02:23.303006	156.0	-68.5
2026-06-24T00:02:23.303081	159.0	-68.5
2026-06-24T00:02:23.303155	157.0	-68.5
2026-06-24T00:02:23.303227	157.0	-67.5
2026-06-24T00:02:23.303300	160.0	-68.5
2026-06-24T00:02:23.303374	159.0	-69.0
2026-06-24T00:02:23.303444	156.0	-68.5
2026-06-24T00:02:23.303515	160.0	-67.0
2026-06-24T00:02:23.303584	159.0	-67.5
2026-06-24T00:02:23.303655	159.0	-68.5
2026-06-24T00:02:32.224708	160.0	-66.5
2026-06-24T00:02:32.224845	156.0	-68.0
2026-06-24T00:02:32.224921	157.0	-68.0
2026-06-24T00:02:32.225003	155.0	-67.5
2026-06-24T00:02:32.225076	161.0	-67.0
2026-06-24T00:02:32.225146	162.0	-67.0
2026-06-24T00:02:32.225215	158.0	-67.5
2026-06-24T00:02:32.225288	156.0	-66.5
2026-06-24T00:02:32.225357	159.0	-66.5
2026-06-24T00:02:32.225427	159.0	-67.5
2026-06-24T00:02:32.225497	159.0	-67.0
2026-06-24T00:02:32.225563	158.0	-67.0
2026-06-24T00:02:32.225631	160.0	-67.0
2026-06-24T00:02:41.300475	158.0	-67.5
2026-06-24T00:02:41.300640	155.0	-68.0
2026-06-24T00:02:41.300719	156.0	-67.5
2026-06-24T00:02:41.300808	156.0	-67.5
2026-06-24T00:02:41.300885	156.0	-68.0
2026-06-24T00:02:41.300955	156.0	-67.5
2026-06-24T00:02:41.301027	154.0	-68.0
2026-06-24T00:02:41.301095	157.0	-66.5
2026-06-24T00:02:41.301165	160.0	-67.5
2026-06-24T00:02:41.301239	154.0	-67.0
2026-06-24T00:02:41.301310	159.0	-67.0
2026-06-24T00:02:41.301380	158.0	-67.5
2026-06-24T00:02:41.301451	160.0	-67.0
2026-06-24T00:02:50.362167	158.0	-67.5
2026-06-24T00:02:50.362304	156.0	-67.5
2026-06-24T00:02:50.362382	160.0	-66.5
2026-06-24T00:02:50.362466	158.0	-67.5
2026-06-24T00:02:50.362540	157.0	-67.0
2026-06-24T00:02:50.362609	160.0	-68.0
2026-06-24T00:02:50.362677	159.0	-66.5
2026-06-24T00:02:50.362748	158.0	-66.5
2026-06-24T00:02:50.362817	158.0	-67.5
2026-06-24T00:02:50.362888	161.0	-67.0
2026-06-24T00:02:50.362953	155.0	-66.5
2026-06-24T00:02:50.363019	159.0	-64.5
2026-06-24T00:02:50.363087	152.0	-66.0
2026-06-24T00:02:59.414437	143.0	-77.5
2026-06-24T00:02:59.414576	141.0	-70.5
2026-06-24T00:02:59.414663	142.0	-72.0
2026-06-24T00:02:59.414736	150.0	-74.5
2026-06-24T00:02:59.414809	162.0	-74.5
2026-06-24T00:02:59.414879	139.0	-77.0
2026-06-24T00:02:59.414947	137.0	-75.0
2026-06-24T00:02:59.415012	145.0	-80.5
2026-06-24T00:02:59.415084	150.0	-73.5
2026-06-24T00:02:59.415154	158.0	-78.0
2026-06-24T00:02:59.415228	167.0	-79.5
2026-06-24T00:03:38.480458	165.0	-81.5
2026-06-24T00:03:38.480526	160.0	-81.5
2026-06-24T00:03:38.480553	170.0	-80.0
2026-06-24T00:03:38.480577	166.0	-80.5
2026-06-24T00:03:38.480602	173.0	-81.0
2026-06-24T00:03:38.480626	164.0	-81.0
2026-06-24T00:03:38.480648	163.0	-80.5
2026-06-24T00:03:38.480672	169.0	-81.0
2026-06-24T00:03:38.480694	174.0	-79.5
2026-06-24T00:03:38.480717	172.0	-81.0
2026-06-24T00:03:38.480739	169.0	-80.5
2026-06-24T00:03:47.232474	144.0	-71.0
2026-06-24T00:03:47.232600	149.0	-74.0
2026-06-24T00:03:47.232674	147.0	-77.0
2026-06-24T00:03:47.232753	158.0	-74.5
2026-06-24T00:03:47.232832	143.0	-76.0
2026-06-24T00:03:47.232902	159.0	-71.0
2026-06-24T00:03:47.232969	140.0	-75.0
2026-06-24T00:03:47.233037	152.0	-79.0
2026-06-24T00:03:47.233104	146.0	-78.0
2026-06-24T00:03:47.233170	149.0	-78.5
2026-06-24T00:03:47.233238	143.0	-79.5
2026-06-24T00:03:47.233306	147.0	-78.0
2026-06-24T00:03:47.233372	153.0	-76.5
2026-06-24T00:03:56.340568	135.0	-71.0
2026-06-24T00:03:56.340691	131.0	-71.5
2026-06-24T00:03:56.340786	132.0	-71.0
2026-06-24T00:03:56.340860	130.0	-71.5
2026-06-24T00:03:56.340931	133.0	-72.0
2026-06-24T00:03:56.341001	131.0	-71.0
2026-06-24T00:03:56.341068	133.0	-71.0
2026-06-24T00:03:56.341134	130.0	-71.0
2026-06-24T00:03:56.341201	130.0	-71.0
2026-06-24T00:03:56.341268	129.0	-70.0
2026-06-24T00:03:56.341336	132.0	-70.5
2026-06-24T00:03:56.341406	131.0	-70.5
2026-06-24T00:04:05.380453	123.0	-70.5
2026-06-24T00:04:05.380591	129.0	-71.5
2026-06-24T00:04:05.380670	127.0	-71.5
2026-06-24T00:04:05.380751	123.0	-71.0
2026-06-24T00:04:05.380823	124.0	-70.0
2026-06-24T00:04:05.380894	130.0	-71.0
2026-06-24T00:04:05.380961	129.0	-71.0
2026-06-24T00:04:05.381028	125.0	-71.5
2026-06-24T00:04:05.381095	127.0	-71.0
2026-06-24T00:04:05.381162	126.0	-71.0
2026-06-24T00:04:05.381227	130.0	-71.0
2026-06-24T00:04:05.381292	128.0	-70.5
2026-06-24T00:04:05.381360	129.0	-70.0
2026-06-24T00:04:14.373460	162.0	-74.0
2026-06-24T00:04:14.373516	160.0	-72.5
2026-06-24T00:04:14.373548	167.0	-74.0
2026-06-24T00:04:14.373576	165.0	-74.0
2026-06-24T00:04:14.373600	162.0	-73.5
2026-06-24T00:04:14.373623	162.0	-73.5
2026-06-24T00:04:14.373649	158.0	-73.5
2026-06-24T00:04:14.373716	161.0	-73.5
2026-06-24T00:04:14.373742	167.0	-71.5
2026-06-24T00:04:14.373765	169.0	-74.0
2026-06-24T00:04:14.373788	166.0	-72.5
2026-06-24T00:04:14.373811	169.0	-75.0
2026-06-24T00:04:23.481316	162.0	-75.5
2026-06-24T00:04:23.481454	170.0	-74.0
2026-06-24T00:04:23.481538	158.0	-76.0
2026-06-24T00:04:23.481609	154.0	-76.5
2026-06-24T00:04:23.481750	163.0	-74.5
2026-06-24T00:04:23.481826	147.0	-78.0
2026-06-24T00:04:23.481897	224.0	-78.0
2026-06-24T00:04:23.481973	122.0	-79.5
2026-06-24T00:04:23.482042	119.0	-76.5
2026-06-24T00:04:23.482113	125.0	-79.0
2026-06-24T00:04:23.482180	117.0	-81.5
2026-06-24T00:04:32.575070	77.0	-63.5
2026-06-24T00:04:32.575258	77.0	-65.0
2026-06-24T00:04:32.575341	78.0	-64.5
2026-06-24T00:04:32.575430	78.0	-64.5
2026-06-24T00:04:32.575508	78.0	-64.5
2026-06-24T00:04:32.575581	73.0	-64.5
2026-06-24T00:04:32.575654	79.0	-66.0
2026-06-24T00:04:32.575726	77.0	-66.0
2026-06-24T00:04:32.575796	79.0	-65.0
2026-06-24T00:04:32.575865	79.0	-65.5
2026-06-24T00:04:32.575937	76.0	-65.5
2026-06-24T00:04:32.576008	78.0	-65.5
2026-06-24T00:04:32.576077	77.0	-67.0
2026-06-24T00:04:41.566690	88.0	-71.0
2026-06-24T00:04:41.566819	113.0	-71.5
2026-06-24T00:04:41.566908	48.0	-71.5
2026-06-24T00:04:41.566994	78.0	-74.5
2026-06-24T00:04:41.567069	75.0	-73.0
2026-06-24T00:04:41.567139	70.0	-73.0
2026-06-24T00:04:41.567210	62.0	-75.0
2026-06-24T00:04:41.567279	84.0	-72.0
2026-06-24T00:04:41.567347	93.0	-71.0
2026-06-24T00:04:41.567417	92.0	-70.5
2026-06-24T00:04:41.567488	94.0	-70.0
2026-06-24T00:04:41.567557	96.0	-69.5
2026-06-24T00:04:41.567626	90.0	-71.0
2026-06-24T00:04:50.648506	80.0	-69.0
2026-06-24T00:04:50.648657	92.0	-67.0
2026-06-24T00:04:50.648733	90.0	-67.5
2026-06-24T00:04:50.648823	92.0	-66.5
2026-06-24T00:04:50.648900	90.0	-68.0
2026-06-24T00:04:50.648973	91.0	-66.5
2026-06-24T00:04:50.649046	88.0	-67.0
2026-06-24T00:04:50.649115	88.0	-68.0
2026-06-24T00:04:50.649183	86.0	-68.0
2026-06-24T00:04:50.649252	88.0	-67.5
2026-06-24T00:04:50.649323	88.0	-66.5
2026-06-24T00:04:59.689801	88.0	-65.5
2026-06-24T00:04:59.689937	83.0	-67.5
2026-06-24T00:04:59.690023	86.0	-67.0
2026-06-24T00:04:59.690094	86.0	-68.5
2026-06-24T00:04:59.690165	85.0	-68.0
2026-06-24T00:04:59.690234	84.0	-69.0
2026-06-24T00:04:59.690300	84.0	-68.5
2026-06-24T00:04:59.690370	84.0	-69.0
2026-06-24T00:04:59.690435	88.0	-67.0
2026-06-24T00:04:59.690501	88.0	-68.5
2026-06-24T00:04:59.690568	90.0	-68.5
2026-06-24T00:04:59.690640	89.0	-67.5
2026-06-24T00:05:08.703823	80.0	-81.0
2026-06-24T00:05:08.703947	71.0	-81.0
2026-06-24T00:05:08.704020	83.0	-81.0
2026-06-24T00:05:08.704101	77.0	-71.5
2026-06-24T00:05:08.704182	67.0	-79.5
2026-06-24T00:05:08.704257	72.0	-78.0
2026-06-24T00:05:08.704326	79.0	-74.0
2026-06-24T00:05:08.704395	93.0	-74.0
2026-06-24T00:05:08.704462	99.0	-75.0
2026-06-24T00:05:08.704529	99.0	-76.0
2026-06-24T00:05:08.704596	96.0	-80.0
2026-06-24T00:05:08.704662	97.0	-75.5
2026-06-24T00:05:08.704731	105.0	-75.5
2026-06-24T00:05:17.771258	146.0	-74.0
2026-06-24T00:05:17.771382	147.0	-75.5
2026-06-24T00:05:17.771468	152.0	-72.5
2026-06-24T00:05:17.771552	155.0	-71.0
2026-06-24T00:05:17.771622	160.0	-71.0
2026-06-24T00:05:17.771691	160.0	-70.5
2026-06-24T00:05:17.771761	158.0	-72.0
2026-06-24T00:05:17.771831	159.0	-72.0
2026-06-24T00:05:17.771897	154.0	-72.0
2026-06-24T00:05:17.771964	154.0	-71.5
2026-06-24T00:05:17.772031	154.0	-73.0
2026-06-24T00:05:17.772097	152.0	-72.0
2026-06-24T00:05:17.772162	148.0	-73.5
2026-06-24T00:05:26.839862	147.0	-76.5
2026-06-24T00:05:26.839999	147.0	-78.5
2026-06-24T00:05:26.840079	149.0	-78.0
2026-06-24T00:05:26.840162	150.0	-74.0
2026-06-24T00:05:26.840232	154.0	-74.0
2026-06-24T00:05:26.840302	155.0	-72.0
2026-06-24T00:05:26.840371	159.0	-71.5
2026-06-24T00:05:26.840442	157.0	-70.5
2026-06-24T00:05:26.840514	160.0	-71.0
2026-06-24T00:05:26.840582	158.0	-70.5
2026-06-24T00:05:26.840652	159.0	-71.5
2026-06-24T00:05:26.840723	159.0	-70.5
2026-06-24T00:05:26.840798	161.0	-70.0
2026-06-24T00:05:35.899948	160.0	-74.0
2026-06-24T00:05:35.900076	162.0	-77.5
2026-06-24T00:05:35.900164	157.0	-76.5
2026-06-24T00:05:35.900250	167.0	-74.0
2026-06-24T00:05:35.900322	180.0	-77.0
2026-06-24T00:05:35.900393	186.0	-76.5
2026-06-24T00:05:35.900467	175.0	-80.0
2026-06-24T00:05:35.900536	163.0	-79.5
2026-06-24T00:05:35.900609	153.0	-78.0
2026-06-24T00:05:35.900680	147.0	-81.5
2026-06-24T00:05:35.900753	148.0	-79.0
2026-06-24T00:05:35.900821	193.0	-79.0
2026-06-24T00:05:35.900889	182.0	-81.0
2026-06-24T00:05:44.962290	161.0	-72.5
2026-06-24T00:05:44.962431	167.0	-71.0
2026-06-24T00:05:44.962508	167.0	-72.0
2026-06-24T00:05:44.962588	167.0	-71.0
2026-06-24T00:05:44.962659	164.0	-71.0
2026-06-24T00:05:44.962727	165.0	-72.0
2026-06-24T00:05:44.962796	164.0	-71.5
2026-06-24T00:05:44.962866	161.0	-73.0
2026-06-24T00:05:44.962933	165.0	-71.0
2026-06-24T00:05:44.963002	166.0	-71.5
2026-06-24T00:05:44.963073	165.0	-71.0
2026-06-24T00:05:44.963139	169.0	-72.0
2026-06-24T00:05:44.963205	168.0	-72.0
2026-06-24T00:05:54.243228	168.0	-71.0
2026-06-24T00:05:54.243353	168.0	-72.0
2026-06-24T00:05:54.243428	169.0	-71.0
2026-06-24T00:05:54.243501	169.0	-71.0
2026-06-24T00:05:54.243570	167.0	-70.5
2026-06-24T00:05:54.243649	167.0	-71.0
2026-06-24T00:05:54.243718	167.0	-71.5
2026-06-24T00:05:54.243789	169.0	-71.5
2026-06-24T00:05:54.243859	168.0	-72.5
2026-06-24T00:05:54.243929	169.0	-71.0
2026-06-24T00:06:03.395266	166.0	-71.0
2026-06-24T00:06:03.395399	170.0	-70.5
2026-06-24T00:06:03.395486	169.0	-72.0
2026-06-24T00:06:03.395559	168.0	-72.0
2026-06-24T00:06:03.395629	170.0	-71.0
2026-06-24T00:06:03.395696	169.0	-72.0
2026-06-24T00:06:03.395763	165.0	-71.0
2026-06-24T00:06:03.395830	168.0	-71.0
2026-06-24T00:06:03.395898	169.0	-72.5
2026-06-24T00:06:03.395968	164.0	-71.5
2026-06-24T00:06:03.396037	165.0	-71.5
2026-06-24T00:06:12.149985	172.0	-72.5
2026-06-24T00:06:12.150124	165.0	-72.0
2026-06-24T00:06:12.150208	168.0	-73.5
2026-06-24T00:06:12.150285	167.0	-70.0
2026-06-24T00:06:12.150358	174.0	-71.0
2026-06-24T00:06:12.150428	168.0	-71.0
2026-06-24T00:06:12.150497	168.0	-70.0
2026-06-24T00:06:12.150563	170.0	-70.0
2026-06-24T00:06:12.150631	167.0	-73.0
2026-06-24T00:06:12.150700	170.0	-70.5
2026-06-24T00:06:12.150770	169.0	-71.5
2026-06-24T00:06:12.150839	169.0	-71.5
2026-06-24T00:06:21.541755	167.0	-71.5
2026-06-24T00:06:21.541901	166.0	-71.0
2026-06-24T00:06:21.541977	168.0	-71.0
2026-06-24T00:06:21.542049	171.0	-72.0
2026-06-24T00:06:21.542119	167.0	-71.0
2026-06-24T00:06:21.542188	167.0	-72.0
2026-06-24T00:06:21.542255	167.0	-73.5
2026-06-24T00:06:21.542325	162.0	-71.5
2026-06-24T00:06:21.542394	166.0	-71.5
2026-06-24T00:06:21.542464	167.0	-73.0
2026-06-24T00:06:21.542533	161.0	-72.5
2026-06-24T00:06:30.262072	163.0	-71.5
2026-06-24T00:06:30.262210	163.0	-71.5
2026-06-24T00:06:30.262288	164.0	-71.5
2026-06-24T00:06:30.262372	163.0	-72.5
2026-06-24T00:06:30.262446	161.0	-71.5
2026-06-24T00:06:30.262517	164.0	-71.0
2026-06-24T00:06:30.262585	163.0	-72.0
2026-06-24T00:06:30.262654	161.0	-71.0
2026-06-24T00:06:30.262721	163.0	-71.0
2026-06-24T00:06:30.262788	162.0	-71.0
2026-06-24T00:06:30.262855	164.0	-72.5
2026-06-24T00:06:30.262922	163.0	-72.0
2026-06-24T00:06:30.262989	165.0	-71.0
2026-06-24T00:06:39.322608	164.0	-71.5
2026-06-24T00:06:39.322747	165.0	-74.0
2026-06-24T00:06:39.322830	167.0	-72.0
2026-06-24T00:06:39.322903	163.0	-73.0
2026-06-24T00:06:39.322973	167.0	-72.0
2026-06-24T00:06:39.323042	162.0	-71.5
2026-06-24T00:06:39.323113	163.0	-74.0
2026-06-24T00:06:39.323182	164.0	-72.5
2026-06-24T00:06:39.323251	166.0	-72.0
2026-06-24T00:06:39.323319	166.0	-72.0
2026-06-24T00:06:39.323385	164.0	-72.0
2026-06-24T00:06:39.323452	170.0	-71.5
2026-06-24T00:06:48.378773	165.0	-73.0
2026-06-24T00:06:48.378900	167.0	-71.0
2026-06-24T00:06:48.378976	168.0	-70.5
2026-06-24T00:06:48.379071	172.0	-71.0
2026-06-24T00:06:48.379142	169.0	-70.5
2026-06-24T00:06:48.379214	168.0	-70.5
2026-06-24T00:06:48.379285	170.0	-70.5
2026-06-24T00:06:48.379355	171.0	-71.0
2026-06-24T00:06:48.379421	170.0	-71.0
2026-06-24T00:06:48.379489	164.0	-71.0
2026-06-24T00:06:48.379557	168.0	-72.0
2026-06-24T00:06:48.379624	166.0	-71.0
2026-06-24T00:06:48.379690	168.0	-71.0
2026-06-24T00:06:57.758955	167.0	-71.5
2026-06-24T00:06:57.759102	168.0	-72.5
2026-06-24T00:06:57.759180	167.0	-72.0
2026-06-24T00:06:57.759252	167.0	-71.5
2026-06-24T00:06:57.759324	164.0	-72.5
2026-06-24T00:06:57.759397	165.0	-71.5
2026-06-24T00:06:57.759467	163.0	-74.5
2026-06-24T00:06:57.759536	167.0	-72.0
2026-06-24T00:06:57.759603	162.0	-72.0
2026-06-24T00:06:57.759669	167.0	-72.0
2026-06-24T00:06:57.759735	168.0	-71.5
2026-06-24T00:07:06.785184	169.0	-71.0
2026-06-24T00:07:06.785320	167.0	-71.5
2026-06-24T00:07:06.785405	165.0	-71.5
2026-06-24T00:07:06.785481	169.0	-71.5
2026-06-24T00:07:06.785554	166.0	-71.0
2026-06-24T00:07:06.785623	170.0	-73.5
2026-06-24T00:07:06.785761	166.0	-72.5
2026-06-24T00:07:06.785837	168.0	-72.5
2026-06-24T00:07:06.785908	164.0	-71.5
2026-06-24T00:07:06.785976	168.0	-73.0
2026-06-24T00:07:06.786045	164.0	-70.5
2026-06-24T00:07:15.573977	75.0	-65.5
2026-06-24T00:07:15.574148	73.0	-65.5
2026-06-24T00:07:15.574238	76.0	-64.5
2026-06-24T00:07:15.574333	74.0	-64.5
2026-06-24T00:07:15.574417	76.0	-64.0
2026-06-24T00:07:15.574494	70.0	-64.5
2026-06-24T00:07:15.574573	68.0	-66.5
2026-06-24T00:07:15.574652	68.0	-65.5
2026-06-24T00:07:15.574729	68.0	-66.5
2026-06-24T00:07:15.574805	68.0	-64.5
2026-06-24T00:07:15.574877	73.0	-64.0
2026-06-24T00:07:15.574952	71.0	-64.0
2026-06-24T00:07:15.575022	71.0	-63.0
2026-06-24T00:07:24.588046	95.0	-71.0
2026-06-24T00:07:24.588172	92.0	-70.0
2026-06-24T00:07:24.588257	92.0	-70.0
2026-06-24T00:07:24.588330	95.0	-70.0
2026-06-24T00:07:24.588399	96.0	-70.0
2026-06-24T00:07:24.588466	94.0	-70.0
2026-06-24T00:07:24.588534	91.0	-70.5
2026-06-24T00:07:24.588612	89.0	-70.5
2026-06-24T00:07:24.588683	92.0	-70.0
2026-06-24T00:07:24.588751	92.0	-70.0
2026-06-24T00:07:24.588819	92.0	-70.5
2026-06-24T00:07:24.588887	96.0	-70.0
2026-06-24T00:07:33.734375	63.0	-70.5
2026-06-24T00:07:33.734512	71.0	-69.5
2026-06-24T00:07:33.734600	71.0	-72.0
2026-06-24T00:07:33.734672	74.0	-70.0
2026-06-24T00:07:33.734744	72.0	-69.5
2026-06-24T00:07:33.734817	70.0	-70.5
2026-06-24T00:07:33.734892	72.0	-69.5
2026-06-24T00:07:33.734965	66.0	-67.0
2026-06-24T00:07:33.735034	69.0	-67.5
2026-06-24T00:07:33.735105	67.0	-67.0
2026-06-24T00:07:33.735172	69.0	-68.0
2026-06-24T00:07:33.735239	69.0	-67.5
2026-06-24T00:07:42.822716	161.0	-74.5
2026-06-24T00:07:42.822862	156.0	-72.0
2026-06-24T00:07:42.822939	160.0	-74.5
2026-06-24T00:07:42.823015	160.0	-74.5
2026-06-24T00:07:42.823090	158.0	-74.5
2026-06-24T00:07:42.823163	151.0	-75.0
2026-06-24T00:07:42.823234	146.0	-76.0
2026-06-24T00:07:42.823302	139.0	-77.0
2026-06-24T00:07:42.823371	140.0	-77.0
2026-06-24T00:07:42.823439	134.0	-78.5
2026-06-24T00:07:42.823507	130.0	-80.0
2026-06-24T00:07:51.948740	123.0	-77.0
2026-06-24T00:07:51.948874	139.0	-75.0
2026-06-24T00:07:51.948949	147.0	-74.5
2026-06-24T00:07:51.949038	144.0	-75.0
2026-06-24T00:07:51.949109	136.0	-77.0
2026-06-24T00:07:51.949178	149.0	-73.5
2026-06-24T00:07:51.949249	139.0	-74.0
2026-06-24T00:07:51.949316	143.0	-76.0
2026-06-24T00:07:51.949384	137.0	-76.5
2026-06-24T00:07:51.949453	148.0	-78.5
2026-06-24T00:08:01.147088	210.0	-75.5
2026-06-24T00:08:01.147227	187.0	-79.0
2026-06-24T00:08:01.147303	187.0	-79.5
2026-06-24T00:08:01.147380	194.0	-80.0
2026-06-24T00:08:01.147452	213.0	-76.5
2026-06-24T00:08:01.147527	222.0	-77.0
2026-06-24T00:08:01.147593	219.0	-77.0
2026-06-24T00:08:01.147659	222.0	-77.5
2026-06-24T00:08:01.147730	198.0	-77.5
2026-06-24T00:08:01.147804	228.0	-76.5
2026-06-24T00:08:10.234912	148.0	-76.0
2026-06-24T00:08:10.235037	131.0	-80.0
2026-06-24T00:08:10.235111	116.0	-79.5
2026-06-24T00:08:10.235194	128.0	-78.5
2026-06-24T00:08:10.235266	137.0	-77.0
2026-06-24T00:08:10.235334	178.0	-77.0
2026-06-24T00:08:10.235401	148.0	-76.5
2026-06-24T00:08:10.235472	175.0	-75.0
2026-06-24T00:08:10.235539	153.0	-76.0
2026-06-24T00:08:10.235607	152.0	-77.5
2026-06-24T00:08:19.077232	129.0	-78.5
2026-06-24T00:08:19.077374	154.0	-75.0
2026-06-24T00:08:19.077452	124.0	-75.5
2026-06-24T00:08:19.077528	142.0	-76.5
2026-06-24T00:08:19.077603	134.0	-75.0
2026-06-24T00:08:19.077747	127.0	-78.0
2026-06-24T00:08:19.077829	142.0	-77.5
2026-06-24T00:08:19.077901	146.0	-77.0
2026-06-24T00:08:19.077971	144.0	-70.5
2026-06-24T00:08:19.078041	146.0	-72.5
2026-06-24T00:08:28.305334	149.0	-73.5
2026-06-24T00:08:28.305469	154.0	-72.5
2026-06-24T00:08:28.305549	145.0	-74.0
2026-06-24T00:08:28.305625	139.0	-76.0
2026-06-24T00:08:28.305766	143.0	-75.0
2026-06-24T00:08:28.305841	157.0	-68.0
2026-06-24T00:08:28.305910	158.0	-70.5
2026-06-24T00:08:28.305979	155.0	-71.0
2026-06-24T00:08:28.306046	156.0	-70.5
2026-06-24T00:08:28.306116	159.0	-69.5
2026-06-24T00:08:36.990578	162.0	-74.0
2026-06-24T00:08:36.990702	154.0	-74.5
2026-06-24T00:08:36.990789	153.0	-73.5
2026-06-24T00:08:36.990872	159.0	-71.0
2026-06-24T00:08:36.990940	151.0	-72.5
2026-06-24T00:08:36.991011	151.0	-73.5
2026-06-24T00:08:36.991081	156.0	-72.5
2026-06-24T00:08:36.991152	154.0	-71.5
2026-06-24T00:08:36.991222	152.0	-73.0
2026-06-24T00:08:36.991290	152.0	-73.0
2026-06-24T00:08:36.991355	147.0	-76.0
2026-06-24T00:08:36.991421	152.0	-74.5
2026-06-24T00:08:36.991489	155.0	-73.5
2026-06-24T00:08:46.081204	146.0	-76.5
2026-06-24T00:08:46.081338	145.0	-76.5
2026-06-24T00:08:46.081423	145.0	-76.5
2026-06-24T00:08:46.081498	147.0	-77.0
2026-06-24T00:08:46.081567	147.0	-76.5
2026-06-24T00:08:46.081637	144.0	-76.5
2026-06-24T00:08:46.081786	148.0	-77.0
2026-06-24T00:08:46.081856	146.0	-75.5
2026-06-24T00:08:46.081925	147.0	-77.5
2026-06-24T00:08:46.081996	148.0	-76.5
2026-06-24T00:08:46.082066	145.0	-76.5
2026-06-24T00:08:46.082135	145.0	-76.5
2026-06-24T00:08:55.399981	70.0	-65.5
2026-06-24T00:08:55.400126	73.0	-66.5
2026-06-24T00:08:55.400203	77.0	-66.0
2026-06-24T00:08:55.400276	80.0	-66.5
2026-06-24T00:08:55.400349	76.0	-68.5
2026-06-24T00:08:55.400420	73.0	-70.0
2026-06-24T00:08:55.400487	74.0	-68.0
2026-06-24T00:08:55.400553	74.0	-66.5
2026-06-24T00:08:55.400621	78.0	-66.0
2026-06-24T00:08:55.400688	77.0	-65.0
2026-06-24T00:08:55.400754	77.0	-65.5
2026-06-24T00:09:04.420198	92.0	-75.0
2026-06-24T00:09:04.420330	93.0	-73.5
2026-06-24T00:09:04.420415	92.0	-73.0
2026-06-24T00:09:04.420486	95.0	-74.0
2026-06-24T00:09:04.420553	93.0	-75.0
2026-06-24T00:09:04.420621	94.0	-75.5
2026-06-24T00:09:04.420688	91.0	-76.0
2026-06-24T00:09:04.420755	94.0	-75.0
2026-06-24T00:09:04.420820	92.0	-76.0
2026-06-24T00:09:04.420885	92.0	-75.0
2026-06-24T00:09:04.420949	92.0	-76.0
2026-06-24T00:09:13.221155	97.0	-71.0
2026-06-24T00:09:13.221282	88.0	-69.5
2026-06-24T00:09:13.221368	81.0	-71.5
2026-06-24T00:09:13.221454	69.0	-71.5
2026-06-24T00:09:13.221528	68.0	-69.0
2026-06-24T00:09:13.221598	61.0	-73.0
2026-06-24T00:09:13.221750	65.0	-71.0
2026-06-24T00:09:13.221827	68.0	-71.5
2026-06-24T00:09:13.221902	65.0	-72.0
2026-06-24T00:09:13.221972	70.0	-72.0
2026-06-24T00:09:13.222040	67.0	-71.5
2026-06-24T00:09:13.222109	73.0	-70.5
2026-06-24T00:09:13.222179	69.0	-70.0
2026-06-24T00:09:22.307998	161.0	-70.0
2026-06-24T00:09:22.308126	158.0	-69.0
2026-06-24T00:09:22.308201	163.0	-69.0
2026-06-24T00:09:22.308282	152.0	-70.5
2026-06-24T00:09:22.308365	155.0	-70.5
2026-06-24T00:09:22.308437	157.0	-69.0
2026-06-24T00:09:22.308506	156.0	-70.5
2026-06-24T00:09:22.308577	147.0	-72.5
2026-06-24T00:09:22.308648	144.0	-73.0
2026-06-24T00:09:22.308718	141.0	-71.5
2026-06-24T00:09:22.308787	154.0	-67.5
2026-06-24T00:09:22.308858	145.0	-69.5
2026-06-24T00:09:22.308930	148.0	-72.5
2026-06-24T00:09:31.648180	160.0	-71.0
2026-06-24T00:09:31.648315	160.0	-73.0
2026-06-24T00:09:31.648391	156.0	-75.0
2026-06-24T00:09:31.648464	156.0	-75.5
2026-06-24T00:09:31.648546	154.0	-75.0
2026-06-24T00:09:31.648616	159.0	-71.0
2026-06-24T00:09:31.648684	164.0	-73.0
2026-06-24T00:09:31.648753	163.0	-75.0
2026-06-24T00:09:31.648820	163.0	-73.0
2026-06-24T00:09:31.648887	168.0	-73.5
2026-06-24T00:09:31.648959	162.0	-73.5
2026-06-24T00:09:40.411099	164.0	-72.5
2026-06-24T00:09:40.411236	167.0	-75.0
2026-06-24T00:09:40.411320	158.0	-74.0
2026-06-24T00:09:40.411394	159.0	-74.5
2026-06-24T00:09:40.411469	159.0	-76.0
2026-06-24T00:09:40.411540	155.0	-73.5
2026-06-24T00:09:40.411612	162.0	-75.0
2026-06-24T00:09:40.411680	163.0	-74.5
2026-06-24T00:09:40.411748	163.0	-74.0
2026-06-24T00:09:40.411816	159.0	-74.5
2026-06-24T00:09:40.411885	159.0	-77.0
2026-06-24T00:09:40.411953	163.0	-74.5
2026-06-24T00:09:49.677941	159.0	-72.0
2026-06-24T00:09:49.678073	156.0	-74.0
2026-06-24T00:09:49.678148	157.0	-72.0
2026-06-24T00:09:49.678220	157.0	-74.0
2026-06-24T00:09:49.678288	158.0	-74.5
2026-06-24T00:09:49.678367	159.0	-73.5
2026-06-24T00:09:49.678437	155.0	-74.0
2026-06-24T00:09:49.678504	159.0	-74.5
2026-06-24T00:09:49.678573	163.0	-74.0
2026-06-24T00:09:49.678640	159.0	-72.5
2026-06-24T00:09:49.678707	159.0	-73.0
2026-06-24T00:09:58.866948	140.0	-82.5
2026-06-24T00:09:58.867085	140.0	-81.0
2026-06-24T00:09:58.867159	132.0	-82.0
2026-06-24T00:09:58.867230	128.0	-82.5
2026-06-24T00:09:58.867303	122.0	-85.0
2026-06-24T00:09:58.867372	165.0	-80.5
2026-06-24T00:09:58.867444	167.0	-81.0
2026-06-24T00:09:58.867513	171.0	-80.0
2026-06-24T00:09:58.867580	158.0	-74.5
2026-06-24T00:09:58.867650	160.0	-76.5
2026-06-24T00:10:07.617496	164.0	-74.5
2026-06-24T00:10:07.617631	166.0	-75.5
2026-06-24T00:10:07.617804	164.0	-75.0
2026-06-24T00:10:07.617881	167.0	-75.5
2026-06-24T00:10:07.617956	163.0	-72.5
2026-06-24T00:10:07.618027	167.0	-72.5
2026-06-24T00:10:07.618095	167.0	-73.5
2026-06-24T00:10:07.618163	161.0	-76.5
2026-06-24T00:10:07.618233	165.0	-76.0
2026-06-24T00:10:07.618300	163.0	-74.5
2026-06-24T00:10:07.618368	166.0	-74.5
2026-06-24T00:10:07.618438	164.0	-75.0
2026-06-24T00:10:16.850921	167.0	-75.0
2026-06-24T00:10:16.851053	164.0	-74.0
2026-06-24T00:10:16.851127	162.0	-73.5
2026-06-24T00:10:16.851208	164.0	-75.0
2026-06-24T00:10:16.851277	165.0	-74.0
2026-06-24T00:10:16.851345	162.0	-75.0
2026-06-24T00:10:16.851412	167.0	-75.0
2026-06-24T00:10:16.851479	165.0	-74.5
2026-06-24T00:10:16.851549	165.0	-76.0
2026-06-24T00:10:16.851616	158.0	-75.5
2026-06-24T00:10:16.851684	161.0	-76.0
2026-06-24T00:10:25.666561	158.0	-73.0
2026-06-24T00:10:25.666686	159.0	-72.5
2026-06-24T00:10:25.666773	160.0	-74.0
2026-06-24T00:10:25.666855	157.0	-73.5
2026-06-24T00:10:25.666928	156.0	-73.5
2026-06-24T00:10:25.667002	158.0	-71.0
2026-06-24T00:10:25.667070	159.0	-75.0
2026-06-24T00:10:25.667137	155.0	-71.5
2026-06-24T00:10:25.667206	158.0	-71.5
2026-06-24T00:10:25.667284	160.0	-71.5
2026-06-24T00:10:25.667354	161.0	-72.5
2026-06-24T00:10:25.667424	159.0	-73.0
2026-06-24T00:10:34.717821	161.0	-76.0
2026-06-24T00:10:34.717947	161.0	-74.5
2026-06-24T00:10:34.718042	162.0	-79.0
2026-06-24T00:10:34.718115	163.0	-76.5
2026-06-24T00:10:34.718190	165.0	-78.0
2026-06-24T00:10:34.718259	174.0	-74.5
2026-06-24T00:10:34.718329	152.0	-77.5
2026-06-24T00:10:34.718399	160.0	-75.5
2026-06-24T00:10:34.718469	160.0	-77.0
2026-06-24T00:10:34.718537	160.0	-74.5
2026-06-24T00:10:34.718605	166.0	-75.0
2026-06-24T00:10:34.718672	167.0	-75.5
2026-06-24T00:10:44.048148	160.0	-75.5
2026-06-24T00:10:44.048295	163.0	-74.5
2026-06-24T00:10:44.048371	163.0	-74.0
2026-06-24T00:10:44.048444	159.0	-75.0
2026-06-24T00:10:44.048513	161.0	-74.5
2026-06-24T00:10:44.048585	160.0	-75.0
2026-06-24T00:10:44.048654	159.0	-75.0
2026-06-24T00:10:44.048721	162.0	-75.5
2026-06-24T00:10:44.048791	161.0	-74.0
2026-06-24T00:10:44.048857	160.0	-73.5
2026-06-24T00:10:44.048925	160.0	-74.0
2026-06-24T00:10:53.151190	164.0	-75.0
2026-06-24T00:10:53.151320	159.0	-74.0
2026-06-24T00:10:53.151394	165.0	-74.5
2026-06-24T00:10:53.151478	164.0	-75.0
2026-06-24T00:10:53.151549	163.0	-74.5
2026-06-24T00:10:53.151620	163.0	-73.0
2026-06-24T00:10:53.151688	163.0	-74.5
2026-06-24T00:10:53.151759	162.0	-72.5
2026-06-24T00:10:53.151831	166.0	-73.0
2026-06-24T00:10:53.151898	162.0	-75.0
2026-06-24T00:10:53.151964	162.0	-74.5
2026-06-24T00:11:02.158794	162.0	-74.0
2026-06-24T00:11:02.158936	166.0	-73.0
2026-06-24T00:11:02.159018	162.0	-75.5
2026-06-24T00:11:02.159103	163.0	-72.5
2026-06-24T00:11:02.159178	162.0	-73.0
2026-06-24T00:11:02.159249	161.0	-73.5
2026-06-24T00:11:02.159327	161.0	-75.5
2026-06-24T00:11:02.159399	161.0	-71.0
2026-06-24T00:11:10.944454	157.0	-74.5
2026-06-24T00:11:10.944590	162.0	-73.0
2026-06-24T00:11:10.944672	161.0	-72.0
2026-06-24T00:11:10.944743	165.0	-72.5
2026-06-24T00:11:10.944816	161.0	-73.5
2026-06-24T00:11:10.944886	161.0	-73.5
2026-06-24T00:11:10.944956	163.0	-72.0
2026-06-24T00:11:10.945022	164.0	-74.0
2026-06-24T00:11:10.945087	161.0	-74.5
2026-06-24T00:11:10.945156	163.0	-73.5
2026-06-24T00:11:10.945226	162.0	-71.5
2026-06-24T00:11:10.945302	159.0	-72.0
2026-06-24T00:11:20.007408	80.0	-65.0
2026-06-24T00:11:20.007539	79.0	-65.0
2026-06-24T00:11:20.007612	79.0	-64.5
2026-06-24T00:11:20.007695	80.0	-64.5
2026-06-24T00:11:20.007767	81.0	-64.5
2026-06-24T00:11:20.007838	76.0	-67.0
2026-06-24T00:11:20.007903	73.0	-70.0
2026-06-24T00:11:20.007968	73.0	-70.0
2026-06-24T00:11:20.008032	69.0	-68.5
2026-06-24T00:11:20.008099	74.0	-68.5
2026-06-24T00:11:20.008169	70.0	-70.0
2026-06-24T00:11:29.114742	104.0	-70.0
2026-06-24T00:11:29.114865	85.0	-79.5
2026-06-24T00:11:29.114959	79.0	-78.0
2026-06-24T00:11:29.115029	93.0	-72.5
2026-06-24T00:11:29.115101	91.0	-71.0
2026-06-24T00:11:29.115169	107.0	-70.0
2026-06-24T00:11:29.115236	76.0	-74.0
2026-06-24T00:11:29.115304	106.0	-73.0
2026-06-24T00:11:29.115369	98.0	-70.5
2026-06-24T00:11:29.115439	96.0	-71.5
2026-06-24T00:11:29.115508	96.0	-71.0
2026-06-24T00:11:29.115574	95.0	-69.0
2026-06-24T00:11:38.324105	78.0	-78.0
2026-06-24T00:11:38.324238	100.0	-70.5
2026-06-24T00:11:38.324326	99.0	-70.0
2026-06-24T00:11:38.324398	99.0	-68.0
2026-06-24T00:11:38.324468	105.0	-66.5
2026-06-24T00:11:38.324541	106.0	-67.0
2026-06-24T00:11:38.324610	105.0	-68.5
2026-06-24T00:11:38.324681	100.0	-69.5
2026-06-24T00:11:38.324753	105.0	-70.0
2026-06-24T00:11:38.324821	106.0	-69.5
2026-06-24T00:11:38.324889	102.0	-68.5
2026-06-24T00:11:47.210288	73.0	-67.5
2026-06-24T00:11:47.210426	72.0	-66.0
2026-06-24T00:11:47.210513	78.0	-64.5
2026-06-24T00:11:47.210590	69.0	-68.5
2026-06-24T00:11:47.210664	71.0	-69.0
2026-06-24T00:11:47.210734	71.0	-66.0
2026-06-24T00:11:47.210802	72.0	-67.0
2026-06-24T00:11:47.210869	74.0	-65.5
2026-06-24T00:11:47.210941	74.0	-65.5
2026-06-24T00:11:47.211012	72.0	-65.5
2026-06-24T00:11:47.211083	74.0	-65.5
2026-06-24T00:11:47.211151	69.0	-69.5
2026-06-24T00:11:56.415355	86.0	-64.5
2026-06-24T00:11:56.415489	85.0	-63.5
2026-06-24T00:11:56.415567	82.0	-64.5
2026-06-24T00:11:56.415643	79.0	-65.0
2026-06-24T00:11:56.415713	79.0	-65.0
2026-06-24T00:11:56.415784	80.0	-65.5
2026-06-24T00:11:56.415857	78.0	-65.5
2026-06-24T00:11:56.415928	76.0	-65.5
2026-06-24T00:11:56.415998	81.0	-66.5
2026-06-24T00:11:56.416069	80.0	-65.5
2026-06-24T00:12:05.501842	139.0	-73.5
2026-06-24T00:12:05.501989	143.0	-72.5
2026-06-24T00:12:05.502069	154.0	-72.5
2026-06-24T00:12:05.502146	158.0	-76.5
2026-06-24T00:12:05.502222	171.0	-72.0
2026-06-24T00:12:05.502292	163.0	-76.0
2026-06-24T00:12:05.502360	172.0	-75.5
2026-06-24T00:12:05.502432	170.0	-73.0
2026-06-24T00:12:05.502501	174.0	-72.5
2026-06-24T00:12:05.502572	175.0	-73.5
2026-06-24T00:12:05.502644	180.0	-76.0
2026-06-24T00:12:14.613427	171.0	-75.5
2026-06-24T00:12:14.613564	175.0	-75.5
2026-06-24T00:12:14.613641	175.0	-76.0
2026-06-24T00:12:14.613783	172.0	-75.0
2026-06-24T00:12:14.613856	172.0	-75.5
2026-06-24T00:12:14.613927	176.0	-73.5
2026-06-24T00:12:14.614000	175.0	-77.0
2026-06-24T00:12:14.614067	176.0	-76.0
2026-06-24T00:12:14.614134	176.0	-76.5
2026-06-24T00:12:14.614203	174.0	-76.0
2026-06-24T00:12:23.415008	175.0	-76.5
2026-06-24T00:12:23.415143	180.0	-76.5
2026-06-24T00:12:23.415230	178.0	-76.5
2026-06-24T00:12:23.415305	178.0	-77.0
2026-06-24T00:12:23.415375	179.0	-76.0
2026-06-24T00:12:23.415443	177.0	-75.5
2026-06-24T00:12:23.415514	177.0	-76.5
2026-06-24T00:12:23.415584	179.0	-75.0
2026-06-24T00:12:23.415650	175.0	-75.5
2026-06-24T00:12:23.415719	178.0	-76.5
2026-06-24T00:12:23.415788	176.0	-76.5
2026-06-24T00:12:23.415855	172.0	-77.5
2026-06-24T00:12:32.734529	176.0	-78.0
2026-06-24T00:12:32.734663	179.0	-78.0
2026-06-24T00:12:32.734740	177.0	-77.0
2026-06-24T00:12:32.734812	176.0	-77.0
2026-06-24T00:12:32.734881	178.0	-76.0
2026-06-24T00:12:32.734949	176.0	-77.0
2026-06-24T00:12:32.735017	178.0	-77.0
2026-06-24T00:12:32.735083	178.0	-76.5
2026-06-24T00:12:32.735161	177.0	-76.0
2026-06-24T00:12:32.735229	176.0	-77.0
2026-06-24T00:12:32.735294	176.0	-77.0
2026-06-24T00:12:41.732778	183.0	-78.0
2026-06-24T00:12:41.732901	182.0	-79.5
2026-06-24T00:12:41.732987	178.0	-79.5
2026-06-24T00:12:41.733062	182.0	-78.0
2026-06-24T00:12:41.733133	177.0	-77.5
2026-06-24T00:12:41.733205	174.0	-76.0
2026-06-24T00:12:41.733275	178.0	-73.5
2026-06-24T00:12:41.733345	172.0	-74.5
2026-06-24T00:12:41.733416	173.0	-75.0
2026-06-24T00:12:41.733484	163.0	-74.0
2026-06-24T00:12:50.625294	130.0	-78.0
2026-06-24T00:12:50.625418	131.0	-76.5
2026-06-24T00:12:50.625514	128.0	-78.0
2026-06-24T00:12:50.625587	139.0	-77.5
2026-06-24T00:12:50.625728	141.0	-78.5
2026-06-24T00:12:50.625810	143.0	-76.5
2026-06-24T00:12:50.625884	142.0	-76.0
2026-06-24T00:12:50.625954	150.0	-77.0
2026-06-24T00:12:50.626022	144.0	-74.5
2026-06-24T00:12:50.626096	142.0	-75.0
2026-06-24T00:12:50.626172	137.0	-75.5
2026-06-24T00:12:59.668124	133.0	-78.0
2026-06-24T00:12:59.668250	138.0	-79.0
2026-06-24T00:12:59.668334	139.0	-78.5
2026-06-24T00:12:59.668419	139.0	-78.0
2026-06-24T00:12:59.668499	141.0	-77.0
2026-06-24T00:12:59.668569	140.0	-76.0
2026-06-24T00:12:59.668639	140.0	-77.0
2026-06-24T00:12:59.668707	136.0	-76.5
2026-06-24T00:12:59.668779	137.0	-77.0
2026-06-24T00:12:59.668854	137.0	-77.5
2026-06-24T00:13:08.960482	138.0	-79.5
2026-06-24T00:13:08.960628	140.0	-78.0
2026-06-24T00:13:08.960703	142.0	-77.5
2026-06-24T00:13:08.960778	140.0	-77.0
2026-06-24T00:13:08.960849	138.0	-76.0
2026-06-24T00:13:08.960926	177.0	-77.0
2026-06-24T00:13:08.960994	143.0	-78.0
2026-06-24T00:13:08.961062	131.0	-77.5
2026-06-24T00:13:08.961138	165.0	-77.5
2026-06-24T00:13:17.784023	123.0	-78.5
2026-06-24T00:13:17.784159	153.0	-76.0
2026-06-24T00:13:17.784243	139.0	-76.5
2026-06-24T00:13:17.784318	130.0	-80.5
2026-06-24T00:13:17.784390	141.0	-79.5
2026-06-24T00:13:17.784462	135.0	-76.0
2026-06-24T00:13:17.784572	152.0	-77.0
2026-06-24T00:13:17.784644	135.0	-76.0
2026-06-24T00:13:17.784712	127.0	-81.0
2026-06-24T00:13:17.784781	142.0	-80.5
2026-06-24T00:13:17.784850	151.0	-78.0
2026-06-24T00:13:17.784915	149.0	-76.5
2026-06-24T00:13:26.803037	125.0	-80.5
2026-06-24T00:13:26.803172	129.0	-79.0
2026-06-24T00:13:26.803247	123.0	-78.0
2026-06-24T00:13:26.803327	127.0	-78.0
2026-06-24T00:13:26.803398	125.0	-80.0
2026-06-24T00:13:26.803469	129.0	-80.0
2026-06-24T00:13:26.803537	131.0	-78.0
2026-06-24T00:13:26.803604	141.0	-77.5
2026-06-24T00:13:26.803676	144.0	-76.0
2026-06-24T00:13:26.803743	144.0	-76.0
2026-06-24T00:13:26.803817	142.0	-77.0
2026-06-24T00:13:36.178156	124.0	-78.5
2026-06-24T00:13:36.178295	138.0	-77.5
2026-06-24T00:13:36.178375	149.0	-79.0
2026-06-24T00:13:36.178449	142.0	-76.5
2026-06-24T00:13:36.178522	144.0	-76.0
2026-06-24T00:13:36.178590	130.0	-81.0
2026-06-24T00:13:36.178660	141.0	-81.0
2026-06-24T00:13:36.178728	133.0	-80.0
2026-06-24T00:13:36.178797	127.0	-78.5
2026-06-24T00:13:36.178869	134.0	-75.0
2026-06-24T00:13:45.221032	22.0	-59.5
2026-06-24T00:13:45.221168	24.0	-58.5
2026-06-24T00:13:45.221245	24.0	-58.5
2026-06-24T00:13:45.221320	23.0	-58.0
2026-06-24T00:13:45.221391	23.0	-58.5
2026-06-24T00:13:45.221461	22.0	-59.0
2026-06-24T00:13:45.221529	21.0	-58.5
2026-06-24T00:13:45.221599	24.0	-58.5
2026-06-24T00:13:45.221740	23.0	-58.0
2026-06-24T00:13:45.221812	23.0	-58.0
2026-06-24T00:13:54.059018	18.0	-55.0
2026-06-24T00:13:54.059144	27.0	-51.5
2026-06-24T00:13:54.059238	24.0	-53.0
2026-06-24T00:13:54.059309	25.0	-52.0
2026-06-24T00:13:54.059377	27.0	-53.0
2026-06-24T00:13:54.059443	25.0	-55.5
2026-06-24T00:13:54.059514	24.0	-55.0
2026-06-24T00:13:54.059582	24.0	-55.0
2026-06-24T00:13:54.059647	20.0	-54.0
2026-06-24T00:13:54.059714	27.0	-52.0
2026-06-24T00:13:54.059781	28.0	-53.0
2026-06-24T00:13:54.059846	27.0	-54.0
2026-06-24T00:14:02.979703	21.0	-54.5
2026-06-24T00:14:02.979853	23.0	-55.0
2026-06-24T00:14:02.979931	22.0	-55.0
2026-06-24T00:14:02.980014	21.0	-56.0
2026-06-24T00:14:02.980087	21.0	-56.0
2026-06-24T00:14:02.980158	22.0	-56.0
2026-06-24T00:14:02.980228	23.0	-55.0
2026-06-24T00:14:02.980295	18.0	-56.0
2026-06-24T00:14:02.980365	23.0	-56.0
2026-06-24T00:14:02.980432	24.0	-53.5
2026-06-24T00:14:02.980503	26.0	-56.0
2026-06-24T00:14:02.980572	23.0	-54.0
2026-06-24T00:14:02.980639	22.0	-55.0
2026-06-24T00:14:12.032268	40.0	-69.0
2026-06-24T00:14:12.032394	22.0	-70.0
2026-06-24T00:14:12.032470	24.0	-69.5
2026-06-24T00:14:12.032564	21.0	-58.5
2026-06-24T00:14:12.032640	21.0	-60.5
2026-06-24T00:14:12.032714	22.0	-62.5
2026-06-24T00:14:12.032786	16.0	-61.0
2026-06-24T00:14:12.032854	19.0	-60.5
2026-06-24T00:14:12.032925	23.0	-59.5
2026-06-24T00:14:12.032996	20.0	-59.5
2026-06-24T00:14:12.033066	23.0	-58.5
2026-06-24T00:14:12.033135	24.0	-60.5
2026-06-24T00:14:12.033204	18.0	-61.5
2026-06-24T00:14:21.430052	19.0	-63.0
2026-06-24T00:14:21.430175	17.0	-61.5
2026-06-24T00:14:21.430261	22.0	-61.0
2026-06-24T00:14:21.430334	20.0	-61.0
2026-06-24T00:14:21.430403	22.0	-62.5
2026-06-24T00:14:21.430474	20.0	-61.5
2026-06-24T00:14:21.430545	24.0	-62.0
2026-06-24T00:14:21.430612	22.0	-62.0
2026-06-24T00:14:21.430679	17.0	-61.5
2026-06-24T00:14:21.430748	19.0	-61.0
2026-06-24T00:14:30.249834	31.0	-56.5
2026-06-24T00:14:30.249970	30.0	-57.0
2026-06-24T00:14:30.250054	26.0	-57.5
2026-06-24T00:14:30.250128	34.0	-56.0
2026-06-24T00:14:30.250199	29.0	-57.0
2026-06-24T00:14:30.250270	24.0	-58.0
2026-06-24T00:14:30.250338	28.0	-58.0
2026-06-24T00:14:30.250404	24.0	-58.0
2026-06-24T00:14:30.250471	25.0	-58.5
2026-06-24T00:14:30.250542	25.0	-58.5
2026-06-24T00:14:30.250612	26.0	-58.5
2026-06-24T00:14:30.250681	27.0	-56.5
2026-06-24T00:14:39.524415	24.0	-59.5
2026-06-24T00:14:39.524550	24.0	-62.0
2026-06-24T00:14:39.524625	23.0	-60.0
2026-06-24T00:14:39.524696	19.0	-62.5
2026-06-24T00:14:39.524768	22.0	-65.5
2026-06-24T00:14:39.524839	16.0	-68.5
2026-06-24T00:14:39.524911	17.0	-68.5
2026-06-24T00:14:39.524982	19.0	-69.0
2026-06-24T00:14:39.525048	13.0	-69.0
2026-06-24T00:14:39.525116	21.0	-68.5
2026-06-24T00:14:48.384345	167.0	-77.0
2026-06-24T00:14:48.384470	176.0	-74.5
2026-06-24T00:14:48.384566	178.0	-77.0
2026-06-24T00:14:48.384638	169.0	-77.5
2026-06-24T00:14:48.384710	169.0	-80.0
2026-06-24T00:14:48.384780	161.0	-82.0
2026-06-24T00:14:48.384849	171.0	-77.5
2026-06-24T00:14:48.384920	160.0	-79.5
2026-06-24T00:14:48.384989	165.0	-78.0
2026-06-24T00:14:48.385059	165.0	-76.0
2026-06-24T00:14:48.385128	167.0	-76.5
2026-06-24T00:14:48.385195	166.0	-75.0
2026-06-24T00:14:57.712478	164.0	-76.0
2026-06-24T00:14:57.712603	162.0	-76.0
2026-06-24T00:14:57.712678	167.0	-75.0
2026-06-24T00:14:57.712750	167.0	-73.5
2026-06-24T00:14:57.712832	164.0	-74.0
2026-06-24T00:14:57.712901	165.0	-77.5
2026-06-24T00:14:57.712972	163.0	-76.0
2026-06-24T00:14:57.713040	166.0	-74.0
2026-06-24T00:14:57.713109	166.0	-74.0
2026-06-24T00:14:57.713177	165.0	-73.5
2026-06-24T00:15:06.342755	166.0	-74.0
2026-06-24T00:15:06.342880	164.0	-75.5
2026-06-24T00:15:06.342976	161.0	-75.0
2026-06-24T00:15:06.343050	159.0	-75.0
2026-06-24T00:15:06.343121	162.0	-77.0
2026-06-24T00:15:06.343191	162.0	-76.5
2026-06-24T00:15:06.343266	164.0	-77.5
2026-06-24T00:15:06.343338	165.0	-74.0
2026-06-24T00:15:06.343405	165.0	-74.0
2026-06-24T00:15:06.343474	164.0	-73.5
2026-06-24T00:15:06.343546	167.0	-75.0
2026-06-24T00:15:06.343614	164.0	-74.5
2026-06-24T00:15:15.701149	153.0	-80.5
2026-06-24T00:15:15.701294	163.0	-76.5
2026-06-24T00:15:15.701373	164.0	-77.0
2026-06-24T00:15:15.701445	167.0	-79.5
2026-06-24T00:15:15.701517	160.0	-77.0
2026-06-24T00:15:15.701586	162.0	-78.5
2026-06-24T00:15:15.701658	160.0	-76.0
2026-06-24T00:15:15.701806	162.0	-76.0
2026-06-24T00:15:15.701873	161.0	-76.0
2026-06-24T00:15:15.701939	162.0	-76.0
2026-06-24T00:15:15.702006	162.0	-76.0
2026-06-24T00:15:24.661574	158.0	-74.0
2026-06-24T00:15:24.661775	161.0	-75.5
2026-06-24T00:15:24.661866	164.0	-75.0
2026-06-24T00:15:24.661941	167.0	-74.5
2026-06-24T00:15:24.662016	160.0	-74.0
2026-06-24T00:15:24.662089	165.0	-74.5
2026-06-24T00:15:24.662163	165.0	-75.5
2026-06-24T00:15:24.662235	161.0	-74.5
2026-06-24T00:15:24.662308	167.0	-75.0
2026-06-24T00:15:24.662379	163.0	-74.5
2026-06-24T00:15:24.662449	163.0	-75.0
2026-06-24T00:15:33.627817	165.0	-74.0
2026-06-24T00:15:33.627944	166.0	-71.5
2026-06-24T00:15:33.628041	164.0	-73.5
2026-06-24T00:15:33.628117	167.0	-72.5
2026-06-24T00:15:33.628192	165.0	-72.0
2026-06-24T00:15:33.628261	164.0	-73.5
2026-06-24T00:15:33.628331	167.0	-72.5
2026-06-24T00:15:33.628403	165.0	-73.0
2026-06-24T00:15:33.628470	169.0	-74.0
2026-06-24T00:15:33.628537	167.0	-71.5
2026-06-24T00:15:33.628606	168.0	-74.5
2026-06-24T00:15:33.628674	169.0	-73.5
2026-06-24T00:15:42.749759	164.0	-74.0
2026-06-24T00:15:42.749896	164.0	-74.0
2026-06-24T00:15:42.749973	164.0	-74.0
2026-06-24T00:15:42.750046	164.0	-73.5
2026-06-24T00:15:42.750130	165.0	-73.0
2026-06-24T00:15:42.750201	166.0	-73.0
2026-06-24T00:15:42.750270	161.0	-72.5
2026-06-24T00:15:42.750344	163.0	-73.5
2026-06-24T00:15:42.750416	166.0	-75.0
2026-06-24T00:15:42.750484	163.0	-74.0
2026-06-24T00:15:42.750551	165.0	-74.0
2026-06-24T00:15:51.908833	144.0	-75.0
2026-06-24T00:15:51.908956	138.0	-77.5
2026-06-24T00:15:51.909044	125.0	-77.0
2026-06-24T00:15:51.909117	137.0	-71.0
2026-06-24T00:15:51.909189	132.0	-72.5
2026-06-24T00:15:51.909260	135.0	-74.5
2026-06-24T00:15:51.909332	137.0	-73.5
2026-06-24T00:15:51.909403	136.0	-78.0
2026-06-24T00:15:51.909471	155.0	-73.5
2026-06-24T00:15:51.909540	172.0	-71.5
2026-06-24T00:16:00.954110	127.0	-79.0
2026-06-24T00:16:00.954235	127.0	-79.0
2026-06-24T00:16:00.954312	127.0	-77.5
2026-06-24T00:16:00.954397	125.0	-77.0
2026-06-24T00:16:00.954470	130.0	-77.0
2026-06-24T00:16:00.954539	127.0	-77.0
2026-06-24T00:16:00.954609	129.0	-77.5
2026-06-24T00:16:00.954681	127.0	-77.5
2026-06-24T00:16:00.954756	127.0	-78.0
2026-06-24T00:16:00.954827	129.0	-76.5
2026-06-24T00:16:09.999454	127.0	-77.5
2026-06-24T00:16:09.999586	127.0	-76.5
2026-06-24T00:16:09.999666	127.0	-76.5
2026-06-24T00:16:09.999743	131.0	-76.0
2026-06-24T00:16:09.999814	130.0	-75.5
2026-06-24T00:16:09.999888	133.0	-75.5
2026-06-24T00:16:09.999961	133.0	-76.0
2026-06-24T00:16:10.000031	130.0	-76.0
2026-06-24T00:16:10.000101	130.0	-77.0
2026-06-24T00:16:10.000170	130.0	-77.0
2026-06-24T00:16:19.041767	135.0	-76.0
2026-06-24T00:16:19.041894	131.0	-76.0
2026-06-24T00:16:19.041971	129.0	-75.0
2026-06-24T00:16:19.042044	134.0	-76.0
2026-06-24T00:16:19.042114	129.0	-76.5
2026-06-24T00:16:19.042194	130.0	-75.0
2026-06-24T00:16:19.042264	130.0	-76.5
2026-06-24T00:16:19.042334	133.0	-75.5
2026-06-24T00:16:19.042404	135.0	-75.5
2026-06-24T00:16:19.042477	131.0	-75.5
2026-06-24T00:16:28.018897	136.0	-77.5
2026-06-24T00:16:28.019041	144.0	-77.5
2026-06-24T00:16:28.019119	135.0	-77.0
2026-06-24T00:16:28.019192	133.0	-80.0
2026-06-24T00:16:28.019263	134.0	-75.5
2026-06-24T00:16:28.019336	132.0	-78.0
2026-06-24T00:16:28.019406	136.0	-78.5
2026-06-24T00:16:28.019477	137.0	-77.0
2026-06-24T00:16:28.019543	133.0	-77.5
2026-06-24T00:16:28.019613	131.0	-78.5
2026-06-24T00:16:28.019684	130.0	-78.0
2026-06-24T00:16:36.953282	166.0	-78.5
2026-06-24T00:16:36.953428	173.0	-76.5
2026-06-24T00:16:36.953507	171.0	-75.0
2026-06-24T00:16:36.953583	170.0	-77.0
2026-06-24T00:16:36.953656	173.0	-76.0
2026-06-24T00:16:36.953802	171.0	-76.5
2026-06-24T00:16:36.953877	174.0	-76.5
2026-06-24T00:16:36.953950	172.0	-76.0
2026-06-24T00:16:36.954021	172.0	-74.5
2026-06-24T00:16:36.954093	171.0	-75.0
2026-06-24T00:16:36.954163	166.0	-76.0
2026-06-24T00:16:46.130339	170.0	-77.5
2026-06-24T00:16:46.130487	168.0	-77.0
2026-06-24T00:16:46.130563	168.0	-76.0
2026-06-24T00:16:46.130636	165.0	-75.5
2026-06-24T00:16:46.130709	162.0	-77.0
2026-06-24T00:16:46.130780	166.0	-76.5
2026-06-24T00:16:46.130852	167.0	-78.5
2026-06-24T00:16:46.130924	169.0	-76.5
2026-06-24T00:16:46.130996	168.0	-77.5
2026-06-24T00:16:46.131065	161.0	-77.5
2026-06-24T00:16:46.131137	160.0	-77.0
2026-06-24T00:16:54.916339	171.0	-76.5
2026-06-24T00:16:54.916492	174.0	-77.0
2026-06-24T00:16:54.916571	175.0	-78.5
2026-06-24T00:16:54.916647	171.0	-79.5
2026-06-24T00:16:54.916723	163.0	-75.5
2026-06-24T00:16:54.916796	163.0	-75.5
2026-06-24T00:16:54.916868	155.0	-75.5
2026-06-24T00:16:54.916939	159.0	-74.5
2026-06-24T00:16:54.917009	160.0	-76.0
2026-06-24T00:16:54.917080	162.0	-75.5
2026-06-24T00:16:54.917152	168.0	-75.5
2026-06-24T00:17:04.220276	162.0	-74.0
2026-06-24T00:17:04.220408	156.0	-74.0
2026-06-24T00:17:04.220491	161.0	-73.5
2026-06-24T00:17:04.220575	155.0	-76.5
2026-06-24T00:17:04.220650	160.0	-74.0
2026-06-24T00:17:04.220722	164.0	-72.5
2026-06-24T00:17:04.220796	167.0	-72.5
2026-06-24T00:17:04.220869	167.0	-73.0
2026-06-24T00:17:04.220939	160.0	-71.5
2026-06-24T00:17:04.221008	157.0	-74.0
2026-06-24T00:17:13.344721	159.0	-75.0
2026-06-24T00:17:13.344847	154.0	-75.5
2026-06-24T00:17:13.344934	157.0	-74.5
2026-06-24T00:17:13.345010	152.0	-73.0
2026-06-24T00:17:13.345081	154.0	-73.0
2026-06-24T00:17:13.345151	158.0	-74.5
2026-06-24T00:17:13.345223	160.0	-74.5
2026-06-24T00:17:13.345295	162.0	-71.5
2026-06-24T00:17:13.345366	162.0	-72.5
2026-06-24T00:17:13.345439	164.0	-73.0
2026-06-24T00:17:22.106185	34.0	-69.0
2026-06-24T00:17:22.106313	42.0	-66.0
2026-06-24T00:17:22.106397	39.0	-63.5
2026-06-24T00:17:22.106480	34.0	-64.0
2026-06-24T00:17:22.106550	40.0	-62.0
2026-06-24T00:17:22.106619	42.0	-62.5
2026-06-24T00:17:22.106691	42.0	-64.0
2026-06-24T00:17:22.106758	30.0	-62.5
2026-06-24T00:17:22.106829	25.0	-64.5
2026-06-24T00:17:22.106900	23.0	-61.5
2026-06-24T00:17:22.106968	24.0	-63.0
2026-06-24T00:17:22.107033	20.0	-65.0
2026-06-24T00:17:31.378304	27.0	-66.0
2026-06-24T00:17:31.378439	32.0	-65.0
2026-06-24T00:17:31.378515	30.0	-64.0
2026-06-24T00:17:31.378589	25.0	-64.0
2026-06-24T00:17:31.378661	27.0	-62.5
2026-06-24T00:17:31.378742	25.0	-64.0
2026-06-24T00:17:31.378809	28.0	-64.0
2026-06-24T00:17:31.378876	30.0	-64.5
2026-06-24T00:17:31.378946	27.0	-63.0
2026-06-24T00:17:31.379015	29.0	-62.0
2026-06-24T00:17:31.379085	29.0	-63.0
2026-06-24T00:17:40.241796	37.0	-62.5
2026-06-24T00:17:40.241935	41.0	-62.0
2026-06-24T00:17:40.242019	39.0	-60.5
2026-06-24T00:17:40.242094	39.0	-61.0
2026-06-24T00:17:40.242164	39.0	-61.5
2026-06-24T00:17:40.242235	39.0	-62.5
2026-06-24T00:17:40.242307	39.0	-61.0
2026-06-24T00:17:40.242374	42.0	-61.5
2026-06-24T00:17:40.242444	39.0	-61.5
2026-06-24T00:17:40.242519	39.0	-62.0
2026-06-24T00:17:40.242587	41.0	-61.5
2026-06-24T00:17:40.242655	40.0	-61.5
2026-06-24T00:17:49.300357	39.0	-62.5
2026-06-24T00:17:49.300493	41.0	-61.0
2026-06-24T00:17:49.300577	37.0	-62.5
2026-06-24T00:17:49.300652	38.0	-62.5
2026-06-24T00:17:49.300726	39.0	-61.0
2026-06-24T00:17:49.300795	39.0	-61.0
2026-06-24T00:17:49.300864	38.0	-61.5
2026-06-24T00:17:49.300934	40.0	-62.0
2026-06-24T00:17:49.301004	42.0	-61.5
2026-06-24T00:17:49.301076	39.0	-62.5
2026-06-24T00:17:49.301147	41.0	-62.0
2026-06-24T00:17:49.301213	41.0	-60.5
2026-06-24T00:17:58.610537	120.0	-74.0
2026-06-24T00:17:58.610661	122.0	-75.5
2026-06-24T00:17:58.610751	120.0	-75.0
2026-06-24T00:17:58.610824	113.0	-77.5
2026-06-24T00:17:58.610899	124.0	-76.0
2026-06-24T00:17:58.610976	130.0	-75.0
2026-06-24T00:17:58.611047	132.0	-76.5
2026-06-24T00:17:58.611118	120.0	-78.0
2026-06-24T00:17:58.611187	121.0	-79.5
2026-06-24T00:18:07.652021	164.0	-76.0
2026-06-24T00:18:07.652146	162.0	-74.5
2026-06-24T00:18:07.652231	163.0	-78.0
2026-06-24T00:18:07.652305	156.0	-79.0
2026-06-24T00:18:07.652376	155.0	-78.0
2026-06-24T00:18:07.652445	158.0	-77.0
2026-06-24T00:18:07.652514	160.0	-78.5
2026-06-24T00:18:07.652586	163.0	-78.0
2026-06-24T00:18:07.652654	157.0	-79.0
2026-06-24T00:18:07.652720	162.0	-80.0
2026-06-24T00:18:16.699634	129.0	-80.5
2026-06-24T00:18:16.699771	131.0	-79.0
2026-06-24T00:18:16.699848	131.0	-79.0
2026-06-24T00:18:16.699920	133.0	-78.5
2026-06-24T00:18:16.699993	135.0	-77.0
2026-06-24T00:18:16.700062	131.0	-78.5
2026-06-24T00:18:16.700133	133.0	-77.5
2026-06-24T00:18:16.700205	135.0	-76.5
2026-06-24T00:18:16.700275	131.0	-77.0
2026-06-24T00:18:16.700343	136.0	-76.5
2026-06-24T00:18:25.748559	135.0	-76.0
2026-06-24T00:18:25.748693	118.0	-76.0
2026-06-24T00:18:25.748767	136.0	-77.5
2026-06-24T00:18:25.748850	117.0	-75.5
2026-06-24T00:18:25.748925	118.0	-76.5
2026-06-24T00:18:25.748999	137.0	-77.0
2026-06-24T00:18:25.749068	119.0	-76.0
2026-06-24T00:18:25.749136	121.0	-77.0
2026-06-24T00:18:25.749204	137.0	-78.0
2026-06-24T00:18:25.749272	119.0	-77.5
2026-06-24T00:18:25.749342	123.0	-76.5
2026-06-24T00:18:34.827508	138.0	-80.5
2026-06-24T00:18:34.827643	146.0	-78.0
2026-06-24T00:18:34.827718	147.0	-79.5
2026-06-24T00:18:34.827790	147.0	-77.5
2026-06-24T00:18:34.827864	142.0	-78.0
2026-06-24T00:18:34.827933	153.0	-78.0
2026-06-24T00:18:34.828002	151.0	-79.0
2026-06-24T00:18:34.828070	149.0	-78.5
2026-06-24T00:18:34.828137	145.0	-79.0
2026-06-24T00:18:43.847619	134.0	-71.5
2026-06-24T00:18:43.847754	144.0	-72.0
2026-06-24T00:18:43.847829	141.0	-77.0
2026-06-24T00:18:43.847900	137.0	-75.5
2026-06-24T00:18:43.847973	131.0	-69.5
2026-06-24T00:18:43.848044	127.0	-69.0
2026-06-24T00:18:43.848113	129.0	-69.5
2026-06-24T00:18:43.848182	125.0	-70.5
2026-06-24T00:18:43.848252	132.0	-70.0
2026-06-24T00:18:43.848321	136.0	-73.0
2026-06-24T00:18:52.888098	162.0	-77.5
2026-06-24T00:18:52.888234	164.0	-74.0
2026-06-24T00:18:52.888310	160.0	-75.0
2026-06-24T00:18:52.888384	165.0	-73.5
2026-06-24T00:18:52.888459	160.0	-76.0
2026-06-24T00:18:52.888528	164.0	-78.5
2026-06-24T00:18:52.888600	172.0	-76.0
2026-06-24T00:18:52.888669	172.0	-75.5
2026-06-24T00:18:52.888739	170.0	-78.5
2026-06-24T00:18:52.888811	164.0	-77.5
2026-06-24T00:19:01.916305	160.0	-73.0
2026-06-24T00:19:01.916428	159.0	-71.0
2026-06-24T00:19:01.916504	159.0	-75.0
2026-06-24T00:19:01.916576	159.0	-73.5
2026-06-24T00:19:01.916659	158.0	-71.5
2026-06-24T00:19:01.916731	160.0	-72.5
2026-06-24T00:19:01.916802	156.0	-71.5
2026-06-24T00:19:01.916873	160.0	-72.0
2026-06-24T00:19:01.916942	160.0	-74.0
2026-06-24T00:19:01.917010	160.0	-75.5
2026-06-24T00:19:10.960992	170.0	-79.0
2026-06-24T00:19:10.961117	172.0	-79.5
2026-06-24T00:19:10.961204	170.0	-78.0
2026-06-24T00:19:10.961277	170.0	-76.5
2026-06-24T00:19:10.961352	175.0	-76.5
2026-06-24T00:19:10.961425	170.0	-76.0
2026-06-24T00:19:10.961494	170.0	-78.0
2026-06-24T00:19:10.961562	169.0	-77.5
2026-06-24T00:19:10.961633	173.0	-76.0
2026-06-24T00:19:10.961783	174.0	-78.5
2026-06-24T00:19:20.020300	167.0	-80.5
2026-06-24T00:19:20.020435	169.0	-79.0
2026-06-24T00:19:20.020511	167.0	-77.5
2026-06-24T00:19:20.020587	169.0	-78.5
2026-06-24T00:19:20.020662	170.0	-79.0
2026-06-24T00:19:20.020733	172.0	-80.0
2026-06-24T00:19:20.020803	172.0	-78.5
2026-06-24T00:19:20.020874	168.0	-79.0
2026-06-24T00:19:20.020941	169.0	-79.0
2026-06-24T00:19:20.021009	172.0	-78.0
2026-06-24T00:19:29.065371	165.0	-79.5
2026-06-24T00:19:29.065507	170.0	-77.0
2026-06-24T00:19:29.065584	169.0	-78.0
2026-06-24T00:19:29.065658	168.0	-76.0
2026-06-24T00:19:29.065819	172.0	-77.0
2026-06-24T00:19:29.065890	171.0	-75.5
2026-06-24T00:19:29.065964	168.0	-76.0
2026-06-24T00:19:29.066034	171.0	-76.0
2026-06-24T00:19:29.066102	172.0	-77.0
2026-06-24T00:19:29.066171	164.0	-80.0
2026-06-24T00:19:38.124243	160.0	-76.0
2026-06-24T00:19:38.124368	165.0	-75.0
2026-06-24T00:19:38.124444	167.0	-74.0
2026-06-24T00:19:38.124517	146.0	-76.0
2026-06-24T00:19:38.124588	148.0	-75.0
2026-06-24T00:19:38.124656	146.0	-74.5
2026-06-24T00:19:38.124735	145.0	-77.0
2026-06-24T00:19:38.124805	162.0	-76.5
2026-06-24T00:19:38.124877	169.0	-76.0
2026-06-24T00:19:38.124945	166.0	-77.0
2026-06-24T00:19:47.168882	24.0	-69.5
2026-06-24T00:19:47.169020	41.0	-69.0
2026-06-24T00:19:47.169096	24.0	-74.5
2026-06-24T00:19:47.169173	35.0	-72.5
2026-06-24T00:19:47.169248	30.0	-74.0
2026-06-24T00:19:47.169317	39.0	-63.5
2026-06-24T00:19:47.169388	40.0	-59.0
2026-06-24T00:19:47.169456	36.0	-58.5
2026-06-24T00:19:47.169526	32.0	-59.0
2026-06-24T00:19:47.169594	31.0	-58.5
2026-06-24T00:19:56.223726	27.0	-58.5
2026-06-24T00:19:56.223864	30.0	-59.0
2026-06-24T00:19:56.223942	29.0	-60.5
2026-06-24T00:19:56.224020	28.0	-58.5
2026-06-24T00:19:56.224097	30.0	-57.5
2026-06-24T00:19:56.224170	35.0	-55.0
2026-06-24T00:19:56.224241	30.0	-56.0
2026-06-24T00:19:56.224309	34.0	-56.5
2026-06-24T00:19:56.224379	32.0	-57.0
2026-06-24T00:19:56.224448	30.0	-56.5
2026-06-24T00:20:05.263685	28.0	-65.5
2026-06-24T00:20:05.263821	25.0	-65.0
2026-06-24T00:20:05.263897	30.0	-65.0
2026-06-24T00:20:05.263970	29.0	-64.5
2026-06-24T00:20:05.264045	28.0	-64.5
2026-06-24T00:20:05.264117	32.0	-64.0
2026-06-24T00:20:05.264186	33.0	-63.5
2026-06-24T00:20:05.264257	31.0	-63.0
2026-06-24T00:20:05.264325	33.0	-62.0
2026-06-24T00:20:05.264392	37.0	-60.0
2026-06-24T00:20:14.312197	25.0	-57.5
2026-06-24T00:20:14.312332	31.0	-56.0
2026-06-24T00:20:14.312408	30.0	-55.0
2026-06-24T00:20:14.312482	27.0	-56.5
2026-06-24T00:20:14.312556	27.0	-56.0
2026-06-24T00:20:14.312630	27.0	-57.0
2026-06-24T00:20:14.312700	30.0	-57.5
2026-06-24T00:20:14.312772	26.0	-55.5
2026-06-24T00:20:14.312842	28.0	-56.5
2026-06-24T00:20:14.312914	27.0	-55.5
2026-06-24T00:20:14.312992	28.0	-56.0
2026-06-24T00:20:23.395151	24.0	-58.0
2026-06-24T00:20:23.395276	24.0	-57.0
2026-06-24T00:20:23.395351	26.0	-57.5
2026-06-24T00:20:23.395433	24.0	-56.5
2026-06-24T00:20:23.395508	27.0	-57.5
2026-06-24T00:20:23.395580	24.0	-57.5
2026-06-24T00:20:23.395648	25.0	-57.5
2026-06-24T00:20:23.395719	30.0	-58.0
2026-06-24T00:20:23.395788	25.0	-57.5
2026-06-24T00:20:23.395859	29.0	-57.5
2026-06-24T00:20:32.444244	151.0	-71.0
2026-06-24T00:20:32.444370	144.0	-76.0
2026-06-24T00:20:32.444446	159.0	-74.0
2026-06-24T00:20:32.444519	162.0	-72.5
2026-06-24T00:20:32.444602	166.0	-70.5
2026-06-24T00:20:32.444677	160.0	-76.0
2026-06-24T00:20:32.444748	156.0	-76.0
2026-06-24T00:20:32.444814	163.0	-76.0
2026-06-24T00:20:32.444883	175.0	-73.5
2026-06-24T00:20:32.444954	160.0	-75.0
2026-06-24T00:20:41.609950	155.0	-75.5
2026-06-24T00:20:41.610090	159.0	-77.0
2026-06-24T00:20:41.610166	154.0	-74.5
2026-06-24T00:20:41.610241	154.0	-76.5
2026-06-24T00:20:41.610315	155.0	-74.5
2026-06-24T00:20:41.610389	149.0	-74.0
2026-06-24T00:20:41.610457	167.0	-75.5
2026-06-24T00:20:41.610536	158.0	-73.5
2026-06-24T00:20:41.610607	153.0	-76.0
2026-06-24T00:20:50.567201	162.0	-80.0
2026-06-24T00:20:50.567324	161.0	-80.0
2026-06-24T00:20:50.567398	160.0	-78.0
2026-06-24T00:20:50.567471	157.0	-79.5
2026-06-24T00:20:50.567553	156.0	-78.0
2026-06-24T00:20:50.567622	159.0	-79.0
2026-06-24T00:20:50.567690	155.0	-78.0
2026-06-24T00:20:50.567759	156.0	-79.0
2026-06-24T00:20:50.567826	156.0	-78.5
2026-06-24T00:20:50.567899	155.0	-79.0
2026-06-24T00:20:59.623338	156.0	-78.5
2026-06-24T00:20:59.623473	156.0	-79.0
2026-06-24T00:20:59.623548	158.0	-80.5
2026-06-24T00:20:59.623622	161.0	-77.0
2026-06-24T00:20:59.623690	162.0	-77.5
2026-06-24T00:20:59.623759	169.0	-75.0
2026-06-24T00:20:59.623828	163.0	-75.0
2026-06-24T00:20:59.623896	170.0	-74.5
2026-06-24T00:20:59.623968	168.0	-74.0
2026-06-24T00:21:08.668457	177.0	-72.0
2026-06-24T00:21:08.668583	177.0	-72.5
2026-06-24T00:21:08.668671	172.0	-73.5
2026-06-24T00:21:08.668749	168.0	-74.5
2026-06-24T00:21:08.668825	167.0	-75.0
2026-06-24T00:21:08.668895	166.0	-74.5
2026-06-24T00:21:08.668967	170.0	-76.0
2026-06-24T00:21:08.669045	168.0	-73.5
2026-06-24T00:21:08.669124	146.0	-75.0
2026-06-24T00:21:17.726407	160.0	-80.5
2026-06-24T00:21:17.726544	157.0	-81.0
2026-06-24T00:21:17.726617	160.0	-80.0
2026-06-24T00:21:17.726689	158.0	-81.0
2026-06-24T00:21:17.726758	161.0	-81.0
2026-06-24T00:21:17.726827	157.0	-81.0
2026-06-24T00:21:17.726896	159.0	-80.5
2026-06-24T00:21:17.726966	158.0	-81.0
2026-06-24T00:21:17.727033	159.0	-80.0
2026-06-24T00:21:17.727100	159.0	-80.0
2026-06-24T00:21:26.777136	156.0	-79.0
2026-06-24T00:21:26.777261	155.0	-80.0
2026-06-24T00:21:26.777336	156.0	-79.5
2026-06-24T00:21:26.777419	158.0	-77.5
2026-06-24T00:21:26.777492	153.0	-81.0
2026-06-24T00:21:26.777562	154.0	-80.5
2026-06-24T00:21:26.777632	157.0	-78.5
2026-06-24T00:21:26.777777	161.0	-78.5
2026-06-24T00:21:26.777852	162.0	-77.5
2026-06-24T00:21:26.777921	162.0	-77.5
2026-06-24T00:21:35.817290	159.0	-80.0
2026-06-24T00:21:35.817416	161.0	-79.0
2026-06-24T00:21:35.817495	163.0	-78.5
2026-06-24T00:21:35.817578	160.0	-79.0
2026-06-24T00:21:35.817649	157.0	-79.5
2026-06-24T00:21:35.817831	158.0	-79.5
2026-06-24T00:21:35.817907	160.0	-79.0
2026-06-24T00:21:35.817976	158.0	-79.5
2026-06-24T00:21:35.818047	161.0	-79.0
2026-06-24T00:21:35.818114	157.0	-79.5
2026-06-24T00:21:44.860075	114.0	-78.5
2026-06-24T00:21:44.860210	133.0	-75.0
2026-06-24T00:21:44.860285	126.0	-76.5
2026-06-24T00:21:44.860360	148.0	-71.5
2026-06-24T00:21:44.860434	128.0	-78.5
2026-06-24T00:21:44.860505	145.0	-72.0
2026-06-24T00:21:44.860573	139.0	-72.5
2026-06-24T00:21:44.860641	127.0	-71.5
2026-06-24T00:21:44.860711	138.0	-69.5
2026-06-24T00:21:44.860787	132.0	-76.5
2026-06-24T00:21:53.896209	127.0	-78.5
2026-06-24T00:21:53.896345	130.0	-77.5
2026-06-24T00:21:53.896425	133.0	-78.0
2026-06-24T00:21:53.896499	137.0	-80.0
2026-06-24T00:21:53.896572	134.0	-78.0
2026-06-24T00:21:53.896642	151.0	-75.5
2026-06-24T00:21:53.896724	141.0	-77.5
2026-06-24T00:21:53.896797	116.0	-76.0
2026-06-24T00:21:53.896870	139.0	-77.0
2026-06-24T00:22:02.956797	130.0	-78.5
2026-06-24T00:22:02.956933	134.0	-79.0
2026-06-24T00:22:02.957010	131.0	-78.0
2026-06-24T00:22:02.957085	129.0	-79.0
2026-06-24T00:22:02.957157	131.0	-80.5
2026-06-24T00:22:02.957230	131.0	-79.5
2026-06-24T00:22:02.957304	126.0	-80.5
2026-06-24T00:22:02.957377	121.0	-80.5
2026-06-24T00:22:02.957449	126.0	-80.5
2026-06-24T00:22:02.957521	123.0	-80.5
2026-06-24T00:22:11.992950	130.0	-79.0
2026-06-24T00:22:11.993074	127.0	-77.0
2026-06-24T00:22:11.993149	121.0	-79.5
2026-06-24T00:22:11.993234	118.0	-78.5
2026-06-24T00:22:11.993309	123.0	-79.5
2026-06-24T00:22:11.993384	121.0	-79.0
2026-06-24T00:22:11.993455	122.0	-78.0
2026-06-24T00:22:11.993522	122.0	-79.0
2026-06-24T00:22:11.993590	123.0	-79.5
2026-06-24T00:22:11.993741	120.0	-79.5
2026-06-24T00:22:21.034434	127.0	-81.0
2026-06-24T00:22:21.034568	133.0	-80.0
2026-06-24T00:22:21.034643	128.0	-78.0
2026-06-24T00:22:21.034717	131.0	-81.0
2026-06-24T00:22:21.034786	136.0	-78.5
2026-06-24T00:22:21.034867	133.0	-79.0
2026-06-24T00:22:21.034935	130.0	-80.5
2026-06-24T00:22:21.035006	130.0	-77.5
2026-06-24T00:22:21.035076	133.0	-79.5
2026-06-24T00:22:21.035146	138.0	-78.0
2026-06-24T00:22:21.035212	127.0	-77.0
2026-06-24T00:22:30.099634	121.0	-79.0
2026-06-24T00:22:30.099757	127.0	-80.5
2026-06-24T00:22:30.099843	120.0	-81.0
2026-06-24T00:22:30.099915	122.0	-81.0
2026-06-24T00:22:30.099986	135.0	-76.5
2026-06-24T00:22:30.100058	148.0	-78.0
2026-06-24T00:22:30.100133	159.0	-77.0
2026-06-24T00:22:30.100200	163.0	-79.5
2026-06-24T00:22:30.100270	109.0	-79.5
2026-06-24T00:22:39.140262	172.0	-77.0
2026-06-24T00:22:39.140389	174.0	-77.5
2026-06-24T00:22:39.140479	170.0	-77.5
2026-06-24T00:22:39.140559	174.0	-76.5
2026-06-24T00:22:39.140636	170.0	-78.0
2026-06-24T00:22:39.140709	162.0	-79.0
2026-06-24T00:22:39.140779	167.0	-79.5
2026-06-24T00:22:39.140850	164.0	-78.0
2026-06-24T00:22:39.140919	165.0	-77.5
2026-06-24T00:22:39.140989	168.0	-77.5
2026-06-24T00:22:48.160314	164.0	-77.0
2026-06-24T00:22:48.160448	166.0	-79.0
2026-06-24T00:22:48.160522	161.0	-77.0
2026-06-24T00:22:48.160595	166.0	-79.0
2026-06-24T00:22:48.160664	163.0	-79.0
2026-06-24T00:22:48.160731	160.0	-79.0
2026-06-24T00:22:48.160799	161.0	-77.5
2026-06-24T00:22:48.160878	160.0	-77.0
2026-06-24T00:22:48.160946	162.0	-77.0
2026-06-24T00:22:48.161015	159.0	-76.0
2026-06-24T00:22:48.161084	163.0	-76.5
2026-06-24T00:22:57.241483	163.0	-77.0
2026-06-24T00:22:57.241609	166.0	-77.0
2026-06-24T00:22:57.241752	165.0	-76.5
2026-06-24T00:22:57.241842	167.0	-78.0
2026-06-24T00:22:57.241912	163.0	-77.0
2026-06-24T00:22:57.241983	167.0	-77.5
2026-06-24T00:22:57.242054	163.0	-78.0
2026-06-24T00:22:57.242121	167.0	-77.5
2026-06-24T00:22:57.242189	167.0	-76.5
2026-06-24T00:22:57.242260	165.0	-77.5
2026-06-24T00:23:06.281772	159.0	-77.0
2026-06-24T00:23:06.281897	161.0	-75.0
2026-06-24T00:23:06.281972	158.0	-75.5
2026-06-24T00:23:06.282057	159.0	-74.0
2026-06-24T00:23:06.282128	167.0	-73.0
2026-06-24T00:23:06.282201	161.0	-76.0
2026-06-24T00:23:06.282268	165.0	-75.0
2026-06-24T00:23:06.282335	166.0	-75.5
2026-06-24T00:23:06.282403	167.0	-75.5
2026-06-24T00:23:06.282473	169.0	-76.5
2026-06-24T00:23:15.332486	164.0	-78.5
2026-06-24T00:23:15.332624	165.0	-78.0
2026-06-24T00:23:15.332702	168.0	-77.5
2026-06-24T00:23:15.332779	167.0	-77.5
2026-06-24T00:23:15.332853	165.0	-77.0
2026-06-24T00:23:15.332923	166.0	-78.5
2026-06-24T00:23:15.332996	168.0	-78.0
2026-06-24T00:23:15.333064	167.0	-78.5
2026-06-24T00:23:15.333134	167.0	-79.0
2026-06-24T00:23:15.333202	164.0	-77.5
2026-06-24T00:23:24.382398	167.0	-78.0
2026-06-24T00:23:24.382522	170.0	-78.0
2026-06-24T00:23:24.382596	170.0	-77.5
2026-06-24T00:23:24.382680	167.0	-77.5
2026-06-24T00:23:24.382752	167.0	-78.5
2026-06-24T00:23:24.382823	165.0	-77.5
2026-06-24T00:23:24.382892	166.0	-77.5
2026-06-24T00:23:24.382963	168.0	-77.0
2026-06-24T00:23:24.383032	168.0	-77.0
2026-06-24T00:23:24.383100	167.0	-77.5
2026-06-24T00:23:33.432082	160.0	-78.5
2026-06-24T00:23:33.432229	165.0	-77.0
2026-06-24T00:23:33.432307	165.0	-80.0
2026-06-24T00:23:33.432380	158.0	-77.0
2026-06-24T00:23:33.432452	163.0	-77.0
2026-06-24T00:23:33.432522	164.0	-79.0
2026-06-24T00:23:33.432590	164.0	-78.0
2026-06-24T00:23:33.432660	166.0	-79.0
2026-06-24T00:23:33.432728	160.0	-76.0
2026-06-24T00:23:33.432798	161.0	-77.0
2026-06-24T00:23:33.432866	163.0	-78.5
2026-06-24T00:23:42.454650	175.0	-72.5
2026-06-24T00:23:42.454785	177.0	-73.5
2026-06-24T00:23:42.454865	175.0	-74.0
2026-06-24T00:23:42.454939	170.0	-75.0
2026-06-24T00:23:42.455011	163.0	-73.5
2026-06-24T00:23:42.455084	167.0	-74.0
2026-06-24T00:23:42.455154	167.0	-74.5
2026-06-24T00:23:42.455235	170.0	-75.5
2026-06-24T00:23:42.455307	161.0	-74.5
2026-06-24T00:23:51.509558	168.0	-77.0
2026-06-24T00:23:51.509764	167.0	-75.5
2026-06-24T00:23:51.509857	167.0	-75.0
2026-06-24T00:23:51.509934	164.0	-76.0
2026-06-24T00:23:51.510007	165.0	-76.0
2026-06-24T00:23:51.510079	160.0	-74.5
2026-06-24T00:23:51.510152	164.0	-74.5
2026-06-24T00:23:51.510225	166.0	-75.0
2026-06-24T00:23:51.510294	165.0	-76.5
2026-06-24T00:23:51.510363	163.0	-75.5
2026-06-24T00:24:00.560589	33.0	-61.0
2026-06-24T00:24:00.560715	30.0	-61.0
2026-06-24T00:24:00.560789	31.0	-63.5
2026-06-24T00:24:00.560874	31.0	-62.0
2026-06-24T00:24:00.560946	31.0	-62.5
2026-06-24T00:24:00.561018	32.0	-62.5
2026-06-24T00:24:00.561091	37.0	-60.0
2026-06-24T00:24:00.561159	38.0	-59.0
2026-06-24T00:24:00.561226	30.0	-63.0
2026-06-24T00:24:00.561294	33.0	-61.5
2026-06-24T00:24:09.617141	35.0	-62.5
2026-06-24T00:24:09.617276	31.0	-62.5
2026-06-24T00:24:09.617355	33.0	-62.0
2026-06-24T00:24:09.617429	29.0	-62.5
2026-06-24T00:24:09.617502	28.0	-63.0
2026-06-24T00:24:09.617574	27.0	-63.5
2026-06-24T00:24:09.617644	28.0	-63.5
2026-06-24T00:24:09.617788	34.0	-62.0
2026-06-24T00:24:09.617858	35.0	-61.0
2026-06-24T00:24:09.617927	33.0	-61.0
2026-06-24T00:24:18.682765	29.0	-63.5
2026-06-24T00:24:18.682899	25.0	-63.5
2026-06-24T00:24:18.682975	29.0	-63.5
2026-06-24T00:24:18.683048	32.0	-63.5
2026-06-24T00:24:18.683119	28.0	-63.5
2026-06-24T00:24:18.683187	32.0	-61.0
2026-06-24T00:24:18.683256	34.0	-62.5
2026-06-24T00:24:18.683324	32.0	-61.5
2026-06-24T00:24:18.683394	32.0	-62.5
2026-06-24T00:24:18.683466	36.0	-60.0
2026-06-24T00:24:27.725983	46.0	-60.5
2026-06-24T00:24:27.726122	43.0	-61.0
2026-06-24T00:24:27.726199	42.0	-62.5
2026-06-24T00:24:27.726276	36.0	-63.5
2026-06-24T00:24:27.726352	41.0	-61.5
2026-06-24T00:24:27.726428	37.0	-63.0
2026-06-24T00:24:27.726496	37.0	-63.5
2026-06-24T00:24:27.726566	37.0	-64.0
2026-06-24T00:24:27.726634	39.0	-62.0
2026-06-24T00:24:27.726703	38.0	-63.5
2026-06-24T00:24:36.764612	35.0	-61.5
2026-06-24T00:24:36.764745	37.0	-61.5
2026-06-24T00:24:36.764823	38.0	-60.5
2026-06-24T00:24:36.764898	37.0	-60.0
2026-06-24T00:24:36.764970	36.0	-60.5
2026-06-24T00:24:36.765041	35.0	-62.5
2026-06-24T00:24:36.765111	36.0	-60.5
2026-06-24T00:24:36.765181	38.0	-59.0
2026-06-24T00:24:36.765249	39.0	-59.5
2026-06-24T00:24:36.765319	39.0	-59.0
2026-06-24T00:24:45.820914	175.0	-75.5
2026-06-24T00:24:45.821051	167.0	-73.5
2026-06-24T00:24:45.821130	166.0	-73.5
2026-06-24T00:24:45.821207	161.0	-74.5
2026-06-24T00:24:45.821281	169.0	-72.0
2026-06-24T00:24:45.821352	139.0	-79.0
2026-06-24T00:24:45.821421	152.0	-78.0
2026-06-24T00:24:45.821491	128.0	-79.5
2026-06-24T00:24:45.821564	190.0	-79.5
2026-06-24T00:24:45.821638	173.0	-78.5
2026-06-24T00:24:54.869557	155.0	-76.5
2026-06-24T00:24:54.869769	156.0	-78.0
2026-06-24T00:24:54.869851	156.0	-76.0
2026-06-24T00:24:54.869924	159.0	-76.0
2026-06-24T00:24:54.869996	158.0	-76.0
2026-06-24T00:24:54.870067	158.0	-76.5
2026-06-24T00:24:54.870139	156.0	-76.5
2026-06-24T00:24:54.870212	159.0	-76.0
2026-06-24T00:24:54.870280	156.0	-77.0
2026-06-24T00:24:54.870348	156.0	-77.0
2026-06-24T00:25:03.916102	157.0	-76.5
2026-06-24T00:25:03.916239	162.0	-75.5
2026-06-24T00:25:03.916318	157.0	-76.0
2026-06-24T00:25:03.916391	156.0	-76.0
2026-06-24T00:25:03.916462	155.0	-75.5
2026-06-24T00:25:03.916534	158.0	-75.5
2026-06-24T00:25:03.916604	159.0	-76.0
2026-06-24T00:25:03.916674	160.0	-75.5
2026-06-24T00:25:03.916745	157.0	-75.0
2026-06-24T00:25:03.916816	158.0	-75.0
2026-06-24T00:25:12.958614	171.0	-76.0
2026-06-24T00:25:12.958741	164.0	-76.5
2026-06-24T00:25:12.958829	167.0	-76.0
2026-06-24T00:25:12.958904	174.0	-75.0
2026-06-24T00:25:12.958976	167.0	-74.5
2026-06-24T00:25:12.959050	170.0	-75.0
2026-06-24T00:25:12.959123	170.0	-74.5
2026-06-24T00:25:12.959195	167.0	-75.0
2026-06-24T00:25:12.959263	166.0	-75.5
2026-06-24T00:25:12.959334	165.0	-75.5
2026-06-24T00:25:22.019111	143.0	-79.5
2026-06-24T00:25:22.019246	143.0	-78.5
2026-06-24T00:25:22.019326	143.0	-76.5
2026-06-24T00:25:22.019403	141.0	-78.5
2026-06-24T00:25:22.019477	146.0	-78.5
2026-06-24T00:25:22.019551	142.0	-77.5
2026-06-24T00:25:22.019624	143.0	-77.5
2026-06-24T00:25:22.019699	144.0	-77.5
2026-06-24T00:25:22.019772	146.0	-77.5
2026-06-24T00:25:22.019844	142.0	-79.0
2026-06-24T00:25:31.039545	172.0	-78.0
2026-06-24T00:25:31.039668	183.0	-79.0
2026-06-24T00:25:31.039744	167.0	-80.5
2026-06-24T00:25:31.039828	192.0	-80.5
2026-06-24T00:25:31.039902	198.0	-77.5
2026-06-24T00:25:31.039975	195.0	-76.0
2026-06-24T00:25:31.040045	202.0	-78.0
2026-06-24T00:25:31.040113	205.0	-77.0
2026-06-24T00:25:31.040180	205.0	-76.0
2026-06-24T00:25:31.040247	198.0	-78.5
2026-06-24T00:25:40.093913	192.0	-78.0
2026-06-24T00:25:40.094039	178.0	-77.0
2026-06-24T00:25:40.094115	198.0	-80.5
2026-06-24T00:25:40.094201	170.0	-78.5
2026-06-24T00:25:40.094275	163.0	-79.0
2026-06-24T00:25:40.094346	183.0	-80.0
2026-06-24T00:25:40.094414	166.0	-80.5
2026-06-24T00:25:40.094485	168.0	-77.5
2026-06-24T00:25:40.094556	163.0	-77.0
2026-06-24T00:25:40.094623	163.0	-75.0
2026-06-24T00:25:49.160860	158.0	-73.0
2026-06-24T00:25:49.160984	157.0	-73.5
2026-06-24T00:25:49.161069	158.0	-74.0
2026-06-24T00:25:49.161143	162.0	-71.5
2026-06-24T00:25:49.161214	162.0	-73.0
2026-06-24T00:25:49.161288	160.0	-74.0
2026-06-24T00:25:49.161355	158.0	-73.0
2026-06-24T00:25:49.161422	156.0	-72.0
2026-06-24T00:25:49.161489	155.0	-75.0
2026-06-24T00:25:49.161557	158.0	-72.0
2026-06-24T00:25:58.191404	159.0	-72.0
2026-06-24T00:25:58.191538	162.0	-72.0
2026-06-24T00:25:58.191613	160.0	-71.0
2026-06-24T00:25:58.191686	162.0	-71.5
2026-06-24T00:25:58.191770	160.0	-70.5
2026-06-24T00:25:58.191844	161.0	-72.0
2026-06-24T00:25:58.191913	160.0	-71.5
2026-06-24T00:25:58.191984	162.0	-71.5
2026-06-24T00:25:58.192057	162.0	-71.5
2026-06-24T00:25:58.192128	160.0	-71.5
2026-06-24T00:25:58.192197	160.0	-70.0
2026-06-24T00:26:07.263701	161.0	-71.0
2026-06-24T00:26:07.263828	161.0	-71.0
2026-06-24T00:26:07.263907	163.0	-71.0
2026-06-24T00:26:07.263981	160.0	-72.0
2026-06-24T00:26:07.264054	163.0	-71.5
2026-06-24T00:26:07.264136	158.0	-72.0
2026-06-24T00:26:07.264207	160.0	-71.0
2026-06-24T00:26:07.264274	160.0	-71.0
2026-06-24T00:26:07.264342	164.0	-71.0
2026-06-24T00:26:07.264411	160.0	-71.0
2026-06-24T00:26:16.308278	162.0	-72.0
2026-06-24T00:26:16.308403	162.0	-71.0
2026-06-24T00:26:16.308480	161.0	-73.5
2026-06-24T00:26:16.308566	164.0	-71.5
2026-06-24T00:26:16.308641	163.0	-71.5
2026-06-24T00:26:16.308715	166.0	-71.0
2026-06-24T00:26:16.308786	160.0	-71.0
2026-06-24T00:26:16.308856	160.0	-71.0
2026-06-24T00:26:16.308925	162.0	-72.5
2026-06-24T00:26:16.308997	162.0	-71.0
2026-06-24T00:26:25.354624	156.0	-76.0
2026-06-24T00:26:25.354748	160.0	-75.0
2026-06-24T00:26:25.354821	162.0	-75.5
2026-06-24T00:26:25.354905	163.0	-74.5
2026-06-24T00:26:25.354979	161.0	-76.5
2026-06-24T00:26:25.355051	160.0	-75.0
2026-06-24T00:26:25.355119	161.0	-74.5
2026-06-24T00:26:25.355187	160.0	-73.5
2026-06-24T00:26:25.355257	162.0	-74.0
2026-06-24T00:26:25.355324	162.0	-75.0
2026-06-24T00:26:34.395159	159.0	-72.5
2026-06-24T00:26:34.395296	161.0	-73.0
2026-06-24T00:26:34.395373	161.0	-72.0
2026-06-24T00:26:34.395446	163.0	-72.0
2026-06-24T00:26:34.395516	160.0	-72.5
2026-06-24T00:26:34.395589	158.0	-74.5
2026-06-24T00:26:34.395662	158.0	-72.5
2026-06-24T00:26:34.395734	161.0	-72.5
2026-06-24T00:26:34.395806	164.0	-73.0
2026-06-24T00:26:34.395875	162.0	-72.5
2026-06-24T00:26:43.453468	152.0	-68.5
2026-06-24T00:26:43.453604	152.0	-67.0
2026-06-24T00:26:43.453769	152.0	-68.5
2026-06-24T00:26:43.453852	154.0	-70.0
2026-06-24T00:26:43.453926	150.0	-70.0
2026-06-24T00:26:43.453995	155.0	-70.5
2026-06-24T00:26:43.454067	156.0	-70.5
2026-06-24T00:26:43.454137	154.0	-70.5
2026-06-24T00:26:43.454208	154.0	-72.5
2026-06-24T00:26:43.454278	149.0	-72.5
2026-06-24T00:26:52.499320	26.0	-68.0
2026-06-24T00:26:52.499444	30.0	-69.5
2026-06-24T00:26:52.499531	26.0	-68.0
2026-06-24T00:26:52.499602	27.0	-69.0
2026-06-24T00:26:52.499673	27.0	-69.5
2026-06-24T00:26:52.499745	28.0	-69.0
2026-06-24T00:26:52.499815	30.0	-69.5
2026-06-24T00:26:52.499885	26.0	-68.5
2026-06-24T00:26:52.499956	27.0	-68.5
2026-06-24T00:26:52.500026	28.0	-69.0
2026-06-24T00:27:01.536809	19.0	-67.5
2026-06-24T00:27:01.536944	18.0	-66.5
2026-06-24T00:27:01.537023	23.0	-67.5
2026-06-24T00:27:01.537099	26.0	-66.0
2026-06-24T00:27:01.537172	23.0	-66.0
2026-06-24T00:27:01.537240	21.0	-66.5
2026-06-24T00:27:01.537312	20.0	-66.5
2026-06-24T00:27:01.537384	20.0	-67.0
2026-06-24T00:27:01.537453	22.0	-66.5
2026-06-24T00:27:01.537524	23.0	-67.0
2026-06-24T00:27:10.574863	27.0	-66.5
2026-06-24T00:27:10.575007	27.0	-66.5
2026-06-24T00:27:10.575085	25.0	-66.0
2026-06-24T00:27:10.575156	26.0	-66.0
2026-06-24T00:27:10.575229	24.0	-66.0
2026-06-24T00:27:10.575296	27.0	-66.0
2026-06-24T00:27:10.575364	25.0	-65.0
2026-06-24T00:27:10.575431	25.0	-65.5
2026-06-24T00:27:10.575500	27.0	-66.5
2026-06-24T00:27:10.575569	27.0	-66.5
2026-06-24T00:27:10.575638	24.0	-65.5
2026-06-24T00:27:19.649869	28.0	-65.5
2026-06-24T00:27:19.650008	24.0	-65.5
2026-06-24T00:27:19.650087	30.0	-66.0
2026-06-24T00:27:19.650159	24.0	-66.5
2026-06-24T00:27:19.650232	25.0	-65.5
2026-06-24T00:27:19.650303	22.0	-66.5
2026-06-24T00:27:19.650373	26.0	-65.5
2026-06-24T00:27:19.650443	27.0	-67.0
2026-06-24T00:27:19.650509	24.0	-65.5
2026-06-24T00:27:19.650578	29.0	-65.5
2026-06-24T00:27:28.700419	152.0	-72.5
2026-06-24T00:27:28.700560	149.0	-75.0
2026-06-24T00:27:28.700634	155.0	-73.0
2026-06-24T00:27:28.700707	150.0	-71.5
2026-06-24T00:27:28.700780	157.0	-70.5
2026-06-24T00:27:28.700851	161.0	-70.5
2026-06-24T00:27:28.700921	153.0	-71.5
2026-06-24T00:27:28.700990	153.0	-72.5
2026-06-24T00:27:28.701060	149.0	-75.0
2026-06-24T00:27:28.701126	144.0	-71.0
2026-06-24T00:27:28.701193	144.0	-70.5
2026-06-24T00:27:37.775112	170.0	-78.0
2026-06-24T00:27:37.775245	171.0	-77.5
2026-06-24T00:27:37.775333	162.0	-78.5
2026-06-24T00:27:37.775410	160.0	-80.0
2026-06-24T00:27:37.775481	152.0	-79.0
2026-06-24T00:27:37.775551	156.0	-77.0
2026-06-24T00:27:37.775619	160.0	-78.5
2026-06-24T00:27:37.775690	158.0	-77.0
2026-06-24T00:27:37.775757	164.0	-77.5
2026-06-24T00:27:46.818630	161.0	-77.0
2026-06-24T00:27:46.818754	164.0	-79.5
2026-06-24T00:27:46.818840	162.0	-79.5
2026-06-24T00:27:46.818916	163.0	-79.5
2026-06-24T00:27:46.818991	160.0	-79.5
2026-06-24T00:27:46.819064	160.0	-79.5
2026-06-24T00:27:46.819135	162.0	-77.5
2026-06-24T00:27:46.819204	158.0	-78.0
2026-06-24T00:27:46.819272	166.0	-79.0
2026-06-24T00:27:46.819340	164.0	-78.5
2026-06-24T00:27:55.876031	155.0	-78.5
2026-06-24T00:27:55.876167	158.0	-78.0
2026-06-24T00:27:55.876243	156.0	-77.0
2026-06-24T00:27:55.876316	165.0	-79.0
2026-06-24T00:27:55.876387	161.0	-79.5
2026-06-24T00:27:55.876461	167.0	-78.0
2026-06-24T00:27:55.876529	166.0	-77.0
2026-06-24T00:27:55.876596	166.0	-77.5
2026-06-24T00:27:55.876668	166.0	-77.5
2026-06-24T00:27:55.876738	167.0	-77.5
2026-06-24T00:28:04.906451	167.0	-76.5
2026-06-24T00:28:04.906587	166.0	-79.0
2026-06-24T00:28:04.906664	170.0	-78.5
2026-06-24T00:28:04.906742	167.0	-78.0
2026-06-24T00:28:04.906814	170.0	-77.0
2026-06-24T00:28:04.906884	172.0	-75.5
2026-06-24T00:28:04.906957	173.0	-75.5
2026-06-24T00:28:04.907029	178.0	-76.5
2026-06-24T00:28:04.907100	177.0	-74.5
2026-06-24T00:28:04.907172	178.0	-75.5
2026-06-24T00:28:13.945896	130.0	-73.5
2026-06-24T00:28:13.946034	131.0	-73.0
2026-06-24T00:28:13.946109	127.0	-75.0
2026-06-24T00:28:13.946190	130.0	-76.0
2026-06-24T00:28:13.946260	135.0	-75.0
2026-06-24T00:28:13.946329	137.0	-76.0
2026-06-24T00:28:13.946399	132.0	-75.0
2026-06-24T00:28:13.946467	126.0	-75.5
2026-06-24T00:28:13.946538	136.0	-71.5
2026-06-24T00:28:22.980169	132.0	-74.5
2026-06-24T00:28:22.980303	137.0	-74.0
2026-06-24T00:28:22.980387	130.0	-75.5
2026-06-24T00:28:22.980463	135.0	-75.0
2026-06-24T00:28:22.980532	129.0	-75.5
2026-06-24T00:28:22.980611	137.0	-75.0
2026-06-24T00:28:22.980679	133.0	-74.0
2026-06-24T00:28:22.980745	130.0	-75.0
2026-06-24T00:28:32.056542	134.0	-75.0
2026-06-24T00:28:32.056663	133.0	-75.0
2026-06-24T00:28:32.056736	132.0	-75.5
2026-06-24T00:28:32.056820	130.0	-73.0
2026-06-24T00:28:32.056891	132.0	-76.0
2026-06-24T00:28:32.056976	131.0	-76.0
2026-06-24T00:28:32.057043	128.0	-75.0
2026-06-24T00:28:32.057108	131.0	-75.5
2026-06-24T00:28:41.074779	128.0	-77.0
2026-06-24T00:28:41.074903	131.0	-77.0
2026-06-24T00:28:41.074978	131.0	-78.5
2026-06-24T00:28:41.075065	130.0	-76.5
2026-06-24T00:28:41.075143	126.0	-76.5
2026-06-24T00:28:41.075217	129.0	-76.5
2026-06-24T00:28:41.075290	127.0	-77.0
2026-06-24T00:28:41.075360	125.0	-77.0
2026-06-24T00:28:41.075428	126.0	-78.0
2026-06-24T00:28:41.075495	127.0	-78.5
2026-06-24T00:28:50.140780	122.0	-76.0
2026-06-24T00:28:50.140913	127.0	-76.0
2026-06-24T00:28:50.140987	121.0	-75.0
2026-06-24T00:28:50.141062	122.0	-76.0
2026-06-24T00:28:50.141133	120.0	-76.5
2026-06-24T00:28:50.141216	125.0	-75.5
2026-06-24T00:28:50.141290	124.0	-75.0
2026-06-24T00:28:50.141359	129.0	-77.0
2026-06-24T00:28:50.141427	129.0	-75.5
2026-06-24T00:28:50.141499	126.0	-75.0
2026-06-24T00:28:59.222670	120.0	-77.0
2026-06-24T00:28:59.222798	122.0	-77.5
2026-06-24T00:28:59.222885	124.0	-77.0
2026-06-24T00:28:59.222959	130.0	-76.0
2026-06-24T00:28:59.223031	126.0	-78.5
2026-06-24T00:28:59.223103	123.0	-76.5
2026-06-24T00:28:59.223176	124.0	-75.5
2026-06-24T00:28:59.223247	126.0	-78.0
2026-06-24T00:28:59.223315	125.0	-76.5
2026-06-24T00:28:59.223384	138.0	-74.0
2026-06-24T00:29:08.228242	128.0	-76.0
2026-06-24T00:29:08.228366	128.0	-76.0
2026-06-24T00:29:08.228442	125.0	-76.0
2026-06-24T00:29:08.228515	122.0	-76.5
2026-06-24T00:29:08.228595	122.0	-76.5
2026-06-24T00:29:08.228666	125.0	-77.0
2026-06-24T00:29:08.228735	127.0	-76.0
2026-06-24T00:29:08.228802	128.0	-78.5
2026-06-24T00:29:08.228871	125.0	-75.5
2026-06-24T00:29:08.228941	127.0	-77.5
2026-06-24T00:29:17.266818	124.0	-77.5
2026-06-24T00:29:17.266971	124.0	-76.5
2026-06-24T00:29:17.267051	122.0	-77.0
2026-06-24T00:29:17.267125	126.0	-77.0
2026-06-24T00:29:17.267196	126.0	-77.0
2026-06-24T00:29:17.267266	125.0	-76.5
2026-06-24T00:29:17.267338	125.0	-75.0
2026-06-24T00:29:17.267408	130.0	-75.5
2026-06-24T00:29:17.267481	129.0	-74.5
2026-06-24T00:29:17.267553	127.0	-73.5
2026-06-24T00:29:26.326415	125.0	-76.0
2026-06-24T00:29:26.326540	127.0	-76.0
2026-06-24T00:29:26.326615	125.0	-75.0
2026-06-24T00:29:26.326690	124.0	-76.5
2026-06-24T00:29:26.326772	122.0	-76.0
2026-06-24T00:29:26.326840	122.0	-76.5
2026-06-24T00:29:26.326910	121.0	-76.0
2026-06-24T00:29:26.326978	125.0	-76.5
2026-06-24T00:29:26.327046	123.0	-74.5
2026-06-24T00:29:26.327116	124.0	-76.0
2026-06-24T00:29:35.368502	128.0	-75.0
2026-06-24T00:29:35.368632	130.0	-74.5
2026-06-24T00:29:35.368717	122.0	-77.0
2026-06-24T00:29:35.368788	132.0	-75.5
2026-06-24T00:29:35.368861	130.0	-75.5
2026-06-24T00:29:35.368932	128.0	-75.5
2026-06-24T00:29:35.369004	125.0	-74.5
2026-06-24T00:29:35.369083	130.0	-76.0
2026-06-24T00:29:35.369149	131.0	-76.0
2026-06-24T00:29:35.369216	125.0	-74.5
2026-06-24T00:29:44.400560	122.0	-78.0
2026-06-24T00:29:44.400683	123.0	-75.0
2026-06-24T00:29:44.400757	123.0	-77.0
2026-06-24T00:29:44.400829	122.0	-76.0
2026-06-24T00:29:44.400899	125.0	-76.0
2026-06-24T00:29:44.400966	127.0	-78.0
2026-06-24T00:29:44.401034	123.0	-76.5
2026-06-24T00:29:44.401113	130.0	-77.0
2026-06-24T00:29:44.401180	124.0	-77.5
2026-06-24T00:29:53.455672	123.0	-77.5
2026-06-24T00:29:53.455806	124.0	-75.5
2026-06-24T00:29:53.455885	126.0	-71.5
2026-06-24T00:29:53.455962	120.0	-72.0
2026-06-24T00:29:53.456033	124.0	-74.5
2026-06-24T00:29:53.456106	87.0	-75.0
2026-06-24T00:29:53.456177	102.0	-76.0
2026-06-24T00:29:53.456244	95.0	-75.0
2026-06-24T00:29:53.456310	86.0	-71.0
2026-06-24T00:29:53.456376	87.0	-70.5
2026-06-24T00:30:02.481414	39.0	-64.5
2026-06-24T00:30:02.481547	31.0	-66.0
2026-06-24T00:30:02.481624	33.0	-66.0
2026-06-24T00:30:02.481767	26.0	-70.0
2026-06-24T00:30:02.481843	24.0	-69.0
2026-06-24T00:30:02.481913	27.0	-69.0
2026-06-24T00:30:02.481982	24.0	-67.0
2026-06-24T00:30:02.482050	21.0	-69.0
2026-06-24T00:30:02.482116	18.0	-68.0
2026-06-24T00:30:02.482184	16.0	-67.5
2026-06-24T00:30:11.537381	26.0	-67.5
2026-06-24T00:30:11.537514	24.0	-68.0
2026-06-24T00:30:11.537589	29.0	-67.5
2026-06-24T00:30:11.537724	27.0	-69.0
2026-06-24T00:30:11.537800	26.0	-68.0
2026-06-24T00:30:11.537871	29.0	-68.5
2026-06-24T00:30:11.537941	27.0	-69.0
2026-06-24T00:30:11.538009	25.0	-70.5
2026-06-24T00:30:11.538078	29.0	-70.5
2026-06-24T00:30:11.538150	49.0	-70.0
2026-06-24T00:30:20.598732	73.0	-68.0
2026-06-24T00:30:20.598866	96.0	-70.0
2026-06-24T00:30:20.598941	88.0	-68.0
2026-06-24T00:30:20.599013	90.0	-68.0
2026-06-24T00:30:20.599083	74.0	-70.5
2026-06-24T00:30:20.599163	61.0	-69.0
2026-06-24T00:30:20.599232	57.0	-69.0
2026-06-24T00:30:20.599327	55.0	-70.5
2026-06-24T00:30:20.599402	43.0	-74.5
2026-06-24T00:30:20.599474	44.0	-74.0
2026-06-24T00:30:20.599541	57.0	-71.5
2026-06-24T00:30:29.651180	24.0	-61.0
2026-06-24T00:30:29.651304	24.0	-64.0
2026-06-24T00:30:29.651381	25.0	-63.0
2026-06-24T00:30:29.651452	24.0	-63.0
2026-06-24T00:30:29.651523	22.0	-62.5
2026-06-24T00:30:29.651604	22.0	-63.5
2026-06-24T00:30:29.651675	24.0	-63.0
2026-06-24T00:30:29.651741	22.0	-62.0
2026-06-24T00:30:29.651809	24.0	-61.0
2026-06-24T00:30:29.651876	23.0	-61.5
2026-06-24T00:30:38.702482	19.0	-62.5
2026-06-24T00:30:38.702619	22.0	-62.0
2026-06-24T00:30:38.702694	23.0	-63.0
2026-06-24T00:30:38.702766	22.0	-64.0
2026-06-24T00:30:38.702836	21.0	-63.0
2026-06-24T00:30:38.702905	25.0	-63.0
2026-06-24T00:30:38.702974	21.0	-62.5
2026-06-24T00:30:38.703044	21.0	-63.5
2026-06-24T00:30:38.703114	18.0	-64.0
2026-06-24T00:30:38.703181	19.0	-64.0
2026-06-24T00:30:47.730602	33.0	-75.5
2026-06-24T00:30:47.730745	37.0	-76.0
2026-06-24T00:30:47.730822	35.0	-75.5
2026-06-24T00:30:47.730896	37.0	-75.0
2026-06-24T00:30:47.730964	36.0	-74.5
2026-06-24T00:30:47.731035	40.0	-73.5
2026-06-24T00:30:47.731108	44.0	-75.0
2026-06-24T00:30:47.731175	41.0	-75.5
2026-06-24T00:30:47.731243	37.0	-75.0
2026-06-24T00:30:47.731312	44.0	-70.5
2026-06-24T00:30:56.811136	57.0	-69.0
2026-06-24T00:30:56.811257	55.0	-69.0
2026-06-24T00:30:56.811329	56.0	-69.0
2026-06-24T00:30:56.811400	54.0	-69.5
2026-06-24T00:30:56.811479	54.0	-70.5
2026-06-24T00:30:56.811551	53.0	-73.0
2026-06-24T00:30:56.811618	54.0	-74.5
2026-06-24T00:30:56.811686	60.0	-72.5
2026-06-24T00:30:56.811755	52.0	-70.5
2026-06-24T00:30:56.811823	52.0	-70.5
2026-06-24T00:31:05.841435	73.0	-72.0
2026-06-24T00:31:05.841570	49.0	-74.5
2026-06-24T00:31:05.841658	46.0	-76.0
2026-06-24T00:31:05.841810	40.0	-79.0
2026-06-24T00:31:05.841883	42.0	-78.0
2026-06-24T00:31:05.841952	54.0	-76.0
2026-06-24T00:31:05.842022	65.0	-77.0
2026-06-24T00:31:05.842092	61.0	-80.0
2026-06-24T00:31:05.842162	82.0	-73.5
2026-06-24T00:31:05.842235	42.0	-79.5
2026-06-24T00:31:05.842308	49.0	-71.5
2026-06-24T00:31:14.907118	31.0	-64.0
2026-06-24T00:31:14.907242	29.0	-63.0
2026-06-24T00:31:14.907316	31.0	-62.5
2026-06-24T00:31:14.907404	27.0	-63.5
2026-06-24T00:31:14.907477	29.0	-63.5
2026-06-24T00:31:14.907550	30.0	-62.5
2026-06-24T00:31:14.907623	29.0	-63.5
2026-06-24T00:31:14.907692	30.0	-63.5
2026-06-24T00:31:14.907760	25.0	-61.5
2026-06-24T00:31:14.907829	25.0	-63.5
2026-06-24T00:31:23.932887	186.0	-78.5
2026-06-24T00:31:23.933022	127.0	-77.5
2026-06-24T00:31:23.933101	143.0	-79.5
2026-06-24T00:31:23.933180	150.0	-79.0
2026-06-24T00:31:23.933255	158.0	-75.5
2026-06-24T00:31:23.933328	137.0	-79.0
2026-06-24T00:31:23.933396	131.0	-77.0
2026-06-24T00:31:23.933464	133.0	-78.0
2026-06-24T00:31:23.933530	157.0	-74.0
2026-06-24T00:31:23.933599	160.0	-77.0
2026-06-24T00:31:32.970888	159.0	-75.5
2026-06-24T00:31:32.971026	163.0	-78.5
2026-06-24T00:31:32.971106	159.0	-78.5
2026-06-24T00:31:32.971181	184.0	-77.5
2026-06-24T00:31:32.971254	177.0	-75.0
2026-06-24T00:31:32.971322	154.0	-77.5
2026-06-24T00:31:32.971391	169.0	-70.5
2026-06-24T00:31:32.971461	159.0	-75.5
2026-06-24T00:31:32.971529	166.0	-73.0
2026-06-24T00:31:32.971597	163.0	-71.0
2026-06-24T00:31:42.026892	145.0	-73.0
2026-06-24T00:31:42.027019	146.0	-75.5
2026-06-24T00:31:42.027107	144.0	-76.5
2026-06-24T00:31:42.027185	144.0	-77.0
2026-06-24T00:31:42.027256	155.0	-74.5
2026-06-24T00:31:42.027328	152.0	-76.0
2026-06-24T00:31:42.027398	153.0	-75.0
2026-06-24T00:31:42.027466	158.0	-74.0
2026-06-24T00:31:42.027533	163.0	-78.5
2026-06-24T00:31:42.027603	145.0	-76.0
2026-06-24T00:31:51.047289	147.0	-70.5
2026-06-24T00:31:51.047426	145.0	-70.5
2026-06-24T00:31:51.047506	145.0	-70.0
2026-06-24T00:31:51.047582	146.0	-71.5
2026-06-24T00:31:51.047659	146.0	-70.5
2026-06-24T00:31:51.047733	147.0	-70.5
2026-06-24T00:31:51.047804	144.0	-70.5
2026-06-24T00:31:51.047875	145.0	-70.5
2026-06-24T00:31:51.047947	145.0	-70.0
2026-06-24T00:31:51.048014	146.0	-70.0
2026-06-24T00:32:00.110683	141.0	-71.0
2026-06-24T00:32:00.110812	146.0	-72.5
2026-06-24T00:32:00.110901	143.0	-71.0
2026-06-24T00:32:00.110975	138.0	-71.0
2026-06-24T00:32:00.111046	140.0	-70.5
2026-06-24T00:32:00.111118	138.0	-72.0
2026-06-24T00:32:00.111185	142.0	-70.5
2026-06-24T00:32:00.111257	138.0	-71.5
2026-06-24T00:32:00.111329	142.0	-71.5
2026-06-24T00:32:00.111399	143.0	-71.5
2026-06-24T00:32:09.142574	140.0	-70.0
2026-06-24T00:32:09.142701	137.0	-70.5
2026-06-24T00:32:09.142788	143.0	-69.5
2026-06-24T00:32:09.142864	140.0	-70.5
2026-06-24T00:32:09.142937	142.0	-70.5
2026-06-24T00:32:09.143008	141.0	-70.5
2026-06-24T00:32:09.143081	137.0	-70.5
2026-06-24T00:32:09.143152	141.0	-70.5
2026-06-24T00:32:09.143221	139.0	-70.5
2026-06-24T00:32:09.143290	139.0	-70.0
2026-06-24T00:32:18.199165	149.0	-75.0
2026-06-24T00:32:18.199298	148.0	-76.0
2026-06-24T00:32:18.199373	149.0	-75.0
2026-06-24T00:32:18.199444	149.0	-74.5
2026-06-24T00:32:18.199524	147.0	-73.5
2026-06-24T00:32:18.199595	146.0	-72.5
2026-06-24T00:32:18.199665	152.0	-72.5
2026-06-24T00:32:18.199735	148.0	-71.5
2026-06-24T00:32:18.199812	148.0	-73.0
2026-06-24T00:32:18.199879	143.0	-74.0
2026-06-24T00:32:27.259676	139.0	-70.5
2026-06-24T00:32:27.259811	137.0	-71.0
2026-06-24T00:32:27.259886	143.0	-69.0
2026-06-24T00:32:27.259958	143.0	-70.5
2026-06-24T00:32:27.260029	141.0	-70.5
2026-06-24T00:32:27.260100	138.0	-70.5
2026-06-24T00:32:27.260172	136.0	-69.0
2026-06-24T00:32:27.260239	137.0	-70.5
2026-06-24T00:32:27.260308	142.0	-71.0
2026-06-24T00:32:27.260376	141.0	-70.5
2026-06-24T00:32:36.299604	140.0	-70.0
2026-06-24T00:32:36.299727	141.0	-70.0
2026-06-24T00:32:36.299803	141.0	-70.0
2026-06-24T00:32:36.299876	138.0	-70.0
2026-06-24T00:32:36.299946	141.0	-70.0
2026-06-24T00:32:36.300018	141.0	-70.0
2026-06-24T00:32:36.300086	142.0	-70.0
2026-06-24T00:32:36.300152	141.0	-70.5
2026-06-24T00:32:36.300232	137.0	-71.0
2026-06-24T00:32:36.300299	138.0	-71.5
2026-06-24T00:32:45.351233	124.0	-77.0
2026-06-24T00:32:45.351358	134.0	-72.0
2026-06-24T00:32:45.351431	137.0	-74.0
2026-06-24T00:32:45.351501	127.0	-79.0
2026-06-24T00:32:45.351569	136.0	-73.5
2026-06-24T00:32:45.351648	135.0	-74.0
2026-06-24T00:32:45.351716	134.0	-72.5
2026-06-24T00:32:45.351784	137.0	-70.5
2026-06-24T00:32:45.351862	136.0	-71.0
2026-06-24T00:32:54.367847	110.0	-77.5
2026-06-24T00:32:54.367994	170.0	-75.0
2026-06-24T00:32:54.368071	138.0	-75.5
2026-06-24T00:32:54.368148	149.0	-76.0
2026-06-24T00:32:54.368219	137.0	-75.5
2026-06-24T00:32:54.368292	148.0	-73.0
2026-06-24T00:32:54.368361	142.0	-75.5
2026-06-24T00:32:54.368431	148.0	-75.0
2026-06-24T00:32:54.368504	137.0	-73.5
2026-06-24T00:32:54.368572	145.0	-74.0
2026-06-24T00:33:03.454595	107.0	-78.5
2026-06-24T00:33:03.454734	167.0	-77.5
2026-06-24T00:33:03.454814	161.0	-80.5
2026-06-24T00:33:03.454891	119.0	-78.5
2026-06-24T00:33:03.454964	114.0	-78.5
2026-06-24T00:33:03.455036	116.0	-79.0
2026-06-24T00:33:03.455104	148.0	-79.5
2026-06-24T00:33:03.455175	120.0	-81.0
2026-06-24T00:33:03.455244	94.0	-79.5
2026-06-24T00:33:03.455316	137.0	-79.5
2026-06-24T00:33:12.502656	140.0	-78.0
2026-06-24T00:33:12.502783	140.0	-80.5
2026-06-24T00:33:12.502871	135.0	-79.5
2026-06-24T00:33:12.502947	139.0	-80.0
2026-06-24T00:33:12.503020	133.0	-79.0
2026-06-24T00:33:12.503086	145.0	-78.0
2026-06-24T00:33:12.503157	131.0	-79.5
2026-06-24T00:33:12.503228	153.0	-75.5
2026-06-24T00:33:12.503298	145.0	-74.5
2026-06-24T00:33:12.503370	143.0	-76.5
2026-06-24T00:33:21.550834	127.0	-79.0
2026-06-24T00:33:21.550960	140.0	-77.0
2026-06-24T00:33:21.551036	122.0	-80.0
2026-06-24T00:33:21.551110	147.0	-77.0
2026-06-24T00:33:21.551182	115.0	-81.0
2026-06-24T00:33:21.551252	145.0	-74.0
2026-06-24T00:33:21.551320	149.0	-76.0
2026-06-24T00:33:21.551389	143.0	-74.5
2026-06-24T00:33:30.589319	114.0	-75.0
2026-06-24T00:33:30.589442	117.0	-74.5
2026-06-24T00:33:30.589530	122.0	-75.0
2026-06-24T00:33:30.589603	121.0	-74.5
2026-06-24T00:33:30.589768	142.0	-77.5
2026-06-24T00:33:30.589849	139.0	-70.5
2026-06-24T00:33:30.589923	138.0	-68.5
2026-06-24T00:33:30.589995	137.0	-69.0
2026-06-24T00:33:30.590065	141.0	-68.5
2026-06-24T00:33:30.590137	134.0	-70.0
2026-06-24T00:33:39.623942	145.0	-73.0
2026-06-24T00:33:39.624066	152.0	-74.5
2026-06-24T00:33:39.624155	148.0	-75.0
2026-06-24T00:33:39.624229	150.0	-73.0
2026-06-24T00:33:39.624301	155.0	-74.0
2026-06-24T00:33:39.624370	149.0	-77.0
2026-06-24T00:33:39.624439	156.0	-75.0
2026-06-24T00:33:39.624508	149.0	-74.5
2026-06-24T00:33:39.624580	152.0	-75.5
2026-06-24T00:33:39.624652	148.0	-74.0
2026-06-24T00:33:48.662001	214.0	-80.5
2026-06-24T00:33:48.662137	220.0	-78.5
2026-06-24T00:33:48.662215	126.0	-79.0
2026-06-24T00:33:48.662287	136.0	-81.5
2026-06-24T00:33:48.662359	131.0	-82.0
2026-06-24T00:33:48.662427	132.0	-81.5
2026-06-24T00:33:48.662499	140.0	-81.0
2026-06-24T00:33:48.662569	146.0	-81.5
2026-06-24T00:33:48.662638	146.0	-81.5
2026-06-24T00:33:48.662707	153.0	-81.5
2026-06-24T00:33:57.715575	188.0	-78.5
2026-06-24T00:33:57.715712	187.0	-77.0
2026-06-24T00:33:57.715797	189.0	-78.0
2026-06-24T00:33:57.715870	188.0	-75.5
2026-06-24T00:33:57.715946	190.0	-78.0
2026-06-24T00:33:57.716018	195.0	-77.5
2026-06-24T00:33:57.716100	190.0	-77.0
2026-06-24T00:33:57.716167	188.0	-77.5
2026-06-24T00:34:06.753400	198.0	-78.0
2026-06-24T00:34:06.753534	198.0	-78.5
2026-06-24T00:34:06.753622	197.0	-78.0
2026-06-24T00:34:06.753778	193.0	-78.0
2026-06-24T00:34:06.753854	193.0	-77.5
2026-06-24T00:34:06.753927	192.0	-77.0
2026-06-24T00:34:06.753998	194.0	-78.0
2026-06-24T00:34:06.754067	190.0	-78.5
2026-06-24T00:34:06.754138	188.0	-77.5
2026-06-24T00:34:06.754210	195.0	-79.5
2026-06-24T00:34:06.754281	188.0	-79.0
2026-06-24T00:34:15.803506	160.0	-79.5
2026-06-24T00:34:15.803642	165.0	-76.0
2026-06-24T00:34:15.803718	167.0	-74.5
2026-06-24T00:34:15.803793	166.0	-77.0
2026-06-24T00:34:15.803863	165.0	-78.0
2026-06-24T00:34:15.803931	158.0	-78.5
2026-06-24T00:34:15.804004	165.0	-77.0
2026-06-24T00:34:15.804072	165.0	-78.0
2026-06-24T00:34:15.804140	165.0	-78.0
2026-06-24T00:34:15.804209	159.0	-76.5
2026-06-24T00:34:24.882922	166.0	-76.5
2026-06-24T00:34:24.883055	167.0	-76.5
2026-06-24T00:34:24.883135	171.0	-78.0
2026-06-24T00:34:24.883209	164.0	-79.5
2026-06-24T00:34:24.883283	169.0	-79.5
2026-06-24T00:34:24.883355	168.0	-79.0
2026-06-24T00:34:24.883423	163.0	-79.5
2026-06-24T00:34:24.883491	162.0	-79.5
2026-06-24T00:34:24.883564	161.0	-78.0
2026-06-24T00:34:24.883635	162.0	-77.0
2026-06-24T00:34:33.908708	165.0	-74.5
2026-06-24T00:34:33.908847	163.0	-75.0
2026-06-24T00:34:33.908925	160.0	-75.0
2026-06-24T00:34:33.909000	160.0	-77.5
2026-06-24T00:34:33.909077	159.0	-74.5
2026-06-24T00:34:33.909149	162.0	-75.5
2026-06-24T00:34:33.909221	161.0	-76.5
2026-06-24T00:34:33.909294	162.0	-76.5
2026-06-24T00:34:33.909365	160.0	-74.5
2026-06-24T00:34:42.945308	40.0	-65.5
2026-06-24T00:34:42.945445	36.0	-67.0
2026-06-24T00:34:42.945521	39.0	-63.0
2026-06-24T00:34:42.945594	38.0	-59.0
2026-06-24T00:34:42.945739	39.0	-59.5
2026-06-24T00:34:42.945819	42.0	-62.5
2026-06-24T00:34:42.945891	39.0	-64.0
2026-06-24T00:34:42.945959	38.0	-66.0
2026-06-24T00:34:42.946026	34.0	-64.0
2026-06-24T00:34:42.946095	37.0	-62.5
2026-06-24T00:34:51.997497	16.0	-65.0
2026-06-24T00:34:51.997621	18.0	-63.5
2026-06-24T00:34:51.997779	21.0	-63.5
2026-06-24T00:34:51.997860	17.0	-64.0
2026-06-24T00:34:51.997933	22.0	-63.0
2026-06-24T00:34:51.998000	22.0	-63.0
2026-06-24T00:34:51.998067	23.0	-63.0
2026-06-24T00:34:51.998132	24.0	-63.0
2026-06-24T00:34:51.998201	21.0	-64.0
2026-06-24T00:34:51.998267	15.0	-64.0
2026-06-24T00:35:01.031930	16.0	-65.0
2026-06-24T00:35:01.032055	24.0	-65.5
2026-06-24T00:35:01.032141	19.0	-65.0
2026-06-24T00:35:01.032214	18.0	-65.0
2026-06-24T00:35:01.032286	17.0	-64.5
2026-06-24T00:35:01.032360	19.0	-65.0
2026-06-24T00:35:01.032430	21.0	-65.0
2026-06-24T00:35:01.032498	18.0	-64.0
2026-06-24T00:35:01.032567	21.0	-64.5
2026-06-24T00:35:01.032638	21.0	-64.0
2026-06-24T00:35:10.074391	18.0	-65.0
2026-06-24T00:35:10.074516	21.0	-65.0
2026-06-24T00:35:10.074591	20.0	-65.0
2026-06-24T00:35:10.074664	18.0	-64.5
2026-06-24T00:35:10.074746	19.0	-64.5
2026-06-24T00:35:10.074819	15.0	-65.0
2026-06-24T00:35:10.074887	21.0	-65.0
2026-06-24T00:35:10.074956	18.0	-64.5
2026-06-24T00:35:10.075027	17.0	-64.5
2026-06-24T00:35:10.075096	21.0	-65.0
2026-06-24T00:35:19.104357	21.0	-65.5
2026-06-24T00:35:19.104494	19.0	-65.5
2026-06-24T00:35:19.104575	17.0	-65.5
2026-06-24T00:35:19.104652	15.0	-65.0
2026-06-24T00:35:19.104723	21.0	-64.5
2026-06-24T00:35:19.104798	24.0	-63.5
2026-06-24T00:35:19.104870	21.0	-64.0
2026-06-24T00:35:19.104936	22.0	-63.5
2026-06-24T00:35:19.105005	21.0	-63.5
2026-06-24T00:35:19.105075	20.0	-63.0
2026-06-24T00:35:28.165581	20.0	-64.5
2026-06-24T00:35:28.165802	16.0	-64.5
2026-06-24T00:35:28.165886	16.0	-64.5
2026-06-24T00:35:28.165961	21.0	-65.0
2026-06-24T00:35:28.166032	21.0	-64.5
2026-06-24T00:35:28.166105	14.0	-64.5
2026-06-24T00:35:28.166177	19.0	-64.5
2026-06-24T00:35:28.166248	14.0	-65.0
2026-06-24T00:35:28.166314	17.0	-65.0
2026-06-24T00:35:28.166382	19.0	-64.5
2026-06-24T00:35:37.238309	23.0	-57.5
2026-06-24T00:35:37.238445	21.0	-58.0
2026-06-24T00:35:37.238520	23.0	-58.0
2026-06-24T00:35:37.238591	22.0	-58.0
2026-06-24T00:35:37.238660	21.0	-58.0
2026-06-24T00:35:37.238729	26.0	-58.0
2026-06-24T00:35:37.238796	22.0	-57.5
2026-06-24T00:35:37.238866	23.0	-56.5
2026-06-24T00:35:37.238936	23.0	-57.5
2026-06-24T00:35:37.239006	25.0	-58.0
2026-06-24T00:35:46.266786	142.0	-76.5
2026-06-24T00:35:46.266924	137.0	-77.0
2026-06-24T00:35:46.267000	137.0	-74.5
2026-06-24T00:35:46.267078	135.0	-75.5
2026-06-24T00:35:46.267155	134.0	-77.0
2026-06-24T00:35:46.267226	139.0	-76.0
2026-06-24T00:35:46.267296	126.0	-79.5
2026-06-24T00:35:46.267367	135.0	-78.0
2026-06-24T00:35:46.267436	143.0	-80.0
2026-06-24T00:35:46.267507	161.0	-80.5
2026-06-24T00:35:55.306985	141.0	-82.0
2026-06-24T00:35:55.307110	127.0	-82.0
2026-06-24T00:35:55.307184	128.0	-80.0
2026-06-24T00:35:55.307258	123.0	-82.0
2026-06-24T00:35:55.307330	144.0	-80.0
2026-06-24T00:35:55.307398	143.0	-79.0
2026-06-24T00:35:55.307468	127.0	-82.0
2026-06-24T00:35:55.307536	145.0	-78.0
2026-06-24T00:35:55.307603	118.0	-81.0
2026-06-24T00:35:55.307673	122.0	-81.5
2026-06-24T00:36:04.347305	137.0	-81.0
2026-06-24T00:36:04.347428	144.0	-79.5
2026-06-24T00:36:04.347515	140.0	-80.0
2026-06-24T00:36:04.347589	142.0	-81.0
2026-06-24T00:36:04.347660	137.0	-81.0
2026-06-24T00:36:04.347730	143.0	-81.0
2026-06-24T00:36:04.347800	144.0	-80.0
2026-06-24T00:36:04.347867	137.0	-81.0
2026-06-24T00:36:04.347936	141.0	-80.5
2026-06-24T00:36:04.348006	142.0	-81.0
2026-06-24T00:36:13.381982	146.0	-80.0
2026-06-24T00:36:13.382110	148.0	-79.0
2026-06-24T00:36:13.382186	145.0	-81.0
2026-06-24T00:36:13.382261	151.0	-78.5
2026-06-24T00:36:13.382344	138.0	-78.5
2026-06-24T00:36:13.382418	156.0	-80.5
2026-06-24T00:36:13.382492	158.0	-81.0
2026-06-24T00:36:13.382560	154.0	-79.0
2026-06-24T00:36:13.382627	138.0	-80.5
2026-06-24T00:36:13.382699	145.0	-80.5
2026-06-24T00:36:22.424287	136.0	-79.5
2026-06-24T00:36:22.424429	143.0	-80.5
2026-06-24T00:36:22.424508	145.0	-80.0
2026-06-24T00:36:22.424581	137.0	-81.5
2026-06-24T00:36:22.424654	133.0	-81.0
2026-06-24T00:36:22.424724	137.0	-81.5
2026-06-24T00:36:22.424796	133.0	-81.5
2026-06-24T00:36:22.424867	136.0	-81.5
2026-06-24T00:36:22.424938	143.0	-81.0
2026-06-24T00:36:22.425006	136.0	-79.5
2026-06-24T00:36:22.425076	164.0	-81.0
2026-06-24T00:36:31.446472	128.0	-81.0
2026-06-24T00:36:31.446605	142.0	-81.0
2026-06-24T00:36:31.446682	135.0	-80.5
2026-06-24T00:36:31.446766	150.0	-80.0
2026-06-24T00:36:31.446841	136.0	-80.5
2026-06-24T00:36:31.446913	133.0	-77.0
2026-06-24T00:36:31.446984	140.0	-78.5
2026-06-24T00:36:31.447055	139.0	-79.5
2026-06-24T00:36:31.447126	144.0	-79.5
2026-06-24T00:36:31.447195	147.0	-80.0
2026-06-24T00:36:31.447264	142.0	-78.5
2026-06-24T00:36:40.500225	123.0	-80.0
2026-06-24T00:36:40.500357	102.0	-80.0
2026-06-24T00:36:40.500431	112.0	-71.0
2026-06-24T00:36:40.500506	99.0	-72.0
2026-06-24T00:36:40.500576	92.0	-69.0
2026-06-24T00:36:40.500645	87.0	-70.5
2026-06-24T00:36:40.500725	88.0	-74.0
2026-06-24T00:36:40.500792	61.0	-71.0
2026-06-24T00:36:40.500858	63.0	-66.0
2026-06-24T00:36:49.545107	25.0	-62.0
2026-06-24T00:36:49.545230	25.0	-63.0
2026-06-24T00:36:49.545305	27.0	-64.0
2026-06-24T00:36:49.545378	26.0	-63.5
2026-06-24T00:36:49.545459	23.0	-64.5
2026-06-24T00:36:49.545532	24.0	-64.5
2026-06-24T00:36:49.545602	25.0	-64.0
2026-06-24T00:36:49.545744	25.0	-64.0
2026-06-24T00:36:49.545820	25.0	-63.5
2026-06-24T00:36:49.545893	25.0	-62.0
2026-06-24T00:36:58.574687	24.0	-63.0
2026-06-24T00:36:58.574811	23.0	-64.0
2026-06-24T00:36:58.574887	22.0	-64.0
2026-06-24T00:36:58.574960	23.0	-64.0
2026-06-24T00:36:58.575030	23.0	-64.0
2026-06-24T00:36:58.575100	23.0	-64.0
2026-06-24T00:36:58.575168	22.0	-64.0
2026-06-24T00:36:58.575237	26.0	-63.5
2026-06-24T00:36:58.575318	25.0	-63.5
2026-06-24T00:36:58.575390	27.0	-63.5
2026-06-24T00:37:07.624461	26.0	-62.0
2026-06-24T00:37:07.624585	24.0	-62.5
2026-06-24T00:37:07.624672	25.0	-62.5
2026-06-24T00:37:07.624749	27.0	-63.0
2026-06-24T00:37:07.624820	25.0	-63.0
2026-06-24T00:37:07.624889	25.0	-61.5
2026-06-24T00:37:07.624962	23.0	-62.0
2026-06-24T00:37:07.625031	26.0	-62.5
2026-06-24T00:37:07.625102	26.0	-62.5
2026-06-24T00:37:07.625172	28.0	-61.5
2026-06-24T00:37:16.666383	25.0	-61.5
2026-06-24T00:37:16.666520	27.0	-61.5
2026-06-24T00:37:16.666600	26.0	-61.5
2026-06-24T00:37:16.666675	23.0	-63.0
2026-06-24T00:37:16.666747	23.0	-63.0
2026-06-24T00:37:16.666817	23.0	-62.0
2026-06-24T00:37:16.666886	26.0	-62.0
2026-06-24T00:37:16.666955	25.0	-62.0
2026-06-24T00:37:16.667024	28.0	-63.0
2026-06-24T00:37:16.667092	27.0	-62.0
2026-06-24T00:37:25.694770	25.0	-61.5
2026-06-24T00:37:25.694917	25.0	-60.5
2026-06-24T00:37:25.694996	24.0	-60.5
2026-06-24T00:37:25.695073	25.0	-60.5
2026-06-24T00:37:25.695149	23.0	-60.0
2026-06-24T00:37:25.695220	26.0	-60.5
2026-06-24T00:37:25.695293	25.0	-61.0
2026-06-24T00:37:25.695363	24.0	-61.5
2026-06-24T00:37:25.695434	25.0	-59.5
2026-06-24T00:37:25.695506	23.0	-61.0
2026-06-24T00:37:25.695576	25.0	-61.0
2026-06-24T00:37:34.755605	24.0	-63.5
2026-06-24T00:37:34.755744	26.0	-62.0
2026-06-24T00:37:34.755820	24.0	-63.0
2026-06-24T00:37:34.755893	25.0	-63.5
2026-06-24T00:37:34.755966	24.0	-63.0
2026-06-24T00:37:34.756035	21.0	-63.5
2026-06-24T00:37:34.756106	25.0	-63.5
2026-06-24T00:37:34.756176	27.0	-63.5
2026-06-24T00:37:34.756247	22.0	-63.5
2026-06-24T00:37:34.756316	23.0	-63.0
2026-06-24T00:37:43.812116	114.0	-76.5
2026-06-24T00:37:43.812251	115.0	-75.0
2026-06-24T00:37:43.812329	125.0	-71.5
2026-06-24T00:37:43.812404	113.0	-76.5
2026-06-24T00:37:43.812478	122.0	-77.5
2026-06-24T00:37:43.812550	145.0	-74.0
2026-06-24T00:37:43.812619	153.0	-70.5
2026-06-24T00:37:43.812691	151.0	-71.0
2026-06-24T00:37:43.812760	151.0	-70.0
2026-06-24T00:37:43.812828	153.0	-73.5
2026-06-24T00:37:52.848391	145.0	-70.5
2026-06-24T00:37:52.848525	146.0	-70.5
2026-06-24T00:37:52.848605	146.0	-71.5
2026-06-24T00:37:52.848682	147.0	-71.5
2026-06-24T00:37:52.848756	144.0	-70.5
2026-06-24T00:37:52.848829	150.0	-71.0
2026-06-24T00:37:52.848898	146.0	-72.5
2026-06-24T00:37:52.848969	145.0	-71.5
2026-06-24T00:37:52.849040	150.0	-72.5
2026-06-24T00:37:52.849113	146.0	-71.0
2026-06-24T00:38:01.867153	146.0	-71.5
2026-06-24T00:38:01.867289	143.0	-71.0
2026-06-24T00:38:01.867364	146.0	-70.5
2026-06-24T00:38:01.867440	145.0	-71.0
2026-06-24T00:38:01.867512	144.0	-71.5
2026-06-24T00:38:01.867582	145.0	-72.0
2026-06-24T00:38:01.867650	145.0	-73.0
2026-06-24T00:38:01.867716	144.0	-71.0
2026-06-24T00:38:01.867781	145.0	-71.5
2026-06-24T00:38:01.867850	146.0	-71.0
2026-06-24T00:38:10.923181	147.0	-71.0
2026-06-24T00:38:10.923306	148.0	-71.0
2026-06-24T00:38:10.923384	145.0	-71.5
2026-06-24T00:38:10.923470	150.0	-71.0
2026-06-24T00:38:10.923543	147.0	-70.0
2026-06-24T00:38:10.923612	148.0	-70.5
2026-06-24T00:38:10.923686	146.0	-70.5
2026-06-24T00:38:10.923758	146.0	-70.0
2026-06-24T00:38:10.923826	146.0	-71.0
2026-06-24T00:38:10.923894	146.0	-70.5
2026-06-24T00:38:19.953939	148.0	-71.0
2026-06-24T00:38:19.954065	146.0	-71.0
2026-06-24T00:38:19.954144	146.0	-71.0
2026-06-24T00:38:19.954217	148.0	-70.0
2026-06-24T00:38:19.954288	147.0	-70.0
2026-06-24T00:38:19.954359	147.0	-71.5
2026-06-24T00:38:19.954440	148.0	-70.5
2026-06-24T00:38:19.954514	148.0	-71.0
2026-06-24T00:38:19.954583	149.0	-70.5
2026-06-24T00:38:19.954655	150.0	-70.5
2026-06-24T00:38:29.001835	147.0	-71.0
2026-06-24T00:38:29.001960	146.0	-71.5
2026-06-24T00:38:29.002047	148.0	-70.0
2026-06-24T00:38:29.002121	146.0	-71.0
2026-06-24T00:38:29.002192	146.0	-70.5
2026-06-24T00:38:29.002264	146.0	-70.5
2026-06-24T00:38:29.002335	148.0	-71.0
2026-06-24T00:38:29.002405	148.0	-70.5
2026-06-24T00:38:29.002475	148.0	-71.0
2026-06-24T00:38:29.002543	146.0	-70.5
2026-06-24T00:38:38.024119	155.0	-75.5
2026-06-24T00:38:38.024254	157.0	-74.0
2026-06-24T00:38:38.024328	153.0	-73.5
2026-06-24T00:38:38.024403	153.0	-74.5
2026-06-24T00:38:38.024476	154.0	-76.0
2026-06-24T00:38:38.024546	155.0	-75.0
2026-06-24T00:38:38.024615	151.0	-75.0
2026-06-24T00:38:38.024683	148.0	-74.5
2026-06-24T00:38:38.024753	154.0	-75.5
2026-06-24T00:38:38.024822	148.0	-74.0
2026-06-24T00:38:47.076087	152.0	-72.0
2026-06-24T00:38:47.076211	155.0	-71.0
2026-06-24T00:38:47.076286	159.0	-71.0
2026-06-24T00:38:47.076358	153.0	-71.5
2026-06-24T00:38:47.076439	152.0	-71.0
2026-06-24T00:38:47.076508	149.0	-70.0
2026-06-24T00:38:47.076576	148.0	-70.5
2026-06-24T00:38:47.076648	146.0	-70.5
2026-06-24T00:38:47.076720	149.0	-71.5
2026-06-24T00:38:47.076789	142.0	-71.0
2026-06-24T00:38:56.119390	150.0	-79.5
2026-06-24T00:38:56.119527	151.0	-79.0
2026-06-24T00:38:56.119603	147.0	-76.5
2026-06-24T00:38:56.119680	151.0	-77.5
2026-06-24T00:38:56.119754	149.0	-78.0
2026-06-24T00:38:56.119824	150.0	-78.0
2026-06-24T00:38:56.119892	147.0	-79.0
2026-06-24T00:38:56.119962	147.0	-79.0
2026-06-24T00:38:56.120030	150.0	-77.5
2026-06-24T00:38:56.120100	148.0	-80.5
2026-06-24T00:39:05.151543	168.0	-74.5
2026-06-24T00:39:05.151679	168.0	-75.5
2026-06-24T00:39:05.151758	166.0	-73.5
2026-06-24T00:39:05.151834	166.0	-74.5
2026-06-24T00:39:05.151907	162.0	-74.5
2026-06-24T00:39:05.151980	166.0	-74.5
2026-06-24T00:39:05.152054	170.0	-74.5
2026-06-24T00:39:05.152126	164.0	-75.0
2026-06-24T00:39:05.152197	165.0	-74.5
2026-06-24T00:39:05.152268	172.0	-74.0
2026-06-24T00:39:14.193826	157.0	-75.0
2026-06-24T00:39:14.193952	157.0	-75.0
2026-06-24T00:39:14.194028	158.0	-75.0
2026-06-24T00:39:14.194099	154.0	-75.0
2026-06-24T00:39:14.194169	159.0	-75.5
2026-06-24T00:39:14.194258	166.0	-74.0
2026-06-24T00:39:14.194328	170.0	-74.0
2026-06-24T00:39:14.194394	158.0	-75.0
2026-06-24T00:39:14.194460	153.0	-74.0
2026-06-24T00:39:23.235690	119.0	-79.5
2026-06-24T00:39:23.235835	113.0	-78.5
2026-06-24T00:39:23.235915	133.0	-79.5
2026-06-24T00:39:23.235992	130.0	-80.5
2026-06-24T00:39:23.236068	133.0	-74.5
2026-06-24T00:39:23.236142	122.0	-74.5
2026-06-24T00:39:23.236217	129.0	-73.5
2026-06-24T00:39:23.236287	126.0	-76.0
2026-06-24T00:39:23.236355	120.0	-74.5
2026-06-24T00:39:23.236424	129.0	-77.5
2026-06-24T00:39:32.282458	147.0	-75.0
2026-06-24T00:39:32.282583	145.0	-76.0
2026-06-24T00:39:32.282659	128.0	-75.5
2026-06-24T00:39:32.282744	146.0	-74.5
2026-06-24T00:39:32.282820	144.0	-75.0
2026-06-24T00:39:32.282891	144.0	-77.0
2026-06-24T00:39:32.282961	145.0	-77.0
2026-06-24T00:39:32.283029	128.0	-76.5
2026-06-24T00:39:32.283102	122.0	-76.5
2026-06-24T00:39:32.283175	145.0	-75.5
2026-06-24T00:39:41.347181	137.0	-78.5
2026-06-24T00:39:41.347313	136.0	-79.5
2026-06-24T00:39:41.347393	140.0	-77.5
2026-06-24T00:39:41.347478	134.0	-80.0
2026-06-24T00:39:41.347552	136.0	-80.5
2026-06-24T00:39:41.347625	129.0	-77.5
2026-06-24T00:39:41.347697	124.0	-75.5
2026-06-24T00:39:41.347770	143.0	-75.5
2026-06-24T00:39:41.347840	141.0	-76.5
2026-06-24T00:39:50.371446	127.0	-77.0
2026-06-24T00:39:50.371567	124.0	-78.5
2026-06-24T00:39:50.371651	124.0	-78.5
2026-06-24T00:39:50.371725	132.0	-76.5
2026-06-24T00:39:50.371795	132.0	-75.0
2026-06-24T00:39:50.371862	143.0	-75.5
2026-06-24T00:39:50.371933	145.0	-74.0
2026-06-24T00:39:50.372001	149.0	-75.5
2026-06-24T00:39:50.372070	135.0	-77.5
2026-06-24T00:39:59.421914	128.0	-79.5
2026-06-24T00:39:59.422051	125.0	-80.5
2026-06-24T00:39:59.422128	127.0	-81.0
2026-06-24T00:39:59.422202	123.0	-81.5
2026-06-24T00:39:59.422275	124.0	-79.5
2026-06-24T00:39:59.422349	120.0	-79.0
2026-06-24T00:39:59.422421	126.0	-81.0
2026-06-24T00:39:59.422490	123.0	-80.0
2026-06-24T00:39:59.422558	121.0	-80.0
2026-06-24T00:39:59.422627	128.0	-77.0
2026-06-24T00:40:08.429905	124.0	-78.5
2026-06-24T00:40:08.430040	128.0	-76.5
2026-06-24T00:40:08.430118	128.0	-78.5
2026-06-24T00:40:08.430194	120.0	-79.0
2026-06-24T00:40:08.430266	129.0	-80.0
2026-06-24T00:40:08.430336	128.0	-79.5
2026-06-24T00:40:08.430407	127.0	-80.5
2026-06-24T00:40:08.430479	120.0	-81.0
2026-06-24T00:40:08.430547	128.0	-79.5
2026-06-24T00:40:08.430618	128.0	-79.5
2026-06-24T00:40:17.497131	122.0	-80.5
2026-06-24T00:40:17.497268	128.0	-80.0
2026-06-24T00:40:17.497345	125.0	-79.0
2026-06-24T00:40:17.497417	122.0	-79.5
2026-06-24T00:40:17.497489	123.0	-80.0
2026-06-24T00:40:17.497559	122.0	-80.0
2026-06-24T00:40:17.497629	125.0	-80.0
2026-06-24T00:40:17.497786	124.0	-80.0
2026-06-24T00:40:17.497862	122.0	-78.5
2026-06-24T00:40:26.528933	122.0	-80.0
2026-06-24T00:40:26.529057	124.0	-79.5
2026-06-24T00:40:26.529145	120.0	-78.5
2026-06-24T00:40:26.529220	124.0	-80.5
2026-06-24T00:40:26.529295	123.0	-79.5
2026-06-24T00:40:26.529371	125.0	-81.0
2026-06-24T00:40:26.529442	130.0	-81.5
2026-06-24T00:40:26.529513	126.0	-81.0
2026-06-24T00:40:26.529581	127.0	-81.5
2026-06-24T00:40:26.529653	129.0	-81.5
2026-06-24T00:40:35.557286	42.0	-69.0
2026-06-24T00:40:35.557407	43.0	-67.0
2026-06-24T00:40:35.557481	37.0	-66.0
2026-06-24T00:40:35.557555	28.0	-67.0
2026-06-24T00:40:35.557626	21.0	-67.0
2026-06-24T00:40:35.557768	26.0	-69.5
2026-06-24T00:40:35.557853	32.0	-72.0
2026-06-24T00:40:35.557921	38.0	-72.5
2026-06-24T00:40:35.557992	34.0	-73.5
2026-06-24T00:40:35.558064	31.0	-70.5
2026-06-24T00:40:44.595450	23.0	-64.0
2026-06-24T00:40:44.595574	24.0	-63.0
2026-06-24T00:40:44.595650	26.0	-63.0
2026-06-24T00:40:44.595722	25.0	-63.0
2026-06-24T00:40:44.595792	25.0	-61.5
2026-06-24T00:40:44.595870	26.0	-62.5
2026-06-24T00:40:44.595940	25.0	-63.0
2026-06-24T00:40:44.596007	27.0	-62.0
2026-06-24T00:40:44.596075	25.0	-62.5
2026-06-24T00:40:44.596146	24.0	-61.5
2026-06-24T00:40:53.631046	21.0	-63.5
2026-06-24T00:40:53.631183	21.0	-63.5
2026-06-24T00:40:53.631263	21.0	-63.5
2026-06-24T00:40:53.631341	22.0	-64.0
2026-06-24T00:40:53.631414	20.0	-64.0
2026-06-24T00:40:53.631484	23.0	-63.5
2026-06-24T00:40:53.631559	22.0	-63.5
2026-06-24T00:40:53.631631	23.0	-63.5
2026-06-24T00:40:53.631703	20.0	-63.5
2026-06-24T00:40:53.631775	23.0	-62.0
2026-06-24T00:41:02.678639	21.0	-64.0
2026-06-24T00:41:02.678762	23.0	-62.5
2026-06-24T00:41:02.678848	23.0	-63.0
2026-06-24T00:41:02.678922	23.0	-63.5
2026-06-24T00:41:02.678996	24.0	-62.5
2026-06-24T00:41:02.679068	21.0	-63.5
2026-06-24T00:41:02.679140	21.0	-63.0
2026-06-24T00:41:02.679210	20.0	-63.5
2026-06-24T00:41:02.679280	20.0	-63.0
2026-06-24T00:41:02.679349	24.0	-63.5
2026-06-24T00:41:11.742602	24.0	-60.5
2026-06-24T00:41:11.742740	26.0	-60.5
2026-06-24T00:41:11.742819	22.0	-61.0
2026-06-24T00:41:11.742893	23.0	-61.0
2026-06-24T00:41:11.742964	22.0	-61.0
2026-06-24T00:41:11.743034	26.0	-60.5
2026-06-24T00:41:11.743105	25.0	-61.0
2026-06-24T00:41:11.743172	26.0	-59.5
2026-06-24T00:41:11.743241	26.0	-60.5
2026-06-24T00:41:11.743311	25.0	-59.5
2026-06-24T00:41:20.768696	24.0	-63.0
2026-06-24T00:41:20.768822	26.0	-61.5
2026-06-24T00:41:20.768909	26.0	-62.5
2026-06-24T00:41:20.768985	24.0	-66.0
2026-06-24T00:41:20.769056	24.0	-66.5
2026-06-24T00:41:20.769127	24.0	-65.0
2026-06-24T00:41:20.769195	25.0	-64.5
2026-06-24T00:41:20.769266	25.0	-64.5
2026-06-24T00:41:20.769337	24.0	-64.5
2026-06-24T00:41:20.769407	25.0	-64.5
2026-06-24T00:41:29.811351	115.0	-75.5
2026-06-24T00:41:29.811486	120.0	-78.0
2026-06-24T00:41:29.811564	131.0	-80.0
2026-06-24T00:41:29.811645	137.0	-78.0
2026-06-24T00:41:29.811714	131.0	-80.0
2026-06-24T00:41:29.811783	128.0	-78.5
2026-06-24T00:41:29.811855	121.0	-77.0
2026-06-24T00:41:29.811931	125.0	-76.5
2026-06-24T00:41:38.848069	142.0	-79.5
2026-06-24T00:41:38.848205	140.0	-76.5
2026-06-24T00:41:38.848284	142.0	-78.0
2026-06-24T00:41:38.848357	151.0	-78.5
2026-06-24T00:41:38.848431	149.0	-77.0
2026-06-24T00:41:38.848501	149.0	-78.5
2026-06-24T00:41:38.848572	155.0	-79.5
2026-06-24T00:41:38.848641	152.0	-76.5
2026-06-24T00:41:38.848711	151.0	-78.0
2026-06-24T00:41:38.848780	152.0	-78.5
2026-06-24T00:41:47.886236	144.0	-79.5
2026-06-24T00:41:47.886374	145.0	-80.0
2026-06-24T00:41:47.886450	141.0	-79.5
2026-06-24T00:41:47.886525	144.0	-81.5
2026-06-24T00:41:47.886599	140.0	-81.0
2026-06-24T00:41:47.886669	144.0	-80.5
2026-06-24T00:41:47.886739	134.0	-81.0
2026-06-24T00:41:47.886806	130.0	-80.0
2026-06-24T00:41:47.886873	131.0	-79.5
2026-06-24T00:41:47.886943	127.0	-80.0
2026-06-24T00:41:56.926811	134.0	-79.0
2026-06-24T00:41:56.926945	134.0	-80.0
2026-06-24T00:41:56.927021	140.0	-79.0
2026-06-24T00:41:56.927094	134.0	-79.5
2026-06-24T00:41:56.927176	145.0	-78.5
2026-06-24T00:41:56.927249	131.0	-81.0
2026-06-24T00:41:56.927318	131.0	-79.5
2026-06-24T00:41:56.927388	132.0	-78.5
2026-06-24T00:41:56.927458	132.0	-77.5
2026-06-24T00:41:56.927527	142.0	-80.0
2026-06-24T00:42:05.983569	128.0	-77.0
2026-06-24T00:42:05.983693	133.0	-78.0
2026-06-24T00:42:05.983768	137.0	-75.5
2026-06-24T00:42:05.983852	129.0	-76.0
2026-06-24T00:42:05.983923	133.0	-76.5
2026-06-24T00:42:05.983997	128.0	-77.5
2026-06-24T00:42:05.984068	131.0	-78.0
2026-06-24T00:42:05.984141	130.0	-77.5
2026-06-24T00:42:05.984214	131.0	-76.5
2026-06-24T00:42:05.984287	129.0	-78.0
2026-06-24T00:42:15.024022	134.0	-75.5
2026-06-24T00:42:15.024160	133.0	-77.5
2026-06-24T00:42:15.024240	131.0	-74.5
2026-06-24T00:42:15.024315	139.0	-75.5
2026-06-24T00:42:15.024389	145.0	-76.0
2026-06-24T00:42:15.024458	139.0	-75.0
2026-06-24T00:42:15.024529	138.0	-73.5
2026-06-24T00:42:15.024598	138.0	-75.0
2026-06-24T00:42:15.024668	146.0	-74.0
2026-06-24T00:42:15.024735	142.0	-74.0
2026-06-24T00:42:24.086651	137.0	-79.5
2026-06-24T00:42:24.086787	138.0	-77.0
2026-06-24T00:42:24.086862	138.0	-76.5
2026-06-24T00:42:24.086937	138.0	-77.5
2026-06-24T00:42:24.087010	137.0	-77.5
2026-06-24T00:42:24.087083	139.0	-78.0
2026-06-24T00:42:24.087152	134.0	-78.5
2026-06-24T00:42:24.087223	137.0	-75.5
2026-06-24T00:42:24.087294	141.0	-77.5
2026-06-24T00:42:24.087366	134.0	-77.0
2026-06-24T00:42:33.120888	137.0	-78.5
2026-06-24T00:42:33.121021	131.0	-79.5
2026-06-24T00:42:33.121098	136.0	-77.5
2026-06-24T00:42:33.121173	141.0	-77.5
2026-06-24T00:42:33.121245	134.0	-75.5
2026-06-24T00:42:33.121326	136.0	-75.0
2026-06-24T00:42:33.121395	136.0	-76.0
2026-06-24T00:42:33.121464	137.0	-79.5
2026-06-24T00:42:33.121533	136.0	-79.5
2026-06-24T00:42:42.158592	23.0	-67.0
2026-06-24T00:42:42.158717	21.0	-66.5
2026-06-24T00:42:42.158803	24.0	-65.5
2026-06-24T00:42:42.158879	24.0	-64.5
2026-06-24T00:42:42.158954	25.0	-65.0
2026-06-24T00:42:42.159023	23.0	-65.0
2026-06-24T00:42:42.159092	21.0	-66.5
2026-06-24T00:42:42.159163	21.0	-67.5
2026-06-24T00:42:42.159235	21.0	-68.0
2026-06-24T00:42:42.159303	21.0	-68.5
2026-06-24T00:42:51.223888	17.0	-67.5
2026-06-24T00:42:51.224024	23.0	-66.0
2026-06-24T00:42:51.224100	26.0	-65.0
2026-06-24T00:42:51.224172	23.0	-65.5
2026-06-24T00:42:51.224247	25.0	-64.5
2026-06-24T00:42:51.224321	20.0	-67.0
2026-06-24T00:42:51.224392	23.0	-67.0
2026-06-24T00:42:51.224460	24.0	-66.5
2026-06-24T00:42:51.224530	29.0	-66.5
2026-06-24T00:42:51.224601	22.0	-67.0
2026-06-24T00:43:00.266381	18.0	-66.0
2026-06-24T00:43:00.266508	19.0	-67.0
2026-06-24T00:43:00.266585	21.0	-67.5
2026-06-24T00:43:00.266669	21.0	-67.5
2026-06-24T00:43:00.266746	20.0	-66.0
2026-06-24T00:43:00.266817	21.0	-65.0
2026-06-24T00:43:00.266886	22.0	-65.5
2026-06-24T00:43:00.266959	19.0	-66.0
2026-06-24T00:43:00.267026	22.0	-66.5
2026-06-24T00:43:00.267096	21.0	-67.0
2026-06-24T00:43:09.276110	38.0	-67.5
2026-06-24T00:43:09.276247	41.0	-67.0
2026-06-24T00:43:09.276323	37.0	-67.5
2026-06-24T00:43:09.276397	36.0	-69.5
2026-06-24T00:43:09.276471	33.0	-70.0
2026-06-24T00:43:09.276543	43.0	-66.5
2026-06-24T00:43:09.276615	39.0	-66.5
2026-06-24T00:43:09.276688	40.0	-66.0
2026-06-24T00:43:09.276756	42.0	-66.5
2026-06-24T00:43:09.276825	41.0	-67.0
2026-06-24T00:43:18.320548	22.0	-65.0
2026-06-24T00:43:18.320675	22.0	-64.0
2026-06-24T00:43:18.320750	24.0	-64.5
2026-06-24T00:43:18.320836	24.0	-66.0
2026-06-24T00:43:18.320907	34.0	-67.0
2026-06-24T00:43:18.320976	34.0	-69.5
2026-06-24T00:43:18.321049	31.0	-70.0
2026-06-24T00:43:18.321119	34.0	-68.5
2026-06-24T00:43:18.321190	39.0	-66.0
2026-06-24T00:43:18.321258	28.0	-67.0
2026-06-24T00:43:27.350514	27.0	-67.5
2026-06-24T00:43:27.350653	20.0	-68.0
2026-06-24T00:43:27.350727	24.0	-66.0
2026-06-24T00:43:27.350799	17.0	-65.5
2026-06-24T00:43:27.350872	25.0	-64.0
2026-06-24T00:43:27.350940	22.0	-64.5
2026-06-24T00:43:27.351013	20.0	-64.5
2026-06-24T00:43:27.351084	23.0	-65.5
2026-06-24T00:43:27.351155	19.0	-65.0
2026-06-24T00:43:27.351224	17.0	-65.5
2026-06-24T00:43:36.393031	152.0	-76.0
2026-06-24T00:43:36.393156	153.0	-73.5
2026-06-24T00:43:36.393252	158.0	-76.5
2026-06-24T00:43:36.393329	160.0	-76.0
2026-06-24T00:43:36.393403	157.0	-76.5
2026-06-24T00:43:36.393475	159.0	-76.0
2026-06-24T00:43:36.393546	160.0	-75.5
2026-06-24T00:43:36.393617	159.0	-72.5
2026-06-24T00:43:36.393769	153.0	-74.0
2026-06-24T00:43:45.442617	157.0	-75.5
2026-06-24T00:43:45.442754	156.0	-75.0
2026-06-24T00:43:45.442830	153.0	-77.0
2026-06-24T00:43:45.442903	153.0	-76.0
2026-06-24T00:43:45.442975	157.0	-74.5
2026-06-24T00:43:45.443046	153.0	-75.0
2026-06-24T00:43:45.443116	159.0	-75.0
2026-06-24T00:43:45.443183	156.0	-74.5
2026-06-24T00:43:45.443253	158.0	-75.5
2026-06-24T00:43:45.443323	152.0	-76.5
2026-06-24T00:43:54.486260	160.0	-72.5
2026-06-24T00:43:54.486398	160.0	-73.0
2026-06-24T00:43:54.486476	160.0	-72.5
2026-06-24T00:43:54.486552	162.0	-72.0
2026-06-24T00:43:54.486623	161.0	-73.0
2026-06-24T00:43:54.486694	154.0	-74.5
2026-06-24T00:43:54.486766	153.0	-72.5
2026-06-24T00:43:54.486837	156.0	-71.5
2026-06-24T00:43:54.486908	147.0	-74.0
2026-06-24T00:43:54.486977	145.0	-73.5
2026-06-24T00:44:03.528652	158.0	-73.0
2026-06-24T00:44:03.528777	157.0	-72.5
2026-06-24T00:44:03.528866	157.0	-74.0
2026-06-24T00:44:03.528939	157.0	-73.0
2026-06-24T00:44:03.529011	152.0	-72.0
2026-06-24T00:44:03.529082	157.0	-72.0
2026-06-24T00:44:03.529152	158.0	-72.0
2026-06-24T00:44:03.529220	158.0	-72.0
2026-06-24T00:44:03.529289	161.0	-75.0
2026-06-24T00:44:03.529359	155.0	-74.0
2026-06-24T00:44:12.552707	155.0	-76.0
2026-06-24T00:44:12.552833	159.0	-75.5
2026-06-24T00:44:12.552922	155.0	-77.0
2026-06-24T00:44:12.552997	158.0	-75.5
2026-06-24T00:44:12.553071	154.0	-76.5
2026-06-24T00:44:12.553145	155.0	-76.0
2026-06-24T00:44:12.553215	155.0	-77.0
2026-06-24T00:44:12.553286	150.0	-78.0
2026-06-24T00:44:12.553357	158.0	-74.0
2026-06-24T00:44:12.553428	156.0	-73.5
2026-06-24T00:44:21.602106	156.0	-71.5
2026-06-24T00:44:21.602242	155.0	-72.5
2026-06-24T00:44:21.602323	156.0	-71.5
2026-06-24T00:44:21.602401	156.0	-71.5
2026-06-24T00:44:21.602476	156.0	-72.0
2026-06-24T00:44:21.602547	154.0	-74.0
2026-06-24T00:44:21.602617	152.0	-72.5
2026-06-24T00:44:21.602687	154.0	-73.0
2026-06-24T00:44:21.602755	156.0	-72.0
2026-06-24T00:44:21.602823	154.0	-72.5
2026-06-24T00:44:30.653599	153.0	-74.5
2026-06-24T00:44:30.653805	154.0	-74.5
2026-06-24T00:44:30.653887	157.0	-74.0
2026-06-24T00:44:30.653960	155.0	-73.5
2026-06-24T00:44:30.654033	152.0	-73.5
2026-06-24T00:44:30.654107	154.0	-74.5
2026-06-24T00:44:30.654178	158.0	-73.0
2026-06-24T00:44:30.654245	158.0	-73.5
2026-06-24T00:44:30.654316	155.0	-74.0
2026-06-24T00:44:30.654385	152.0	-73.0
2026-06-24T00:44:39.693946	148.0	-76.0
2026-06-24T00:44:39.694071	145.0	-75.0
2026-06-24T00:44:39.694146	147.0	-75.5
2026-06-24T00:44:39.694238	152.0	-75.5
2026-06-24T00:44:39.694313	149.0	-73.5
2026-06-24T00:44:39.694383	149.0	-73.5
2026-06-24T00:44:39.694456	151.0	-74.0
2026-06-24T00:44:39.694524	150.0	-73.0
2026-06-24T00:44:39.694592	151.0	-75.5
2026-06-24T00:44:48.730236	149.0	-78.5
2026-06-24T00:44:48.730375	148.0	-79.0
2026-06-24T00:44:48.730451	149.0	-77.0
2026-06-24T00:44:48.730524	151.0	-78.0
2026-06-24T00:44:48.730595	148.0	-77.5
2026-06-24T00:44:48.730668	150.0	-77.0
2026-06-24T00:44:48.730737	151.0	-78.5
2026-06-24T00:44:48.730819	151.0	-77.0
2026-06-24T00:44:48.730887	150.0	-77.0
2026-06-24T00:44:57.771176	163.0	-79.0
2026-06-24T00:44:57.771302	139.0	-74.5
2026-06-24T00:44:57.771389	126.0	-75.5
2026-06-24T00:44:57.771467	136.0	-70.5
2026-06-24T00:44:57.771541	133.0	-69.5
2026-06-24T00:44:57.771614	137.0	-76.0
2026-06-24T00:44:57.771684	116.0	-80.0
2026-06-24T00:44:57.771752	131.0	-70.5
2026-06-24T00:44:57.771821	132.0	-76.0
2026-06-24T00:44:57.771890	123.0	-75.0
2026-06-24T00:45:06.798724	125.0	-80.0
2026-06-24T00:45:06.798850	127.0	-78.0
2026-06-24T00:45:06.798927	127.0	-77.5
2026-06-24T00:45:06.799011	128.0	-76.0
2026-06-24T00:45:06.799091	127.0	-79.0
2026-06-24T00:45:06.799161	125.0	-80.0
2026-06-24T00:45:06.799229	128.0	-80.5
2026-06-24T00:45:06.799302	129.0	-80.5
2026-06-24T00:45:06.799372	125.0	-80.5
2026-06-24T00:45:15.868146	143.0	-78.5
2026-06-24T00:45:15.868282	144.0	-78.5
2026-06-24T00:45:15.868362	137.0	-80.5
2026-06-24T00:45:15.868439	137.0	-78.0
2026-06-24T00:45:15.868512	134.0	-75.5
2026-06-24T00:45:15.868585	130.0	-78.0
2026-06-24T00:45:15.868655	128.0	-78.0
2026-06-24T00:45:15.868724	131.0	-77.0
2026-06-24T00:45:15.868793	132.0	-77.5
2026-06-24T00:45:15.868866	138.0	-77.5
2026-06-24T00:45:24.891649	134.0	-80.5
2026-06-24T00:45:24.891786	133.0	-79.5
2026-06-24T00:45:24.891865	140.0	-78.0
2026-06-24T00:45:24.891938	135.0	-79.5
2026-06-24T00:45:24.892012	137.0	-79.0
2026-06-24T00:45:24.892083	134.0	-78.0
2026-06-24T00:45:24.892153	134.0	-78.0
2026-06-24T00:45:24.892221	135.0	-77.5
2026-06-24T00:45:24.892290	134.0	-78.0
2026-06-24T00:45:24.892359	135.0	-79.5
2026-06-24T00:45:33.936115	137.0	-79.0
2026-06-24T00:45:33.936239	137.0	-78.5
2026-06-24T00:45:33.936327	140.0	-77.0
2026-06-24T00:45:33.936403	144.0	-80.0
2026-06-24T00:45:33.936475	141.0	-79.5
2026-06-24T00:45:33.936549	145.0	-77.0
2026-06-24T00:45:33.936626	137.0	-77.5
2026-06-24T00:45:33.936696	129.0	-79.5
2026-06-24T00:45:33.936766	135.0	-77.5
2026-06-24T00:45:42.958677	134.0	-80.0
2026-06-24T00:45:42.958803	132.0	-80.5
2026-06-24T00:45:42.958889	135.0	-80.5
2026-06-24T00:45:42.958965	131.0	-80.5
2026-06-24T00:45:42.959038	132.0	-80.5
2026-06-24T00:45:42.959112	131.0	-80.0
2026-06-24T00:45:42.959181	135.0	-78.0
2026-06-24T00:45:42.959247	134.0	-79.0
2026-06-24T00:45:42.959314	138.0	-79.0
2026-06-24T00:45:42.959380	136.0	-79.0
2026-06-24T00:45:51.974597	135.0	-80.0
2026-06-24T00:45:51.974732	136.0	-80.0
2026-06-24T00:45:51.974808	133.0	-80.0
2026-06-24T00:45:51.974882	136.0	-81.0
2026-06-24T00:45:51.974954	137.0	-80.0
2026-06-24T00:45:51.975023	134.0	-80.5
2026-06-24T00:45:51.975104	133.0	-81.5
2026-06-24T00:45:51.975177	133.0	-81.0
2026-06-24T00:45:51.975244	135.0	-81.5
2026-06-24T00:45:51.975315	130.0	-81.5
2026-06-24T00:45:51.975385	136.0	-81.5
2026-06-24T00:46:01.029330	82.0	-80.0
2026-06-24T00:46:01.029456	99.0	-74.5
2026-06-24T00:46:01.029541	87.0	-75.0
2026-06-24T00:46:01.029615	88.0	-75.0
2026-06-24T00:46:01.029758	83.0	-70.0
2026-06-24T00:46:01.029832	64.0	-69.5
2026-06-24T00:46:01.029904	65.0	-69.0
2026-06-24T00:46:01.029972	55.0	-73.0
2026-06-24T00:46:01.030038	50.0	-70.0
2026-06-24T00:46:01.030106	43.0	-68.5
2026-06-24T00:46:10.057545	29.0	-67.5
2026-06-24T00:46:10.057769	26.0	-68.0
2026-06-24T00:46:10.057849	27.0	-68.5
2026-06-24T00:46:10.057927	29.0	-68.0
2026-06-24T00:46:10.058000	26.0	-68.0
2026-06-24T00:46:10.058069	29.0	-68.0
2026-06-24T00:46:10.058140	25.0	-68.5
2026-06-24T00:46:10.058210	24.0	-69.0
2026-06-24T00:46:10.058277	28.0	-68.0
2026-06-24T00:46:10.058345	27.0	-68.5
2026-06-24T00:46:19.093612	38.0	-69.0
2026-06-24T00:46:19.093810	38.0	-69.5
2026-06-24T00:46:19.093900	30.0	-70.0
2026-06-24T00:46:19.093975	30.0	-69.5
2026-06-24T00:46:19.094049	30.0	-68.0
2026-06-24T00:46:19.094119	33.0	-69.0
2026-06-24T00:46:19.094189	31.0	-68.0
2026-06-24T00:46:19.094257	30.0	-68.5
2026-06-24T00:46:19.094328	31.0	-69.5
2026-06-24T00:46:19.094400	34.0	-69.5
2026-06-24T00:46:28.123776	22.0	-64.0
2026-06-24T00:46:28.123908	23.0	-61.5
2026-06-24T00:46:28.123995	22.0	-63.0
2026-06-24T00:46:28.124068	24.0	-63.0
2026-06-24T00:46:28.124139	23.0	-62.0
2026-06-24T00:46:28.124208	26.0	-60.5
2026-06-24T00:46:28.124281	18.0	-66.0
2026-06-24T00:46:28.124347	15.0	-66.0
2026-06-24T00:46:28.124416	15.0	-66.5
2026-06-24T00:46:28.124486	11.0	-67.0
2026-06-24T00:46:28.124553	26.0	-63.5
2026-06-24T00:46:37.170343	20.0	-66.0
2026-06-24T00:46:37.170466	21.0	-66.5
2026-06-24T00:46:37.170551	21.0	-66.0
2026-06-24T00:46:37.170623	24.0	-66.5
2026-06-24T00:46:37.170694	16.0	-67.0
2026-06-24T00:46:37.170763	21.0	-66.5
2026-06-24T00:46:37.170834	19.0	-65.5
2026-06-24T00:46:37.170905	21.0	-66.0
2026-06-24T00:46:37.170971	24.0	-66.5
2026-06-24T00:46:37.171042	21.0	-67.5
2026-06-24T00:46:46.212379	15.0	-70.0
2026-06-24T00:46:46.212502	16.0	-67.0
2026-06-24T00:46:46.212575	18.0	-65.5
2026-06-24T00:46:46.212658	19.0	-68.0
2026-06-24T00:46:46.212728	19.0	-66.5
2026-06-24T00:46:46.212800	18.0	-68.0
2026-06-24T00:46:46.212869	14.0	-69.0
2026-06-24T00:46:46.212937	20.0	-66.0
2026-06-24T00:46:46.213004	25.0	-66.5
2026-06-24T00:46:46.213073	19.0	-66.5
2026-06-24T00:46:55.261843	21.0	-66.5
2026-06-24T00:46:55.261980	17.0	-68.5
2026-06-24T00:46:55.262058	17.0	-67.5
2026-06-24T00:46:55.262135	22.0	-66.0
2026-06-24T00:46:55.262206	16.0	-68.0
2026-06-24T00:46:55.262277	24.0	-65.5
2026-06-24T00:46:55.262350	16.0	-67.0
2026-06-24T00:46:55.262420	17.0	-67.5
2026-06-24T00:46:55.262491	21.0	-65.5
2026-06-24T00:46:55.262562	17.0	-67.5
2026-06-24T00:47:04.278301	13.0	-69.0
2026-06-24T00:47:04.278426	17.0	-68.0
2026-06-24T00:47:04.278503	23.0	-68.0
2026-06-24T00:47:04.278576	15.0	-68.5
2026-06-24T00:47:04.278659	20.0	-67.5
2026-06-24T00:47:04.278734	15.0	-68.0
2026-06-24T00:47:04.278805	16.0	-68.0
2026-06-24T00:47:04.278873	16.0	-67.5
2026-06-24T00:47:04.278945	21.0	-68.0
2026-06-24T00:47:04.279016	15.0	-68.0
2026-06-24T00:47:13.339724	99.0	-75.0
2026-06-24T00:47:13.339850	107.0	-76.5
2026-06-24T00:47:13.339936	106.0	-75.0
2026-06-24T00:47:13.340007	114.0	-69.5
2026-06-24T00:47:13.340083	115.0	-70.0
2026-06-24T00:47:13.340153	129.0	-76.0
2026-06-24T00:47:13.340221	134.0	-76.0
2026-06-24T00:47:13.340287	134.0	-75.0
2026-06-24T00:47:13.340356	143.0	-76.5
2026-06-24T00:47:13.340427	145.0	-75.0
2026-06-24T00:47:22.361960	171.0	-79.0
2026-06-24T00:47:22.362086	173.0	-78.0
2026-06-24T00:47:22.362160	179.0	-77.5
2026-06-24T00:47:22.362245	179.0	-76.5
2026-06-24T00:47:22.362320	179.0	-76.0
2026-06-24T00:47:22.362389	179.0	-81.0
2026-06-24T00:47:22.362457	168.0	-81.0
2026-06-24T00:47:22.362527	176.0	-80.5
2026-06-24T00:47:22.362600	170.0	-81.0
2026-06-24T00:47:22.362670	182.0	-80.0
2026-06-24T00:47:31.402095	175.0	-80.0
2026-06-24T00:47:31.402221	175.0	-79.0
2026-06-24T00:47:31.402297	176.0	-79.5
2026-06-24T00:47:31.402380	177.0	-79.5
2026-06-24T00:47:31.402456	170.0	-78.5
2026-06-24T00:47:31.402529	174.0	-78.5
2026-06-24T00:47:31.402598	171.0	-79.0
2026-06-24T00:47:31.402667	173.0	-78.0
2026-06-24T00:47:31.402735	175.0	-80.0
2026-06-24T00:47:31.402804	171.0	-79.5
2026-06-24T00:47:40.451141	164.0	-81.0
2026-06-24T00:47:40.451267	167.0	-79.0
2026-06-24T00:47:40.451343	167.0	-78.5
2026-06-24T00:47:40.451427	167.0	-80.0
2026-06-24T00:47:40.451499	169.0	-79.5
2026-06-24T00:47:40.451570	168.0	-79.0
2026-06-24T00:47:40.451637	171.0	-80.0
2026-06-24T00:47:40.451703	168.0	-77.5
2026-06-24T00:47:40.451772	173.0	-77.0
2026-06-24T00:47:40.451841	172.0	-75.5
2026-06-24T00:47:49.491320	172.0	-79.0
2026-06-24T00:47:49.491446	174.0	-77.5
2026-06-24T00:47:49.491533	176.0	-77.0
2026-06-24T00:47:49.491604	174.0	-78.0
2026-06-24T00:47:49.491673	173.0	-78.0
2026-06-24T00:47:49.491739	174.0	-78.5
2026-06-24T00:47:49.491809	174.0	-77.0
2026-06-24T00:47:49.491876	170.0	-79.0
2026-06-24T00:47:49.491942	172.0	-77.5
2026-06-24T00:47:49.492012	174.0	-78.0
2026-06-24T00:47:58.522667	168.0	-78.0
2026-06-24T00:47:58.522793	168.0	-78.0
2026-06-24T00:47:58.522867	173.0	-77.5
2026-06-24T00:47:58.522950	169.0	-77.5
2026-06-24T00:47:58.523022	172.0	-76.0
2026-06-24T00:47:58.523092	170.0	-77.0
2026-06-24T00:47:58.523161	171.0	-76.5
2026-06-24T00:47:58.523232	172.0	-77.0
2026-06-24T00:47:58.523299	171.0	-77.5
2026-06-24T00:47:58.523369	169.0	-77.0
2026-06-24T00:48:07.612647	172.0	-75.5
2026-06-24T00:48:07.612784	172.0	-75.0
2026-06-24T00:48:07.612860	167.0	-74.5
2026-06-24T00:48:07.612944	172.0	-76.0
2026-06-24T00:48:07.613016	170.0	-74.5
2026-06-24T00:48:07.613089	171.0	-75.0
2026-06-24T00:48:07.613160	175.0	-74.5
2026-06-24T00:48:07.613231	169.0	-74.5
2026-06-24T00:48:07.613302	169.0	-75.5
2026-06-24T00:48:16.604487	171.0	-77.0
2026-06-24T00:48:16.604612	173.0	-75.5
2026-06-24T00:48:16.604697	173.0	-75.0
2026-06-24T00:48:16.604771	175.0	-74.5
2026-06-24T00:48:16.604843	174.0	-74.0
2026-06-24T00:48:16.604913	169.0	-75.0
2026-06-24T00:48:16.604980	172.0	-75.5
2026-06-24T00:48:16.605049	171.0	-74.5
2026-06-24T00:48:16.605117	172.0	-76.0
2026-06-24T00:48:16.605184	172.0	-75.0
2026-06-24T00:48:25.622431	171.0	-76.0
2026-06-24T00:48:25.622564	175.0	-75.5
2026-06-24T00:48:25.622653	168.0	-75.5
2026-06-24T00:48:25.622728	169.0	-75.0
2026-06-24T00:48:25.622799	170.0	-75.0
2026-06-24T00:48:25.622869	172.0	-76.0
2026-06-24T00:48:25.622946	173.0	-75.5
2026-06-24T00:48:25.623025	170.0	-76.0
2026-06-24T00:48:25.623092	171.0	-76.0
2026-06-24T00:48:34.673335	25.0	-67.0
2026-06-24T00:48:34.673458	27.0	-66.5
2026-06-24T00:48:34.673545	36.0	-65.5
2026-06-24T00:48:34.673619	27.0	-69.0
2026-06-24T00:48:34.673779	29.0	-68.5
2026-06-24T00:48:34.673856	25.0	-68.5
2026-06-24T00:48:34.673928	30.0	-68.0
2026-06-24T00:48:34.673998	32.0	-65.5
2026-06-24T00:48:34.674069	35.0	-66.0
2026-06-24T00:48:34.674138	28.0	-66.5
2026-06-24T00:48:43.693882	32.0	-62.5
2026-06-24T00:48:43.694024	35.0	-63.5
2026-06-24T00:48:43.694102	31.0	-63.0
2026-06-24T00:48:43.694173	36.0	-62.5
2026-06-24T00:48:43.694247	36.0	-63.5
2026-06-24T00:48:43.694318	35.0	-63.0
2026-06-24T00:48:43.694414	34.0	-63.5
2026-06-24T00:48:43.694488	35.0	-63.0
2026-06-24T00:48:43.694557	35.0	-62.5
2026-06-24T00:48:43.694628	35.0	-63.5
2026-06-24T00:48:43.694696	34.0	-63.0
2026-06-24T00:48:52.735528	37.0	-63.5
2026-06-24T00:48:52.735672	36.0	-69.5
2026-06-24T00:48:52.735750	35.0	-69.5
2026-06-24T00:48:52.735826	34.0	-69.5
2026-06-24T00:48:52.735899	35.0	-69.5
2026-06-24T00:48:52.735970	38.0	-69.0
2026-06-24T00:48:52.736042	35.0	-69.0
2026-06-24T00:48:52.736109	35.0	-69.5
2026-06-24T00:48:52.736180	37.0	-69.0
2026-06-24T00:48:52.736247	38.0	-68.0
2026-06-24T00:48:52.736313	32.0	-70.0
2026-06-24T00:49:01.809491	35.0	-67.0
2026-06-24T00:49:01.809614	34.0	-67.0
2026-06-24T00:49:01.809772	37.0	-67.0
2026-06-24T00:49:01.809850	32.0	-67.0
2026-06-24T00:49:01.809919	35.0	-67.5
2026-06-24T00:49:01.810000	33.0	-66.5
2026-06-24T00:49:01.810072	33.0	-67.0
2026-06-24T00:49:01.810141	35.0	-66.0
2026-06-24T00:49:01.810209	32.0	-66.5
2026-06-24T00:49:01.810280	34.0	-66.5
2026-06-24T00:49:10.843580	37.0	-64.5
2026-06-24T00:49:10.843715	37.0	-64.5
2026-06-24T00:49:10.843795	38.0	-64.5
2026-06-24T00:49:10.843871	36.0	-65.0
2026-06-24T00:49:10.843944	35.0	-64.5
2026-06-24T00:49:10.844016	35.0	-65.0
2026-06-24T00:49:10.844085	39.0	-64.5
2026-06-24T00:49:10.844153	35.0	-65.0
2026-06-24T00:49:10.844223	35.0	-64.5
2026-06-24T00:49:10.844292	34.0	-65.0
2026-06-24T00:49:19.885165	32.0	-61.0
2026-06-24T00:49:19.885289	35.0	-60.0
2026-06-24T00:49:19.885363	33.0	-61.5
2026-06-24T00:49:19.885448	31.0	-61.5
2026-06-24T00:49:19.885523	31.0	-61.0
2026-06-24T00:49:19.885594	35.0	-60.0
2026-06-24T00:49:19.885722	32.0	-60.5
2026-06-24T00:49:19.885801	31.0	-61.5
2026-06-24T00:49:19.885874	32.0	-61.5
2026-06-24T00:49:19.885946	35.0	-60.0
2026-06-24T00:49:28.905960	26.0	-59.5
2026-06-24T00:49:28.906097	25.0	-62.0
2026-06-24T00:49:28.906175	25.0	-61.5
2026-06-24T00:49:28.906251	31.0	-59.5
2026-06-24T00:49:28.906326	29.0	-60.5
2026-06-24T00:49:28.906399	28.0	-64.5
2026-06-24T00:49:28.906471	32.0	-61.5
2026-06-24T00:49:28.906545	31.0	-63.0
2026-06-24T00:49:28.906616	30.0	-63.0
2026-06-24T00:49:28.906688	28.0	-65.0
2026-06-24T00:49:37.942130	29.0	-63.5
2026-06-24T00:49:37.942267	39.0	-66.0
2026-06-24T00:49:37.942344	46.0	-66.5
2026-06-24T00:49:37.942420	41.0	-73.0
2026-06-24T00:49:37.942492	55.0	-68.0
2026-06-24T00:49:37.942565	62.0	-76.5
2026-06-24T00:49:37.942639	78.0	-75.0
2026-06-24T00:49:37.942707	83.0	-67.5
2026-06-24T00:49:37.942777	77.0	-66.0
2026-06-24T00:49:37.942847	69.0	-69.5
2026-06-24T00:49:46.979992	156.0	-76.5
2026-06-24T00:49:46.980130	157.0	-75.0
2026-06-24T00:49:46.980206	158.0	-76.0
2026-06-24T00:49:46.980282	157.0	-76.0
2026-06-24T00:49:46.980356	155.0	-75.5
2026-06-24T00:49:46.980429	159.0	-75.0
2026-06-24T00:49:46.980497	155.0	-75.5
2026-06-24T00:49:46.980568	156.0	-75.0
2026-06-24T00:49:46.980638	154.0	-76.5
2026-06-24T00:49:46.980708	155.0	-74.5
2026-06-24T00:49:56.014033	140.0	-76.0
2026-06-24T00:49:56.014188	144.0	-77.0
2026-06-24T00:49:56.014265	141.0	-76.0
2026-06-24T00:49:56.014338	141.0	-75.5
2026-06-24T00:49:56.014421	152.0	-74.5
2026-06-24T00:50:05.057310	143.0	-75.5
2026-06-24T00:50:05.057448	152.0	-76.0
2026-06-24T00:50:05.057526	144.0	-75.5
2026-06-24T00:50:05.057602	148.0	-76.5
2026-06-24T00:50:05.057761	143.0	-74.5
2026-06-24T00:50:05.057849	153.0	-74.0
2026-06-24T00:50:05.057917	144.0	-75.0
2026-06-24T00:50:05.057984	148.0	-77.0
2026-06-24T00:50:05.058052	156.0	-75.5
2026-06-24T00:50:14.104779	141.0	-75.5
2026-06-24T00:50:14.104925	158.0	-75.5
2026-06-24T00:50:14.105012	157.0	-74.5
2026-06-24T00:50:14.105096	150.0	-74.5
2026-06-24T00:50:14.105172	156.0	-76.0
2026-06-24T00:50:14.105242	152.0	-76.0
2026-06-24T00:50:14.105311	151.0	-75.5
2026-06-24T00:50:23.146149	140.0	-75.0
2026-06-24T00:50:23.146282	141.0	-73.5
2026-06-24T00:50:23.146368	169.0	-76.5
2026-06-24T00:50:23.146444	162.0	-74.0
2026-06-24T00:50:23.146525	165.0	-76.5
2026-06-24T00:50:23.146595	143.0	-75.5
2026-06-24T00:50:23.146679	152.0	-75.5
2026-06-24T00:50:32.172436	131.0	-75.5
2026-06-24T00:50:32.172573	131.0	-75.0
2026-06-24T00:50:32.172650	131.0	-75.5
2026-06-24T00:50:32.172725	136.0	-75.5
2026-06-24T00:50:32.172798	133.0	-76.0
2026-06-24T00:50:32.172867	135.0	-76.0
2026-06-24T00:50:32.172934	134.0	-76.0
2026-06-24T00:50:32.173003	134.0	-76.5
2026-06-24T00:50:32.173075	133.0	-76.5
2026-06-24T00:50:32.173146	139.0	-76.5
2026-06-24T00:50:41.214044	141.0	-76.0
2026-06-24T00:50:41.214168	144.0	-76.5
2026-06-24T00:50:41.214252	137.0	-77.0
2026-06-24T00:50:41.214324	146.0	-77.5
2026-06-24T00:50:41.214395	138.0	-76.5
2026-06-24T00:50:41.214466	142.0	-76.5
2026-06-24T00:50:41.214545	141.0	-79.5
2026-06-24T00:50:41.214614	145.0	-79.0
2026-06-24T00:50:41.214680	143.0	-77.5
2026-06-24T00:50:50.256309	147.0	-78.5
2026-06-24T00:50:50.256455	135.0	-75.0
2026-06-24T00:50:50.256540	140.0	-76.0
2026-06-24T00:50:50.256622	142.0	-78.0
2026-06-24T00:50:50.256716	140.0	-77.0
2026-06-24T00:50:59.297109	147.0	-74.0
2026-06-24T00:50:59.297232	146.0	-73.5
2026-06-24T00:50:59.297319	148.0	-75.0
2026-06-24T00:50:59.297393	137.0	-75.5
2026-06-24T00:50:59.297467	145.0	-74.5
2026-06-24T00:50:59.297538	135.0	-76.0
2026-06-24T00:50:59.297617	142.0	-78.0
2026-06-24T00:50:59.297771	143.0	-75.5
2026-06-24T00:51:08.337526	141.0	-76.5
2026-06-24T00:51:08.337730	141.0	-75.5
2026-06-24T00:51:08.337817	141.0	-76.0
2026-06-24T00:51:08.337891	144.0	-76.5
2026-06-24T00:51:08.337966	145.0	-75.5
2026-06-24T00:51:08.338038	149.0	-77.0
2026-06-24T00:51:08.338108	148.0	-77.0
2026-06-24T00:51:08.338176	143.0	-75.0
2026-06-24T00:51:08.338244	149.0	-76.0
2026-06-24T00:51:08.338312	146.0	-76.0
2026-06-24T00:51:17.369578	147.0	-76.0
2026-06-24T00:51:17.369783	142.0	-76.0
2026-06-24T00:51:17.369862	139.0	-76.0
2026-06-24T00:51:17.369934	137.0	-77.5
2026-06-24T00:51:17.370017	141.0	-78.0
2026-06-24T00:51:17.370087	140.0	-76.5
2026-06-24T00:51:17.370174	135.0	-78.5
2026-06-24T00:51:17.370244	136.0	-79.0
2026-06-24T00:51:17.370310	139.0	-79.0
2026-06-24T00:51:26.408344	126.0	-80.5
2026-06-24T00:51:26.408481	123.0	-80.0
2026-06-24T00:51:26.408559	125.0	-78.0
2026-06-24T00:51:26.408640	135.0	-76.5
2026-06-24T00:51:26.408713	133.0	-76.0
2026-06-24T00:51:26.408783	142.0	-77.0
2026-06-24T00:51:26.408850	134.0	-76.0
2026-06-24T00:51:26.408920	130.0	-76.5
2026-06-24T00:51:26.408990	127.0	-78.5
2026-06-24T00:51:35.442252	136.0	-77.5
2026-06-24T00:51:35.442386	142.0	-74.5
2026-06-24T00:51:35.442465	146.0	-74.5
2026-06-24T00:51:35.442539	128.0	-75.0
2026-06-24T00:51:35.442625	128.0	-75.0
2026-06-24T00:51:35.442715	133.0	-74.5
2026-06-24T00:51:44.497486	134.0	-72.0
2026-06-24T00:51:44.497612	140.0	-72.0
2026-06-24T00:51:44.497769	136.0	-72.0
2026-06-24T00:51:44.497849	137.0	-72.0
2026-06-24T00:51:44.497921	135.0	-70.5
2026-06-24T00:51:44.498003	136.0	-71.0
2026-06-24T00:51:44.498074	137.0	-71.5
2026-06-24T00:51:44.498146	135.0	-73.0
2026-06-24T00:51:44.498213	134.0	-70.0
2026-06-24T00:51:44.498284	132.0	-70.0
2026-06-24T00:51:53.533178	128.0	-71.5
2026-06-24T00:51:53.533315	129.0	-71.0
2026-06-24T00:51:53.533391	135.0	-72.0
2026-06-24T00:51:53.533463	133.0	-73.0
2026-06-24T00:51:53.533533	129.0	-72.5
2026-06-24T00:51:53.533606	129.0	-74.0
2026-06-24T00:51:53.533748	132.0	-74.5
2026-06-24T00:51:53.533826	130.0	-74.0
2026-06-24T00:51:53.533897	133.0	-74.5
2026-06-24T00:51:53.533970	130.0	-73.5
2026-06-24T00:52:02.577038	129.0	-73.0
2026-06-24T00:52:02.577172	131.0	-71.5
2026-06-24T00:52:02.577259	129.0	-71.0
2026-06-24T00:52:02.577332	134.0	-70.5
2026-06-24T00:52:02.577406	136.0	-71.0
2026-06-24T00:52:02.577476	133.0	-70.0
2026-06-24T00:52:02.577547	132.0	-71.0
2026-06-24T00:52:02.577616	131.0	-70.5
2026-06-24T00:52:02.577757	133.0	-71.5
2026-06-24T00:52:02.577836	132.0	-70.5
2026-06-24T00:52:02.577907	133.0	-71.0
2026-06-24T00:52:11.597475	136.0	-71.0
2026-06-24T00:52:11.597601	134.0	-69.5
2026-06-24T00:52:11.597760	137.0	-70.5
2026-06-24T00:52:11.597842	139.0	-70.5
2026-06-24T00:52:11.597917	135.0	-71.0
2026-06-24T00:52:11.597989	137.0	-71.0
2026-06-24T00:52:11.598060	135.0	-70.5
2026-06-24T00:52:11.598132	136.0	-69.5
2026-06-24T00:52:11.598203	135.0	-70.0
2026-06-24T00:52:11.598270	137.0	-71.0
2026-06-24T00:52:20.643724	132.0	-70.5
2026-06-24T00:52:20.643870	134.0	-70.0
2026-06-24T00:52:20.643947	133.0	-70.5
2026-06-24T00:52:20.644022	135.0	-70.5
2026-06-24T00:52:20.644096	135.0	-70.0
2026-06-24T00:52:20.644166	135.0	-70.0
2026-06-24T00:52:20.644233	135.0	-70.0
2026-06-24T00:52:20.644302	133.0	-70.5
2026-06-24T00:52:20.644372	136.0	-71.0
2026-06-24T00:52:20.644440	129.0	-72.0
2026-06-24T00:52:20.644509	136.0	-69.5
2026-06-24T00:52:29.680083	135.0	-72.0
2026-06-24T00:52:29.680220	137.0	-71.0
2026-06-24T00:52:29.680297	130.0	-70.0
2026-06-24T00:52:29.680370	137.0	-72.0
2026-06-24T00:52:29.680443	135.0	-70.0
2026-06-24T00:52:29.680513	134.0	-70.5
2026-06-24T00:52:29.680594	136.0	-71.0
2026-06-24T00:52:29.680662	135.0	-70.0
2026-06-24T00:52:29.680730	135.0	-72.0
2026-06-24T00:52:29.680799	134.0	-72.5
2026-06-24T00:52:29.680870	135.0	-73.0
2026-06-24T00:52:38.747008	135.0	-70.0
2026-06-24T00:52:38.747142	139.0	-72.0
2026-06-24T00:52:38.747219	138.0	-72.0
2026-06-24T00:52:38.747292	135.0	-69.0
2026-06-24T00:52:38.747362	136.0	-71.0
2026-06-24T00:52:38.747434	137.0	-70.0
2026-06-24T00:52:38.747505	133.0	-70.0
2026-06-24T00:52:38.747573	135.0	-70.5
2026-06-24T00:52:38.747653	134.0	-69.5
2026-06-24T00:52:38.747725	137.0	-70.0
2026-06-24T00:52:38.747794	138.0	-71.0
2026-06-24T00:52:47.779151	141.0	-70.5
2026-06-24T00:52:47.779286	136.0	-74.5
2026-06-24T00:52:47.779365	139.0	-74.0
2026-06-24T00:52:47.779438	144.0	-71.5
2026-06-24T00:52:47.779511	137.0	-71.0
2026-06-24T00:52:47.779580	137.0	-70.5
2026-06-24T00:52:47.779652	137.0	-70.0
2026-06-24T00:52:47.779721	139.0	-70.5
2026-06-24T00:52:47.779791	137.0	-70.5
2026-06-24T00:52:47.779863	137.0	-69.5
2026-06-24T00:52:56.825988	135.0	-71.5
2026-06-24T00:52:56.826125	131.0	-70.5
2026-06-24T00:52:56.826204	134.0	-70.5
2026-06-24T00:52:56.826283	136.0	-69.0
2026-06-24T00:52:56.826355	136.0	-71.0
2026-06-24T00:52:56.826423	134.0	-71.0
2026-06-24T00:52:56.826492	132.0	-71.5
2026-06-24T00:52:56.826564	133.0	-71.0
2026-06-24T00:52:56.826631	137.0	-71.0
2026-06-24T00:52:56.826700	136.0	-71.5
2026-06-24T00:53:05.866698	130.0	-71.5
2026-06-24T00:53:05.866833	136.0	-70.5
2026-06-24T00:53:05.866910	134.0	-70.5
2026-06-24T00:53:05.866986	136.0	-69.5
2026-06-24T00:53:05.867060	138.0	-70.5
2026-06-24T00:53:05.867132	135.0	-70.5
2026-06-24T00:53:05.867203	137.0	-69.5
2026-06-24T00:53:05.867274	135.0	-71.5
2026-06-24T00:53:05.867344	134.0	-70.5
2026-06-24T00:53:05.867414	136.0	-71.0
2026-06-24T00:53:14.912716	141.0	-72.0
2026-06-24T00:53:14.912842	139.0	-71.5
2026-06-24T00:53:14.912928	140.0	-72.0
2026-06-24T00:53:14.913001	140.0	-71.5
2026-06-24T00:53:14.913076	139.0	-70.5
2026-06-24T00:53:14.913149	137.0	-70.5
2026-06-24T00:53:14.913221	137.0	-70.5
2026-06-24T00:53:14.913291	142.0	-71.5
2026-06-24T00:53:14.913363	140.0	-71.5
2026-06-24T00:53:14.913434	143.0	-71.5
2026-06-24T00:53:23.918717	141.0	-70.5
2026-06-24T00:53:23.918851	141.0	-71.0
2026-06-24T00:53:23.918926	137.0	-71.0
2026-06-24T00:53:23.918999	142.0	-70.5
2026-06-24T00:53:23.919073	144.0	-72.5
2026-06-24T00:53:23.919144	140.0	-70.5
2026-06-24T00:53:23.919217	138.0	-70.5
2026-06-24T00:53:23.919290	138.0	-72.5
2026-06-24T00:53:23.919361	138.0	-70.5
2026-06-24T00:53:23.919433	139.0	-71.5
2026-06-24T00:53:32.948634	134.0	-72.0
2026-06-24T00:53:32.948760	139.0	-72.5
2026-06-24T00:53:32.948849	138.0	-71.0
2026-06-24T00:53:32.948925	139.0	-71.5
2026-06-24T00:53:32.949002	135.0	-72.0
2026-06-24T00:53:32.949075	140.0	-71.5
2026-06-24T00:53:32.949148	144.0	-73.0
2026-06-24T00:53:32.949218	136.0	-72.5
2026-06-24T00:53:32.949291	137.0	-70.0
2026-06-24T00:53:32.949360	138.0	-72.0
2026-06-24T00:53:41.997755	30.0	-64.0
2026-06-24T00:53:41.997880	27.0	-63.0
2026-06-24T00:53:41.997958	27.0	-63.5
2026-06-24T00:53:41.998041	27.0	-63.5
2026-06-24T00:53:41.998115	28.0	-63.0
2026-06-24T00:53:41.998189	34.0	-61.0
2026-06-24T00:53:41.998258	29.0	-63.0
2026-06-24T00:53:41.998326	29.0	-63.5
2026-06-24T00:53:41.998398	32.0	-68.0
2026-06-24T00:53:41.998466	29.0	-70.5
2026-06-24T00:53:51.044535	30.0	-68.0
2026-06-24T00:53:51.044658	32.0	-67.5
2026-06-24T00:53:51.044744	33.0	-68.5
2026-06-24T00:53:51.044820	32.0	-68.0
2026-06-24T00:53:51.044890	37.0	-68.0
2026-06-24T00:53:51.044958	32.0	-67.5
2026-06-24T00:53:51.045029	31.0	-69.0
2026-06-24T00:53:51.045098	30.0	-67.5
2026-06-24T00:53:51.045169	35.0	-67.0
2026-06-24T00:53:51.045236	32.0	-68.5
2026-06-24T00:54:00.074978	37.0	-67.0
2026-06-24T00:54:00.075113	34.0	-66.0
2026-06-24T00:54:00.075188	36.0	-65.5
2026-06-24T00:54:00.075272	34.0	-65.5
2026-06-24T00:54:00.075348	31.0	-66.5
2026-06-24T00:54:00.075422	31.0	-68.0
2026-06-24T00:54:00.075491	33.0	-68.5
2026-06-24T00:54:00.075561	34.0	-67.0
2026-06-24T00:54:00.075628	32.0	-66.0
2026-06-24T00:54:00.075695	34.0	-67.0
2026-06-24T00:54:00.075763	35.0	-66.0
2026-06-24T00:54:09.123239	46.0	-63.5
2026-06-24T00:54:09.123376	45.0	-63.5
2026-06-24T00:54:09.123456	28.0	-65.0
2026-06-24T00:54:09.123529	35.0	-63.5
2026-06-24T00:54:09.123601	22.0	-67.5
2026-06-24T00:54:09.123674	20.0	-66.0
2026-06-24T00:54:09.123744	18.0	-65.5
2026-06-24T00:54:09.123815	25.0	-64.0
2026-06-24T00:54:09.123884	24.0	-62.5
2026-06-24T00:54:09.123953	21.0	-67.0
2026-06-24T00:54:18.161866	37.0	-70.0
2026-06-24T00:54:18.161994	31.0	-69.5
2026-06-24T00:54:18.162090	32.0	-63.0
2026-06-24T00:54:18.162164	32.0	-62.5
2026-06-24T00:54:18.162238	35.0	-61.5
2026-06-24T00:54:18.162310	33.0	-61.0
2026-06-24T00:54:18.162379	35.0	-62.0
2026-06-24T00:54:18.162446	32.0	-64.0
2026-06-24T00:54:18.162512	28.0	-64.5
2026-06-24T00:54:18.162583	29.0	-64.0
2026-06-24T00:54:18.162650	31.0	-64.5
2026-06-24T00:54:27.211988	34.0	-64.0
2026-06-24T00:54:27.212113	29.0	-64.0
2026-06-24T00:54:27.212188	30.0	-64.5
2026-06-24T00:54:27.212274	33.0	-64.0
2026-06-24T00:54:27.212347	29.0	-65.0
2026-06-24T00:54:27.212416	31.0	-64.5
2026-06-24T00:54:27.212489	28.0	-65.5
2026-06-24T00:54:27.212560	31.0	-64.5
2026-06-24T00:54:27.212630	32.0	-64.5
2026-06-24T00:54:27.212702	30.0	-64.0
2026-06-24T00:54:36.252190	28.0	-65.5
2026-06-24T00:54:36.252322	30.0	-64.5
2026-06-24T00:54:36.252400	32.0	-64.0
2026-06-24T00:54:36.252476	28.0	-64.5
2026-06-24T00:54:36.252550	33.0	-65.0
2026-06-24T00:54:36.252621	28.0	-64.5
2026-06-24T00:54:36.252693	31.0	-65.0
2026-06-24T00:54:36.252760	33.0	-64.0
2026-06-24T00:54:36.252827	33.0	-63.0
2026-06-24T00:54:36.252896	31.0	-63.0
2026-06-24T00:54:45.292230	27.0	-63.5
2026-06-24T00:54:45.292365	29.0	-64.0
2026-06-24T00:54:45.292440	28.0	-64.0
2026-06-24T00:54:45.292512	27.0	-64.0
2026-06-24T00:54:45.292583	28.0	-63.5
2026-06-24T00:54:45.292655	29.0	-64.0
2026-06-24T00:54:45.292724	31.0	-63.5
2026-06-24T00:54:45.292794	30.0	-63.5
2026-06-24T00:54:45.292864	29.0	-63.5
2026-06-24T00:54:45.292935	31.0	-63.5
2026-06-24T00:54:54.313269	28.0	-66.5
2026-06-24T00:54:54.313406	31.0	-66.5
2026-06-24T00:54:54.313486	30.0	-66.5
2026-06-24T00:54:54.313565	33.0	-66.0
2026-06-24T00:54:54.313637	31.0	-66.5
2026-06-24T00:54:54.313816	31.0	-65.5
2026-06-24T00:54:54.313893	31.0	-65.0
2026-06-24T00:54:54.313965	31.0	-66.0
2026-06-24T00:54:54.314034	30.0	-65.5
2026-06-24T00:54:54.314106	31.0	-66.5
2026-06-24T00:55:03.354757	166.0	-80.0
2026-06-24T00:55:03.354882	169.0	-79.0
2026-06-24T00:55:03.354960	184.0	-79.5
2026-06-24T00:55:03.355046	198.0	-79.0
2026-06-24T00:55:03.355118	163.0	-81.0
2026-06-24T00:55:03.355189	176.0	-80.5
2026-06-24T00:55:03.355261	174.0	-78.0
2026-06-24T00:55:03.355330	174.0	-77.5
2026-06-24T00:55:03.355401	170.0	-81.0
2026-06-24T00:55:03.355469	174.0	-81.0
2026-06-24T00:55:12.417805	158.0	-77.5
2026-06-24T00:55:12.417946	172.0	-71.0
2026-06-24T00:55:12.418021	152.0	-73.5
2026-06-24T00:55:12.418099	152.0	-70.5
2026-06-24T00:55:12.418178	172.0	-74.0
2026-06-24T00:55:12.418247	149.0	-74.0
2026-06-24T00:55:12.418317	174.0	-71.0
2026-06-24T00:55:12.418385	169.0	-73.5
2026-06-24T00:55:12.418456	165.0	-76.5
2026-06-24T00:55:12.418527	164.0	-75.5
2026-06-24T00:55:21.452515	160.0	-74.5
2026-06-24T00:55:21.452652	163.0	-75.5
2026-06-24T00:55:21.452732	164.0	-74.5
2026-06-24T00:55:21.452809	168.0	-74.5
2026-06-24T00:55:21.452886	171.0	-73.5
2026-06-24T00:55:21.452959	169.0	-73.0
2026-06-24T00:55:21.453029	165.0	-73.5
2026-06-24T00:55:21.453102	168.0	-75.0
2026-06-24T00:55:21.453173	167.0	-73.0
2026-06-24T00:55:21.453242	165.0	-73.5
2026-06-24T00:55:30.459457	171.0	-76.5
2026-06-24T00:55:30.459594	167.0	-73.0
2026-06-24T00:55:30.459670	165.0	-73.5
2026-06-24T00:55:30.459745	169.0	-76.5
2026-06-24T00:55:30.459819	164.0	-74.0
2026-06-24T00:55:30.459888	169.0	-76.5
2026-06-24T00:55:30.459959	169.0	-75.0
2026-06-24T00:55:30.460028	169.0	-74.5
2026-06-24T00:55:30.460097	166.0	-73.5
2026-06-24T00:55:30.460177	169.0	-74.0
2026-06-24T00:55:39.516835	134.0	-70.5
2026-06-24T00:55:39.516972	125.0	-70.0
2026-06-24T00:55:39.517049	129.0	-70.0
2026-06-24T00:55:39.517122	128.0	-70.0
2026-06-24T00:55:39.517193	120.0	-71.5
2026-06-24T00:55:39.517265	117.0	-70.5
2026-06-24T00:55:39.517337	122.0	-69.5
2026-06-24T00:55:39.517408	121.0	-70.0
2026-06-24T00:55:39.517475	123.0	-70.5
2026-06-24T00:55:39.517544	122.0	-72.0
2026-06-24T00:55:48.554674	132.0	-81.0
2026-06-24T00:55:48.554801	142.0	-78.5
2026-06-24T00:55:48.554889	151.0	-80.0
2026-06-24T00:55:48.554963	146.0	-79.5
2026-06-24T00:55:48.555038	144.0	-78.0
2026-06-24T00:55:48.555108	142.0	-78.5
2026-06-24T00:55:48.555182	141.0	-78.0
2026-06-24T00:55:48.555251	144.0	-78.0
2026-06-24T00:55:48.555320	146.0	-76.5
2026-06-24T00:55:48.555392	149.0	-77.0
2026-06-24T00:55:57.587450	134.0	-77.0
2026-06-24T00:55:57.587574	133.0	-76.5
2026-06-24T00:55:57.587663	135.0	-77.0
2026-06-24T00:55:57.587738	134.0	-76.5
2026-06-24T00:55:57.587814	132.0	-77.5
2026-06-24T00:55:57.587889	142.0	-77.0
2026-06-24T00:55:57.587974	141.0	-78.0
2026-06-24T00:55:57.588042	140.0	-77.5
2026-06-24T00:56:06.636174	144.0	-79.0
2026-06-24T00:56:06.636299	141.0	-76.5
2026-06-24T00:56:06.636385	148.0	-76.5
2026-06-24T00:56:06.636462	144.0	-75.5
2026-06-24T00:56:06.636546	144.0	-75.5
2026-06-24T00:56:06.636618	151.0	-76.0
2026-06-24T00:56:06.636687	144.0	-76.5
2026-06-24T00:56:06.636767	146.0	-76.0
2026-06-24T00:56:15.684739	138.0	-78.0
2026-06-24T00:56:15.684862	141.0	-77.5
2026-06-24T00:56:15.684957	136.0	-74.5
2026-06-24T00:56:15.685042	133.0	-79.0
2026-06-24T00:56:15.685115	135.0	-78.0
2026-06-24T00:56:15.685194	135.0	-75.5
2026-06-24T00:56:15.685267	139.0	-77.0
2026-06-24T00:56:24.719275	139.0	-79.0
2026-06-24T00:56:24.719406	138.0	-77.5
2026-06-24T00:56:24.719494	137.0	-77.0
2026-06-24T00:56:24.719567	138.0	-76.5
2026-06-24T00:56:24.719642	135.0	-76.0
2026-06-24T00:56:24.719726	137.0	-75.5
2026-06-24T00:56:24.719799	136.0	-77.0
