timestamp	distance_cm	rssi_dbm
2026-06-23T23:15:32.230396	47.0	-73.0
2026-06-23T23:15:32.230596	53.0	-71.5
2026-06-23T23:15:32.230729	49.0	-72.0
2026-06-23T23:15:32.230807	52.0	-72.0
2026-06-23T23:15:32.230877	46.0	-72.0
2026-06-23T23:15:32.230952	46.0	-72.5
2026-06-23T23:15:32.231024	51.0	-72.5
2026-06-23T23:15:32.231100	44.0	-72.0
2026-06-23T23:15:32.231168	48.0	-72.5
2026-06-23T23:15:32.231241	45.0	-73.5
2026-06-23T23:15:32.231313	44.0	-71.0
2026-06-23T23:16:28.122695	43.0	-72.5
2026-06-23T23:16:28.122764	49.0	-72.5
2026-06-23T23:16:28.122799	49.0	-73.0
2026-06-23T23:16:28.122827	44.0	-72.0
2026-06-23T23:16:28.122855	43.0	-71.5
2026-06-23T23:16:28.122883	48.0	-72.5
2026-06-23T23:16:28.122911	47.0	-71.5
2026-06-23T23:16:28.122939	48.0	-73.5
2026-06-23T23:16:28.122966	42.0	-72.5
2026-06-23T23:16:28.122995	43.0	-72.0
2026-06-23T23:16:28.123022	45.0	-72.5
2026-06-23T23:16:28.123049	45.0	-72.5
2026-06-23T23:42:20.997060	124.0	-83.0
2026-06-23T23:42:20.997141	123.0	-79.5
2026-06-23T23:42:20.997188	114.0	-76.5
2026-06-23T23:42:20.997223	114.0	-81.0
2026-06-23T23:42:20.997251	107.0	-82.0
2026-06-23T23:42:20.997279	112.0	-80.5
2026-06-23T23:42:20.997308	109.0	-78.0
2026-06-23T23:42:20.997335	110.0	-85.0
2026-06-23T23:42:20.997363	131.0	-76.5
2026-06-23T23:42:20.997390	119.0	-76.5
2026-06-23T23:42:20.997417	114.0	-78.0
2026-06-23T23:42:20.997443	113.0	-73.5
2026-06-23T23:42:30.127329	107.0	-75.5
2026-06-23T23:42:30.127398	114.0	-75.0
2026-06-23T23:42:30.127432	105.0	-70.0
2026-06-23T23:42:30.127461	103.0	-70.5
2026-06-23T23:42:30.127490	112.0	-75.0
2026-06-23T23:42:30.127517	103.0	-65.5
2026-06-23T23:42:30.127546	104.0	-69.0
2026-06-23T23:42:30.127572	111.0	-68.0
2026-06-23T23:42:30.127599	107.0	-68.5
2026-06-23T23:42:30.127626	105.0	-71.0
2026-06-23T23:42:30.127653	92.0	-75.0
2026-06-23T23:42:30.127679	87.0	-81.5
2026-06-23T23:42:39.132181	130.0	-76.5
2026-06-23T23:42:39.132250	125.0	-79.0
2026-06-23T23:42:39.132284	136.0	-77.5
2026-06-23T23:42:39.132315	122.0	-76.0
2026-06-23T23:42:39.132343	116.0	-75.0
2026-06-23T23:42:39.132371	121.0	-75.5
2026-06-23T23:42:39.132398	122.0	-76.5
2026-06-23T23:42:39.132433	126.0	-78.0
2026-06-23T23:42:39.132459	132.0	-76.5
2026-06-23T23:42:39.132487	133.0	-77.5
2026-06-23T23:42:48.142379	113.0	-78.5
2026-06-23T23:42:48.142447	114.0	-79.0
2026-06-23T23:42:48.142481	117.0	-80.0
2026-06-23T23:42:48.142511	119.0	-78.5
2026-06-23T23:42:48.142541	114.0	-79.5
2026-06-23T23:42:48.142570	114.0	-80.0
2026-06-23T23:42:48.142597	117.0	-79.5
2026-06-23T23:42:48.142626	116.0	-79.5
2026-06-23T23:42:48.142654	115.0	-79.0
2026-06-23T23:42:48.142681	117.0	-79.5
2026-06-23T23:42:48.142709	115.0	-79.5
2026-06-23T23:42:48.142737	115.0	-78.5
2026-06-23T23:42:57.267576	116.0	-72.0
2026-06-23T23:42:57.267639	97.0	-78.0
2026-06-23T23:42:57.267673	91.0	-78.0
2026-06-23T23:42:57.267703	94.0	-80.0
2026-06-23T23:42:57.267730	90.0	-79.0
2026-06-23T23:42:57.267758	86.0	-78.0
2026-06-23T23:42:57.267785	86.0	-76.5
2026-06-23T23:42:57.267822	86.0	-77.0
2026-06-23T23:42:57.267849	90.0	-77.5
2026-06-23T23:42:57.267877	91.0	-77.5
2026-06-23T23:42:57.267970	89.0	-76.5
2026-06-23T23:43:06.262681	167.0	-73.5
2026-06-23T23:43:06.262750	170.0	-77.0
2026-06-23T23:43:06.262784	175.0	-72.5
2026-06-23T23:43:06.262813	166.0	-81.0
2026-06-23T23:43:06.262840	209.0	-83.5
2026-06-23T23:43:06.262868	174.0	-83.0
2026-06-23T23:43:06.262893	172.0	-83.5
2026-06-23T23:43:06.262921	162.0	-85.0
2026-06-23T23:43:06.262947	151.0	-85.5
2026-06-23T23:43:06.262974	159.0	-84.0
2026-06-23T23:43:06.262999	152.0	-84.0
2026-06-23T23:43:15.377779	175.0	-81.5
2026-06-23T23:43:15.377847	183.0	-76.5
2026-06-23T23:43:15.377883	179.0	-71.5
2026-06-23T23:43:15.377914	169.0	-74.5
2026-06-23T23:43:15.377943	171.0	-74.5
2026-06-23T23:43:15.377972	167.0	-76.0
2026-06-23T23:43:15.377999	167.0	-75.0
2026-06-23T23:43:15.378025	168.0	-76.0
2026-06-23T23:43:15.378051	165.0	-75.0
2026-06-23T23:43:15.378077	169.0	-75.0
2026-06-23T23:43:15.378103	161.0	-76.5
2026-06-23T23:43:15.378130	164.0	-77.0
2026-06-23T23:43:24.376026	181.0	-79.5
2026-06-23T23:43:24.376099	181.0	-79.5
2026-06-23T23:43:24.376130	181.0	-80.5
2026-06-23T23:43:24.376159	180.0	-78.0
2026-06-23T23:43:24.376188	180.0	-79.5
2026-06-23T23:43:24.376217	179.0	-79.0
2026-06-23T23:43:24.376244	183.0	-80.5
2026-06-23T23:43:24.376271	182.0	-80.0
2026-06-23T23:43:24.376298	179.0	-79.0
2026-06-23T23:43:24.376325	183.0	-80.0
2026-06-23T23:43:24.376351	183.0	-79.0
2026-06-23T23:43:33.488337	177.0	-79.0
2026-06-23T23:43:33.488420	182.0	-79.0
2026-06-23T23:43:33.488470	183.0	-79.5
2026-06-23T23:43:33.488521	183.0	-77.5
2026-06-23T23:43:33.488565	184.0	-78.5
2026-06-23T23:43:33.488608	185.0	-78.5
2026-06-23T23:43:33.488653	181.0	-77.5
2026-06-23T23:43:33.488695	181.0	-78.0
2026-06-23T23:43:33.488735	180.0	-78.0
2026-06-23T23:43:33.488775	183.0	-78.0
2026-06-23T23:43:33.488815	181.0	-79.0
2026-06-23T23:43:33.488854	183.0	-80.5
2026-06-23T23:43:42.512388	193.0	-72.5
2026-06-23T23:43:42.512457	191.0	-72.5
2026-06-23T23:43:42.512488	198.0	-72.5
2026-06-23T23:43:42.512522	195.0	-72.5
2026-06-23T23:43:42.512551	196.0	-73.5
2026-06-23T23:43:42.512579	199.0	-72.5
2026-06-23T23:43:42.512607	197.0	-72.5
2026-06-23T23:43:42.512635	194.0	-72.0
2026-06-23T23:43:42.512661	189.0	-73.0
2026-06-23T23:43:42.512689	192.0	-73.5
2026-06-23T23:43:42.512716	195.0	-73.5
2026-06-23T23:43:42.512744	192.0	-73.0
2026-06-23T23:43:42.512771	192.0	-74.0
2026-06-23T23:43:51.700357	190.0	-75.0
2026-06-23T23:43:51.700421	189.0	-74.5
2026-06-23T23:43:51.700460	190.0	-75.0
2026-06-23T23:43:51.700488	193.0	-75.5
2026-06-23T23:43:51.700517	194.0	-74.5
2026-06-23T23:43:51.700547	190.0	-75.5
2026-06-23T23:43:51.700574	188.0	-74.5
2026-06-23T23:43:51.700602	185.0	-74.0
2026-06-23T23:43:51.700629	188.0	-74.5
2026-06-23T23:43:51.700657	187.0	-74.5
2026-06-23T23:43:51.700685	189.0	-75.0
2026-06-23T23:43:51.700712	186.0	-75.5
2026-06-23T23:44:00.864836	189.0	-76.0
2026-06-23T23:44:00.864898	191.0	-76.0
2026-06-23T23:44:00.864932	184.0	-76.0
2026-06-23T23:44:00.864961	186.0	-75.5
2026-06-23T23:44:00.864996	190.0	-76.0
2026-06-23T23:44:00.865025	193.0	-75.0
2026-06-23T23:44:00.865052	192.0	-75.0
2026-06-23T23:44:00.865079	192.0	-75.5
2026-06-23T23:44:00.865108	186.0	-75.5
2026-06-23T23:44:00.865137	187.0	-76.5
2026-06-23T23:44:00.865164	185.0	-76.0
2026-06-23T23:44:00.865191	192.0	-76.0
2026-06-23T23:44:09.837519	153.0	-82.0
2026-06-23T23:44:09.837581	158.0	-81.5
2026-06-23T23:44:09.837622	160.0	-78.5
2026-06-23T23:44:09.837653	160.0	-78.0
2026-06-23T23:44:09.837680	156.0	-77.5
2026-06-23T23:44:09.837708	155.0	-77.5
2026-06-23T23:44:09.837736	159.0	-77.5
2026-06-23T23:44:09.837764	155.0	-76.5
2026-06-23T23:44:09.837792	159.0	-77.5
2026-06-23T23:44:09.837821	160.0	-77.5
2026-06-23T23:44:09.837848	160.0	-76.5
2026-06-23T23:44:09.837875	159.0	-77.5
2026-06-23T23:44:18.983485	165.0	-81.5
2026-06-23T23:44:18.983553	175.0	-78.0
2026-06-23T23:44:18.983587	172.0	-79.0
2026-06-23T23:44:18.983616	169.0	-79.0
2026-06-23T23:44:18.983644	174.0	-77.5
2026-06-23T23:44:18.983673	166.0	-82.0
2026-06-23T23:44:18.983700	166.0	-81.0
2026-06-23T23:44:18.983726	166.0	-79.5
2026-06-23T23:44:18.983760	183.0	-76.0
2026-06-23T23:44:18.983787	180.0	-75.0
2026-06-23T23:44:27.985817	160.0	-83.5
2026-06-23T23:44:27.985885	170.0	-83.0
2026-06-23T23:44:27.985919	165.0	-82.5
2026-06-23T23:44:27.985950	168.0	-82.0
2026-06-23T23:44:27.985978	163.0	-81.0
2026-06-23T23:44:27.986005	168.0	-82.0
2026-06-23T23:44:27.986033	166.0	-81.5
2026-06-23T23:44:27.986061	174.0	-80.0
2026-06-23T23:44:27.986089	163.0	-81.5
2026-06-23T23:44:27.986118	178.0	-80.5
2026-06-23T23:44:27.986146	178.0	-80.0
2026-06-23T23:44:37.113847	170.0	-84.5
2026-06-23T23:44:37.113915	167.0	-84.0
2026-06-23T23:44:37.113949	167.0	-84.0
2026-06-23T23:44:37.113978	166.0	-84.0
2026-06-23T23:44:37.114005	167.0	-84.0
2026-06-23T23:44:37.114032	169.0	-84.0
2026-06-23T23:44:37.114059	166.0	-84.5
2026-06-23T23:44:37.114088	167.0	-84.5
2026-06-23T23:44:37.114117	167.0	-85.0
2026-06-23T23:44:37.114143	173.0	-85.0
2026-06-23T23:44:37.114169	167.0	-85.0
2026-06-23T23:44:46.086408	165.0	-84.0
2026-06-23T23:44:46.086471	160.0	-84.0
2026-06-23T23:44:46.086505	162.0	-82.0
2026-06-23T23:44:46.086533	168.0	-79.0
2026-06-23T23:44:46.086561	168.0	-81.5
2026-06-23T23:44:46.086595	167.0	-84.0
2026-06-23T23:44:46.086622	165.0	-81.0
2026-06-23T23:44:46.086649	175.0	-82.5
2026-06-23T23:44:46.086676	183.0	-76.0
2026-06-23T23:44:46.086703	177.0	-78.0
2026-06-23T23:44:46.086729	160.0	-80.0
2026-06-23T23:44:46.086756	160.0	-80.0
2026-06-23T23:44:55.136355	192.0	-83.5
2026-06-23T23:44:55.136425	183.0	-83.0
2026-06-23T23:44:55.136455	173.0	-85.0
2026-06-23T23:44:55.136488	213.0	-85.0
2026-06-23T23:44:55.136517	188.0	-85.5
2026-06-23T23:44:55.136545	205.0	-85.0
2026-06-23T23:44:55.136572	257.0	-84.0
2026-06-23T23:44:55.136599	231.0	-83.0
2026-06-23T23:44:55.136626	170.0	-83.0
2026-06-23T23:44:55.136653	163.0	-84.5
2026-06-23T23:44:55.136680	184.0	-83.5
2026-06-23T23:44:55.136708	180.0	-85.0
2026-06-23T23:44:55.136734	193.0	-83.5
2026-06-23T23:45:04.235028	186.0	-79.0
2026-06-23T23:45:04.235100	183.0	-79.5
2026-06-23T23:45:04.235141	180.0	-79.5
2026-06-23T23:45:04.235174	181.0	-78.5
2026-06-23T23:45:04.235205	180.0	-80.5
2026-06-23T23:45:04.235235	187.0	-82.0
2026-06-23T23:45:04.235264	187.0	-81.0
2026-06-23T23:45:04.235293	183.0	-83.0
2026-06-23T23:45:04.235319	182.0	-83.5
2026-06-23T23:45:04.235349	180.0	-82.5
2026-06-23T23:45:04.235379	163.0	-83.5
2026-06-23T23:45:13.364545	173.0	-84.0
2026-06-23T23:45:13.364609	176.0	-82.0
2026-06-23T23:45:13.364642	180.0	-83.5
2026-06-23T23:45:13.364679	172.0	-83.5
2026-06-23T23:45:13.364708	171.0	-85.0
2026-06-23T23:45:13.364736	170.0	-84.5
2026-06-23T23:45:13.364763	176.0	-82.5
2026-06-23T23:45:13.364792	176.0	-82.0
2026-06-23T23:45:13.364818	172.0	-82.0
2026-06-23T23:45:13.364845	177.0	-80.5
2026-06-23T23:45:13.364872	180.0	-80.0
2026-06-23T23:45:13.364899	176.0	-81.5
2026-06-23T23:45:22.285540	177.0	-83.5
2026-06-23T23:45:22.285609	170.0	-84.5
2026-06-23T23:45:22.285641	174.0	-81.0
2026-06-23T23:45:22.285673	174.0	-81.0
2026-06-23T23:45:22.285701	173.0	-80.5
2026-06-23T23:45:22.285730	172.0	-81.5
2026-06-23T23:45:22.285757	175.0	-83.0
2026-06-23T23:45:22.285785	171.0	-81.5
2026-06-23T23:45:22.285812	175.0	-83.5
2026-06-23T23:45:22.285840	175.0	-82.5
2026-06-23T23:45:22.285867	173.0	-81.0
2026-06-23T23:45:22.285893	176.0	-83.0
2026-06-23T23:45:31.461864	172.0	-81.5
2026-06-23T23:45:31.461933	167.0	-80.0
2026-06-23T23:45:31.461966	170.0	-82.0
2026-06-23T23:45:31.461995	168.0	-82.0
2026-06-23T23:45:31.462023	170.0	-81.5
2026-06-23T23:45:31.462051	170.0	-81.0
2026-06-23T23:45:31.462078	174.0	-81.0
2026-06-23T23:45:31.462105	174.0	-80.0
2026-06-23T23:45:31.462132	175.0	-79.5
2026-06-23T23:45:31.462160	171.0	-79.5
2026-06-23T23:45:31.462188	175.0	-80.5
2026-06-23T23:45:31.462216	166.0	-82.0
2026-06-23T23:45:40.497954	168.0	-82.0
2026-06-23T23:45:40.498016	173.0	-81.0
2026-06-23T23:45:40.498050	176.0	-81.0
2026-06-23T23:45:40.498079	175.0	-82.0
2026-06-23T23:45:40.498107	173.0	-83.5
2026-06-23T23:45:40.498141	175.0	-82.0
2026-06-23T23:45:40.498167	172.0	-82.5
2026-06-23T23:45:40.498196	175.0	-82.5
2026-06-23T23:45:40.498224	171.0	-82.5
2026-06-23T23:45:40.498251	173.0	-82.0
2026-06-23T23:45:40.498278	172.0	-80.0
2026-06-23T23:45:40.498305	174.0	-80.0
2026-06-23T23:45:49.453288	175.0	-77.5
2026-06-23T23:45:49.453357	171.0	-79.0
2026-06-23T23:45:49.453390	174.0	-79.0
2026-06-23T23:45:49.453419	175.0	-76.5
2026-06-23T23:45:49.453448	165.0	-77.5
2026-06-23T23:45:49.453476	174.0	-79.5
2026-06-23T23:45:49.453504	174.0	-77.5
2026-06-23T23:45:49.453532	170.0	-78.0
2026-06-23T23:45:49.453559	174.0	-78.0
2026-06-23T23:45:49.453585	172.0	-77.5
2026-06-23T23:45:49.453613	168.0	-79.5
2026-06-23T23:45:49.453640	171.0	-79.0
2026-06-23T23:45:58.662661	167.0	-84.0
2026-06-23T23:45:58.662786	168.0	-84.0
2026-06-23T23:45:58.662869	167.0	-84.0
2026-06-23T23:45:58.662941	169.0	-85.5
2026-06-23T23:45:58.663022	178.0	-85.0
2026-06-23T23:45:58.663090	175.0	-83.5
2026-06-23T23:45:58.663161	183.0	-85.0
2026-06-23T23:45:58.663230	171.0	-84.5
2026-06-23T23:45:58.663300	172.0	-84.0
2026-06-23T23:45:58.663368	175.0	-85.5
2026-06-23T23:45:58.663436	175.0	-83.0
2026-06-23T23:45:58.663503	175.0	-84.0
2026-06-23T23:46:07.621337	166.0	-82.0
2026-06-23T23:46:07.621399	159.0	-85.5
2026-06-23T23:46:07.621467	164.0	-83.0
2026-06-23T23:46:07.621498	167.0	-82.0
2026-06-23T23:46:07.621525	165.0	-82.0
2026-06-23T23:46:07.621553	166.0	-82.0
2026-06-23T23:46:07.621580	167.0	-81.5
2026-06-23T23:46:07.621609	174.0	-80.0
2026-06-23T23:46:07.621636	171.0	-79.5
2026-06-23T23:46:07.621664	170.0	-81.0
2026-06-23T23:46:07.621691	178.0	-80.0
2026-06-23T23:46:07.621718	176.0	-79.0
2026-06-23T23:46:16.642062	164.0	-83.0
2026-06-23T23:46:16.642124	171.0	-82.0
2026-06-23T23:46:16.642157	175.0	-82.5
2026-06-23T23:46:16.642192	171.0	-82.5
2026-06-23T23:46:16.642221	171.0	-82.5
2026-06-23T23:46:16.642248	167.0	-83.5
2026-06-23T23:46:16.642276	170.0	-83.0
2026-06-23T23:46:16.642304	169.0	-82.0
2026-06-23T23:46:16.642331	169.0	-82.5
2026-06-23T23:46:16.642358	169.0	-83.0
2026-06-23T23:46:16.642386	165.0	-83.0
2026-06-23T23:46:16.642413	170.0	-83.0
2026-06-23T23:46:25.604169	162.0	-81.0
2026-06-23T23:46:25.604230	167.0	-75.5
2026-06-23T23:46:25.604270	159.0	-80.0
2026-06-23T23:46:25.604299	159.0	-80.5
2026-06-23T23:46:25.604328	164.0	-77.0
2026-06-23T23:46:25.604356	163.0	-76.0
2026-06-23T23:46:25.604383	160.0	-76.5
2026-06-23T23:46:25.604412	162.0	-76.0
2026-06-23T23:46:25.604439	166.0	-77.0
2026-06-23T23:46:25.604466	166.0	-77.5
2026-06-23T23:46:25.604495	168.0	-78.5
2026-06-23T23:46:25.604523	156.0	-83.5
2026-06-23T23:46:34.770640	181.0	-83.5
2026-06-23T23:46:34.770709	178.0	-83.0
2026-06-23T23:46:34.770743	181.0	-83.0
2026-06-23T23:46:34.770772	180.0	-82.5
2026-06-23T23:46:34.770801	182.0	-82.5
2026-06-23T23:46:34.770830	183.0	-82.0
2026-06-23T23:46:34.770856	189.0	-81.5
2026-06-23T23:46:34.770883	184.0	-82.0
2026-06-23T23:46:34.770910	191.0	-82.0
2026-06-23T23:46:34.770937	185.0	-82.0
2026-06-23T23:46:34.770965	187.0	-82.0
2026-06-23T23:46:34.770992	186.0	-79.5
2026-06-23T23:48:50.297200	108.0	-79.5
2026-06-23T23:48:50.297270	107.0	-76.0
2026-06-23T23:48:50.297303	108.0	-77.0
2026-06-23T23:48:50.297331	102.0	-77.5
2026-06-23T23:48:50.297360	104.0	-77.0
2026-06-23T23:48:50.297388	106.0	-78.0
2026-06-23T23:48:50.297415	105.0	-77.0
2026-06-23T23:48:50.297442	109.0	-79.5
2026-06-23T23:48:50.297469	103.0	-78.5
2026-06-23T23:48:50.297497	107.0	-77.5
2026-06-23T23:48:50.297525	106.0	-77.5
2026-06-23T23:48:50.297552	112.0	-80.5
2026-06-23T23:48:59.459972	151.0	-74.5
2026-06-23T23:48:59.460041	149.0	-76.0
2026-06-23T23:48:59.460076	165.0	-81.0
2026-06-23T23:48:59.460105	185.0	-84.0
2026-06-23T23:48:59.460133	188.0	-83.0
2026-06-23T23:48:59.460161	210.0	-83.0
2026-06-23T23:48:59.460188	181.0	-82.5
2026-06-23T23:48:59.460217	280.0	-83.5
2026-06-23T23:48:59.460245	237.0	-83.0
2026-06-23T23:48:59.460272	213.0	-81.5
2026-06-23T23:48:59.460300	229.0	-82.0
2026-06-23T23:49:08.470553	144.0	-69.5
2026-06-23T23:49:08.470620	143.0	-70.0
2026-06-23T23:49:08.470654	142.0	-71.5
2026-06-23T23:49:08.470684	143.0	-73.0
2026-06-23T23:49:08.470711	139.0	-74.0
2026-06-23T23:49:08.470738	140.0	-75.0
2026-06-23T23:49:08.470765	141.0	-73.5
2026-06-23T23:49:08.470793	144.0	-73.5
2026-06-23T23:49:08.470821	139.0	-73.0
2026-06-23T23:49:08.470848	140.0	-74.0
2026-06-23T23:49:08.470874	143.0	-73.5
2026-06-23T23:49:08.470901	141.0	-74.0
2026-06-23T23:49:17.554549	135.0	-72.5
2026-06-23T23:49:17.554617	137.0	-76.5
2026-06-23T23:49:17.554654	139.0	-76.0
2026-06-23T23:49:17.554684	144.0	-73.0
2026-06-23T23:49:17.554711	141.0	-71.0
2026-06-23T23:49:17.554739	141.0	-70.5
2026-06-23T23:49:17.554767	145.0	-70.0
2026-06-23T23:49:17.554794	145.0	-70.0
2026-06-23T23:49:17.554821	141.0	-69.5
2026-06-23T23:49:17.554849	143.0	-70.0
2026-06-23T23:49:17.554874	144.0	-77.0
2026-06-23T23:49:17.554901	148.0	-83.5
2026-06-23T23:49:26.520308	130.0	-80.0
2026-06-23T23:49:26.520368	128.0	-79.5
2026-06-23T23:49:26.520408	130.0	-78.5
2026-06-23T23:49:26.520438	124.0	-79.0
2026-06-23T23:49:26.520467	125.0	-79.5
2026-06-23T23:49:26.520496	124.0	-79.5
2026-06-23T23:49:26.520525	128.0	-80.5
2026-06-23T23:49:26.520552	124.0	-81.5
2026-06-23T23:49:26.520581	127.0	-81.0
2026-06-23T23:49:26.520608	123.0	-79.5
2026-06-23T23:49:26.520636	121.0	-82.0
2026-06-23T23:49:26.520663	126.0	-79.5
2026-06-23T23:49:35.544622	114.0	-82.5
2026-06-23T23:49:35.544753	121.0	-81.5
2026-06-23T23:49:35.544832	121.0	-80.0
2026-06-23T23:49:35.544914	121.0	-81.5
2026-06-23T23:49:35.544988	124.0	-82.0
2026-06-23T23:49:35.545055	121.0	-82.0
2026-06-23T23:49:35.545121	122.0	-83.0
2026-06-23T23:49:35.545189	123.0	-82.5
2026-06-23T23:49:35.545259	125.0	-83.0
2026-06-23T23:49:35.545328	123.0	-83.5
2026-06-23T23:49:35.545397	107.0	-84.5
2026-06-23T23:49:35.545464	126.0	-81.5
2026-06-23T23:49:35.545535	124.0	-77.0
2026-06-23T23:50:06.145569	132.0	-83.0
2026-06-23T23:50:06.145633	133.0	-83.5
2026-06-23T23:50:06.145669	133.0	-83.0
2026-06-23T23:50:06.145697	135.0	-83.0
2026-06-23T23:50:06.145724	135.0	-83.5
2026-06-23T23:50:06.145752	132.0	-82.0
2026-06-23T23:50:06.145780	134.0	-80.0
2026-06-23T23:50:06.145807	134.0	-77.0
2026-06-23T23:50:06.145834	146.0	-84.5
2026-06-23T23:50:06.145862	155.0	-81.0
2026-06-23T23:50:06.145888	161.0	-86.0
2026-06-23T23:50:15.237085	180.0	-86.5
2026-06-23T23:50:15.237153	198.0	-83.5
2026-06-23T23:50:15.237189	187.0	-80.5
2026-06-23T23:50:15.237220	191.0	-81.5
2026-06-23T23:50:15.237250	184.0	-82.0
2026-06-23T23:50:15.237277	189.0	-81.0
2026-06-23T23:50:15.237305	190.0	-81.0
2026-06-23T23:50:15.237332	210.0	-81.5
2026-06-23T23:50:15.237360	181.0	-85.0
2026-06-23T23:50:15.237388	165.0	-85.0
2026-06-23T23:50:15.237414	156.0	-77.5
2026-06-23T23:50:15.237442	156.0	-73.0
2026-06-23T23:50:24.348479	138.0	-78.0
2026-06-23T23:50:24.348541	147.0	-78.5
2026-06-23T23:50:24.348581	144.0	-79.0
2026-06-23T23:50:24.348610	145.0	-78.5
2026-06-23T23:50:24.348639	139.0	-82.5
2026-06-23T23:50:24.348668	138.0	-82.0
2026-06-23T23:50:24.348694	142.0	-83.0
2026-06-23T23:50:24.348722	138.0	-84.0
2026-06-23T23:50:24.348749	145.0	-83.0
2026-06-23T23:50:24.348776	145.0	-81.5
2026-06-23T23:50:24.348803	142.0	-82.0
2026-06-23T23:50:24.348829	143.0	-83.0
2026-06-23T23:50:33.294751	146.0	-82.0
2026-06-23T23:50:33.294811	145.0	-82.5
2026-06-23T23:50:33.294847	146.0	-82.0
2026-06-23T23:52:39.666704	145.0	-81.0
2026-06-23T23:52:39.666765	131.0	-83.5
2026-06-23T23:52:39.666802	130.0	-82.5
2026-06-23T23:52:39.666834	164.0	-82.5
2026-06-23T23:52:39.666867	118.0	-80.0
2026-06-23T23:52:39.666894	100.0	-76.0
2026-06-23T23:52:39.666920	102.0	-79.5
2026-06-23T23:52:39.666948	98.0	-81.5
2026-06-23T23:52:39.666977	97.0	-82.0
2026-06-23T23:52:39.667004	103.0	-79.0
2026-06-23T23:52:39.667030	103.0	-79.0
2026-06-23T23:52:39.667058	105.0	-78.5
2026-06-23T23:52:39.667085	103.0	-80.0
2026-06-23T23:52:48.834886	98.0	-77.0
2026-06-23T23:52:48.834948	97.0	-77.0
2026-06-23T23:52:48.834982	95.0	-77.5
2026-06-23T23:52:48.835019	99.0	-79.0
2026-06-23T23:52:48.835047	97.0	-79.0
2026-06-23T23:52:48.835074	97.0	-78.0
2026-06-23T23:52:48.835101	94.0	-78.0
2026-06-23T23:52:48.835129	97.0	-80.0
2026-06-23T23:52:48.835156	93.0	-79.5
2026-06-23T23:52:48.835187	101.0	-78.0
2026-06-23T23:52:48.835214	99.0	-79.0
2026-06-23T23:52:48.835240	94.0	-78.0
2026-06-23T23:52:57.910576	96.0	-74.0
2026-06-23T23:52:57.910699	95.0	-74.5
2026-06-23T23:52:57.910793	94.0	-73.0
2026-06-23T23:52:57.910868	94.0	-74.5
2026-06-23T23:52:57.910939	97.0	-72.5
2026-06-23T23:52:57.911010	96.0	-74.5
2026-06-23T23:52:57.911079	93.0	-75.0
2026-06-23T23:52:57.911146	95.0	-74.0
2026-06-23T23:52:57.911212	92.0	-74.0
2026-06-23T23:52:57.911281	96.0	-74.5
2026-06-23T23:52:57.911352	97.0	-74.0
2026-06-23T23:52:57.911418	93.0	-74.5
2026-06-23T23:53:06.935110	97.0	-75.5
2026-06-23T23:53:06.935243	98.0	-75.0
2026-06-23T23:53:06.935325	96.0	-72.5
2026-06-23T23:53:06.935400	99.0	-75.0
2026-06-23T23:53:06.935469	100.0	-74.0
2026-06-23T23:53:06.935538	102.0	-73.5
2026-06-23T23:53:06.935608	103.0	-77.0
2026-06-23T23:53:06.935684	96.0	-74.5
2026-06-23T23:53:06.935754	100.0	-73.0
2026-06-23T23:53:06.935822	102.0	-73.0
2026-06-23T23:53:06.935889	98.0	-73.0
2026-06-23T23:53:15.977590	152.0	-78.0
2026-06-23T23:53:15.977652	151.0	-79.0
2026-06-23T23:53:15.977682	151.0	-77.5
2026-06-23T23:53:15.977718	162.0	-73.5
2026-06-23T23:53:15.977749	158.0	-80.0
2026-06-23T23:53:15.977784	161.0	-77.5
2026-06-23T23:53:15.977812	161.0	-78.0
2026-06-23T23:53:15.977839	158.0	-78.5
2026-06-23T23:53:15.977867	163.0	-79.5
2026-06-23T23:53:15.977896	166.0	-76.5
2026-06-23T23:53:15.977924	167.0	-78.0
2026-06-23T23:53:25.091660	172.0	-76.0
2026-06-23T23:53:25.091726	179.0	-79.0
2026-06-23T23:53:25.091756	183.0	-79.5
2026-06-23T23:53:25.091791	184.0	-81.0
2026-06-23T23:53:25.091820	190.0	-82.5
2026-06-23T23:53:25.091849	189.0	-79.0
2026-06-23T23:53:25.091877	201.0	-76.0
2026-06-23T23:53:25.091984	195.0	-75.5
2026-06-23T23:53:25.092019	198.0	-76.0
2026-06-23T23:53:25.092047	197.0	-77.0
2026-06-23T23:53:25.092074	191.0	-76.5
2026-06-23T23:53:34.156210	188.0	-82.5
2026-06-23T23:53:34.156279	188.0	-82.0
2026-06-23T23:53:34.156313	192.0	-82.0
2026-06-23T23:53:34.156341	195.0	-81.0
2026-06-23T23:53:34.156369	165.0	-82.0
2026-06-23T23:53:34.156396	175.0	-73.0
2026-06-23T23:53:34.156423	183.0	-71.5
2026-06-23T23:53:34.156451	172.0	-73.0
2026-06-23T23:53:34.156479	171.0	-71.0
2026-06-23T23:53:34.156505	171.0	-70.5
2026-06-23T23:53:34.156551	160.0	-70.5
2026-06-23T23:53:34.156581	168.0	-70.0
2026-06-23T23:53:43.247752	184.0	-85.0
2026-06-23T23:53:43.247883	189.0	-83.0
2026-06-23T23:53:43.248036	193.0	-84.0
2026-06-23T23:53:43.248112	189.0	-84.0
2026-06-23T23:53:43.248185	185.0	-85.0
2026-06-23T23:53:43.248254	185.0	-84.0
2026-06-23T23:53:43.248323	177.0	-80.5
2026-06-23T23:53:43.248403	172.0	-80.5
2026-06-23T23:53:43.248478	176.0	-80.0
2026-06-23T23:53:43.248548	175.0	-80.0
2026-06-23T23:53:52.151883	101.0	-70.5
2026-06-23T23:53:52.152049	109.0	-70.0
2026-06-23T23:53:52.152082	110.0	-70.0
2026-06-23T23:53:52.152115	109.0	-70.0
2026-06-23T23:53:52.152144	111.0	-70.5
2026-06-23T23:53:52.152173	109.0	-70.0
2026-06-23T23:53:52.152200	107.0	-70.0
2026-06-23T23:53:52.152227	109.0	-70.5
2026-06-23T23:53:52.152254	107.0	-70.5
2026-06-23T23:53:52.152282	109.0	-69.5
2026-06-23T23:53:52.152310	109.0	-70.0
2026-06-23T23:53:52.152336	106.0	-70.5
2026-06-23T23:53:52.152363	103.0	-70.5
2026-06-23T23:56:14.619088	100.0	-75.5
2026-06-23T23:56:14.619185	97.0	-77.0
2026-06-23T23:56:14.619216	96.0	-78.0
2026-06-23T23:56:14.619249	99.0	-80.0
2026-06-23T23:56:14.619277	102.0	-79.5
2026-06-23T23:56:14.619306	101.0	-78.0
2026-06-23T23:56:14.619335	100.0	-78.5
2026-06-23T23:56:14.619364	101.0	-75.5
2026-06-23T23:56:14.619392	103.0	-76.5
2026-06-23T23:56:14.619424	96.0	-75.0
2026-06-23T23:56:14.619451	100.0	-76.0
2026-06-23T23:56:14.619478	101.0	-78.5
2026-06-23T23:56:23.721554	130.0	-83.0
2026-06-23T23:56:23.721622	151.0	-82.5
2026-06-23T23:56:23.721663	158.0	-77.5
2026-06-23T23:56:23.721694	134.0	-80.5
2026-06-23T23:56:23.721724	141.0	-83.0
2026-06-23T23:56:23.721752	119.0	-82.0
2026-06-23T23:56:23.721778	145.0	-76.5
2026-06-23T23:56:23.721807	140.0	-71.0
2026-06-23T23:56:23.721835	142.0	-71.0
2026-06-23T23:56:23.721862	141.0	-73.5
2026-06-23T23:56:23.721890	145.0	-72.5
2026-06-23T23:56:23.721918	147.0	-74.0
2026-06-23T23:56:32.885623	138.0	-69.0
2026-06-23T23:56:32.885686	135.0	-68.0
2026-06-23T23:56:32.885721	137.0	-69.0
2026-06-23T23:56:32.885751	140.0	-69.0
2026-06-23T23:56:32.885780	145.0	-69.5
2026-06-23T23:56:32.885814	139.0	-70.5
2026-06-23T23:56:32.885843	143.0	-70.0
2026-06-23T23:56:32.885871	144.0	-70.5
2026-06-23T23:56:32.885900	146.0	-69.5
2026-06-23T23:56:32.885929	145.0	-70.5
2026-06-23T23:56:32.885957	139.0	-70.5
2026-06-23T23:56:32.885985	147.0	-70.5
2026-06-23T23:56:41.906010	176.0	-82.0
2026-06-23T23:56:41.906073	214.0	-81.5
2026-06-23T23:56:41.906114	167.0	-82.0
2026-06-23T23:56:41.906144	170.0	-82.5
2026-06-23T23:56:41.906175	176.0	-82.0
2026-06-23T23:56:41.906203	176.0	-81.0
2026-06-23T23:56:41.906231	178.0	-80.0
2026-06-23T23:56:41.906259	175.0	-80.5
2026-06-23T23:56:41.906288	179.0	-80.5
2026-06-23T23:56:41.906316	179.0	-80.5
2026-06-23T23:56:41.906345	177.0	-81.0
2026-06-23T23:56:41.906372	177.0	-82.0
2026-06-23T23:56:51.000067	173.0	-78.5
2026-06-23T23:56:51.000138	186.0	-80.5
2026-06-23T23:56:51.000174	171.0	-71.5
2026-06-23T23:56:51.000205	160.0	-71.0
2026-06-23T23:56:51.000235	157.0	-71.0
2026-06-23T23:56:51.000262	161.0	-69.5
2026-06-23T23:56:51.000291	152.0	-69.5
2026-06-23T23:56:51.000319	161.0	-71.0
2026-06-23T23:56:51.000346	156.0	-70.5
2026-06-23T23:56:51.000375	158.0	-70.5
2026-06-23T23:56:51.000402	157.0	-69.5
2026-06-23T23:56:51.000430	156.0	-69.5
2026-06-23T23:57:00.010591	157.0	-82.5
2026-06-23T23:57:00.010661	156.0	-82.5
2026-06-23T23:57:00.010697	183.0	-83.0
2026-06-23T23:57:00.010726	188.0	-78.5
2026-06-23T23:57:00.010755	183.0	-79.5
2026-06-23T23:57:00.010785	187.0	-80.5
2026-06-23T23:57:00.010814	195.0	-83.0
2026-06-23T23:57:00.010841	229.0	-77.5
2026-06-23T23:57:00.010868	213.0	-82.0
2026-06-23T23:57:00.010895	183.0	-81.5
2026-06-23T23:57:00.010923	170.0	-81.0
2026-06-23T23:57:00.010952	172.0	-81.5
2026-06-23T23:57:09.138627	182.0	-82.0
2026-06-23T23:57:09.138689	183.0	-80.5
2026-06-23T23:57:09.138730	183.0	-82.0
2026-06-23T23:57:09.138759	183.0	-82.0
2026-06-23T23:57:09.138787	181.0	-81.0
2026-06-23T23:57:09.138814	178.0	-82.0
2026-06-23T23:57:09.138840	181.0	-82.0
2026-06-23T23:57:09.138868	181.0	-83.0
2026-06-23T23:57:09.138894	182.0	-83.5
2026-06-23T23:57:09.138922	183.0	-83.0
2026-06-23T23:57:09.138949	178.0	-82.0
2026-06-23T23:57:09.138976	184.0	-81.5
2026-06-23T23:57:18.256942	229.0	-82.0
2026-06-23T23:57:18.257010	205.0	-76.5
2026-06-23T23:57:18.257046	201.0	-71.5
2026-06-23T23:57:18.257077	198.0	-76.5
2026-06-23T23:57:18.257106	182.0	-75.0
2026-06-23T23:57:18.257133	164.0	-77.5
2026-06-23T23:57:18.257162	172.0	-80.0
2026-06-23T23:57:18.257190	177.0	-74.0
2026-06-23T23:57:18.257218	169.0	-75.5
2026-06-23T23:57:18.257247	157.0	-80.0
2026-06-23T23:57:18.257274	164.0	-75.0
2026-06-23T23:57:27.242774	162.0	-80.0
2026-06-23T23:57:27.242855	156.0	-76.0
2026-06-23T23:57:27.242890	153.0	-75.5
2026-06-23T23:57:27.242928	160.0	-77.0
2026-06-23T23:57:27.242957	166.0	-75.5
2026-06-23T23:57:27.242988	172.0	-77.5
2026-06-23T23:57:27.243022	175.0	-83.0
2026-06-23T23:57:27.243051	183.0	-86.5
2026-06-23T23:57:27.243080	227.0	-88.0
2026-06-23T23:57:27.243108	200.0	-87.0
2026-06-23T23:57:36.349967	174.0	-77.5
2026-06-23T23:57:36.350037	175.0	-79.0
2026-06-23T23:57:36.350074	196.0	-76.0
2026-06-23T23:57:36.350104	191.0	-77.0
2026-06-23T23:57:36.350155	187.0	-81.0
2026-06-23T23:57:36.350184	176.0	-82.0
2026-06-23T23:57:36.350213	163.0	-83.5
2026-06-23T23:57:36.350242	175.0	-82.0
2026-06-23T23:57:36.350270	232.0	-79.5
2026-06-23T23:57:36.350299	172.0	-82.5
2026-06-23T23:57:45.328784	193.0	-83.0
2026-06-23T23:57:45.328846	192.0	-83.0
2026-06-23T23:57:45.328880	194.0	-83.5
2026-06-23T23:57:45.328916	193.0	-84.0
2026-06-23T23:57:45.328944	192.0	-84.0
2026-06-23T23:57:45.328973	197.0	-83.5
2026-06-23T23:57:45.329002	203.0	-83.0
2026-06-23T23:57:45.329030	205.0	-82.5
2026-06-23T23:57:45.329058	206.0	-82.0
2026-06-23T23:57:45.329086	207.0	-82.0
2026-06-23T23:57:45.329113	199.0	-84.0
2026-06-23T23:57:45.329139	200.0	-83.5
2026-06-23T23:57:54.411665	203.0	-82.5
2026-06-23T23:57:54.411735	199.0	-80.5
2026-06-23T23:57:54.411770	207.0	-81.0
2026-06-23T23:57:54.411801	213.0	-80.0
2026-06-23T23:57:54.411830	205.0	-83.0
2026-06-23T23:57:54.411858	195.0	-84.5
2026-06-23T23:57:54.411887	204.0	-84.5
2026-06-23T23:57:54.411987	204.0	-84.0
2026-06-23T23:57:54.412017	198.0	-84.0
2026-06-23T23:57:54.412046	200.0	-84.0
2026-06-23T23:57:54.412073	203.0	-83.5
2026-06-23T23:57:54.412102	206.0	-81.0
2026-06-23T23:58:03.494035	169.0	-83.0
2026-06-23T23:58:03.494102	164.0	-80.0
2026-06-23T23:58:03.494138	168.0	-77.5
2026-06-23T23:58:03.494176	166.0	-79.0
2026-06-23T23:58:03.494205	167.0	-75.0
2026-06-23T23:58:03.494233	162.0	-78.0
2026-06-23T23:58:03.494261	160.0	-81.5
2026-06-23T23:58:03.494290	157.0	-80.5
2026-06-23T23:58:03.494319	158.0	-81.5
2026-06-23T23:58:03.494348	167.0	-80.0
2026-06-23T23:58:03.494376	165.0	-79.5
2026-06-23T23:58:03.494405	162.0	-82.5
2026-06-23T23:58:12.534232	63.0	-66.0
2026-06-23T23:58:12.534295	61.0	-69.0
2026-06-23T23:58:12.534325	65.0	-72.5
2026-06-23T23:58:12.534364	61.0	-71.5
2026-06-23T23:58:12.534395	64.0	-69.0
2026-06-23T23:58:12.534422	66.0	-66.0
2026-06-23T23:58:12.534449	59.0	-68.5
2026-06-23T23:58:12.534477	61.0	-69.0
2026-06-23T23:58:12.534504	59.0	-69.0
2026-06-23T23:58:12.534530	61.0	-67.5
2026-06-23T23:58:12.534558	61.0	-68.0
2026-06-23T23:58:12.534585	65.0	-65.5
2026-06-23T23:58:12.534613	68.0	-67.0
2026-06-23T23:58:21.644598	65.0	-72.5
2026-06-23T23:58:21.644667	58.0	-71.0
2026-06-23T23:58:21.644701	72.0	-69.5
2026-06-23T23:58:21.644731	69.0	-69.5
2026-06-23T23:58:21.644761	70.0	-69.5
2026-06-23T23:58:21.644791	69.0	-69.5
2026-06-23T23:58:21.644821	69.0	-70.0
2026-06-23T23:58:21.644848	67.0	-68.5
2026-06-23T23:58:21.644876	72.0	-68.5
2026-06-23T23:58:21.644904	67.0	-68.5
2026-06-23T23:58:21.644932	73.0	-68.0
2026-06-23T23:58:21.644959	66.0	-69.0
2026-06-23T23:58:30.756478	57.0	-69.5
2026-06-23T23:58:30.756550	68.0	-69.0
2026-06-23T23:58:30.756580	75.0	-68.5
2026-06-23T23:58:30.756610	69.0	-70.0
2026-06-23T23:58:30.756639	61.0	-70.0
2026-06-23T23:58:30.756666	71.0	-70.5
2026-06-23T23:58:30.756695	72.0	-69.5
2026-06-23T23:58:30.756723	73.0	-69.5
2026-06-23T23:58:30.756751	69.0	-69.0
2026-06-23T23:58:30.756779	72.0	-69.0
2026-06-23T23:58:30.756806	74.0	-68.0
2026-06-23T23:58:39.766591	69.0	-68.5
2026-06-23T23:58:39.766660	70.0	-68.0
2026-06-23T23:58:39.766693	69.0	-68.5
2026-06-23T23:58:39.766724	65.0	-68.0
2026-06-23T23:58:39.766751	69.0	-68.5
2026-06-23T23:58:39.766780	69.0	-68.5
2026-06-23T23:58:39.766808	67.0	-68.5
2026-06-23T23:58:39.766836	66.0	-68.0
2026-06-23T23:58:39.766862	69.0	-68.5
2026-06-23T23:58:39.766890	70.0	-68.5
2026-06-23T23:58:39.766917	69.0	-68.0
2026-06-23T23:58:39.766943	66.0	-68.0
2026-06-23T23:58:48.865000	69.0	-70.5
2026-06-23T23:58:48.865070	69.0	-69.5
2026-06-23T23:58:48.865106	70.0	-70.0
2026-06-23T23:58:48.865139	72.0	-69.0
2026-06-23T23:58:48.865168	71.0	-70.0
2026-06-23T23:58:48.865196	73.0	-70.0
2026-06-23T23:58:48.865223	71.0	-69.5
2026-06-23T23:58:48.865251	70.0	-71.0
2026-06-23T23:58:48.865282	72.0	-69.5
2026-06-23T23:58:48.865311	70.0	-69.0
2026-06-23T23:58:57.889259	64.0	-68.0
2026-06-23T23:58:57.889320	71.0	-67.5
2026-06-23T23:58:57.889361	69.0	-67.0
2026-06-23T23:58:57.889390	68.0	-67.0
2026-06-23T23:58:57.889419	66.0	-67.5
2026-06-23T23:58:57.889448	68.0	-68.5
2026-06-23T23:58:57.889477	66.0	-71.0
2026-06-23T23:58:57.889504	61.0	-71.5
2026-06-23T23:58:57.889532	59.0	-70.5
2026-06-23T23:58:57.889561	63.0	-70.0
2026-06-23T23:58:57.889589	65.0	-70.0
2026-06-23T23:58:57.889617	68.0	-68.0
2026-06-23T23:59:06.881088	131.0	-75.5
2026-06-23T23:59:06.881158	153.0	-77.0
2026-06-23T23:59:06.881192	161.0	-75.5
2026-06-23T23:59:06.881223	163.0	-79.5
2026-06-23T23:59:06.881253	154.0	-78.5
2026-06-23T23:59:06.881281	156.0	-74.5
2026-06-23T23:59:06.881310	151.0	-78.5
2026-06-23T23:59:06.881338	135.0	-79.0
2026-06-23T23:59:06.881365	138.0	-82.0
2026-06-23T23:59:06.881393	146.0	-80.5
2026-06-23T23:59:06.881420	149.0	-76.0
2026-06-23T23:59:06.881448	150.0	-75.5
2026-06-23T23:59:15.936305	146.0	-79.5
2026-06-23T23:59:15.936373	165.0	-79.5
2026-06-23T23:59:15.936408	144.0	-82.0
2026-06-23T23:59:15.936438	151.0	-79.5
2026-06-23T23:59:15.936468	150.0	-77.5
2026-06-23T23:59:15.936497	152.0	-78.0
2026-06-23T23:59:15.936525	146.0	-73.0
2026-06-23T23:59:15.936552	161.0	-78.5
2026-06-23T23:59:15.936580	150.0	-79.5
2026-06-23T23:59:15.936608	149.0	-78.5
2026-06-23T23:59:15.936637	149.0	-79.5
2026-06-23T23:59:15.936665	140.0	-78.0
2026-06-23T23:59:24.979519	137.0	-76.0
2026-06-23T23:59:24.979583	141.0	-75.0
2026-06-23T23:59:24.979614	142.0	-75.0
2026-06-23T23:59:24.979643	143.0	-75.0
2026-06-23T23:59:24.979671	140.0	-74.5
2026-06-23T23:59:24.979706	137.0	-74.5
2026-06-23T23:59:24.979735	140.0	-75.5
2026-06-23T23:59:24.979764	139.0	-76.0
2026-06-23T23:59:24.979792	143.0	-76.0
2026-06-23T23:59:24.979819	139.0	-75.5
2026-06-23T23:59:24.979848	140.0	-75.5
2026-06-23T23:59:34.178123	144.0	-75.0
2026-06-23T23:59:34.178245	142.0	-71.5
2026-06-23T23:59:34.178340	140.0	-75.5
2026-06-23T23:59:34.178425	143.0	-76.0
2026-06-23T23:59:34.178513	142.0	-74.5
2026-06-23T23:59:43.110549	144.0	-75.5
2026-06-23T23:59:43.110618	143.0	-75.5
2026-06-23T23:59:43.110654	140.0	-75.0
2026-06-23T23:59:43.110684	144.0	-75.0
2026-06-23T23:59:43.110712	141.0	-73.0
2026-06-23T23:59:43.110740	143.0	-71.5
2026-06-23T23:59:43.110768	143.0	-74.5
2026-06-23T23:59:43.110806	142.0	-76.0
2026-06-23T23:59:43.110833	143.0	-75.5
2026-06-23T23:59:52.248777	144.0	-74.5
2026-06-23T23:59:52.248848	142.0	-75.5
2026-06-23T23:59:52.248883	138.0	-74.0
2026-06-23T23:59:52.248913	142.0	-74.5
2026-06-23T23:59:52.248949	144.0	-75.5
2026-06-23T23:59:52.248978	143.0	-75.5
2026-06-23T23:59:52.249008	144.0	-74.5
2026-06-23T23:59:52.249039	140.0	-75.5
2026-06-24T00:00:01.274977	140.0	-75.0
2026-06-24T00:00:01.275039	143.0	-75.5
2026-06-24T00:00:01.275080	139.0	-75.0
2026-06-24T00:00:01.275110	141.0	-75.5
2026-06-24T00:00:01.275142	141.0	-75.0
2026-06-24T00:00:01.275172	143.0	-75.0
2026-06-24T00:00:01.275205	144.0	-75.5
2026-06-24T00:00:01.275237	139.0	-75.5
2026-06-24T00:00:10.324332	143.0	-76.0
2026-06-24T00:00:10.324402	142.0	-74.5
2026-06-24T00:00:10.324439	139.0	-75.0
2026-06-24T00:00:10.324472	139.0	-75.5
2026-06-24T00:00:10.324505	142.0	-74.5
2026-06-24T00:00:10.324534	143.0	-75.0
2026-06-24T00:00:19.505556	152.0	-76.0
2026-06-24T00:00:19.505618	159.0	-81.0
2026-06-24T00:00:19.505651	174.0	-76.5
2026-06-24T00:00:19.505688	176.0	-75.0
2026-06-24T00:00:19.505717	154.0	-78.0
2026-06-24T00:00:19.505746	161.0	-77.0
2026-06-24T00:00:19.505774	170.0	-80.5
2026-06-24T00:00:19.505803	174.0	-82.0
2026-06-24T00:00:19.505831	173.0	-84.0
2026-06-24T00:00:19.505860	178.0	-84.0
2026-06-24T00:00:19.505887	204.0	-86.5
2026-06-24T00:00:19.505915	194.0	-86.5
2026-06-24T00:00:28.516213	284.0	-85.0
2026-06-24T00:00:28.516276	180.0	-84.0
2026-06-24T00:00:28.516311	174.0	-82.0
2026-06-24T00:00:28.516341	181.0	-83.0
2026-06-24T00:00:28.516371	181.0	-77.5
2026-06-24T00:00:28.516405	172.0	-77.5
2026-06-24T00:00:28.516435	174.0	-77.5
2026-06-24T00:00:28.516464	163.0	-77.0
2026-06-24T00:00:28.516491	167.0	-77.0
2026-06-24T00:00:28.516518	164.0	-75.5
2026-06-24T00:00:28.516546	161.0	-79.0
2026-06-24T00:00:28.516573	172.0	-81.5
2026-06-24T00:00:37.789814	152.0	-82.0
2026-06-24T00:00:37.789908	154.0	-83.5
2026-06-24T00:00:37.789966	164.0	-81.5
2026-06-24T00:00:37.790016	161.0	-81.5
2026-06-24T00:00:37.790065	158.0	-76.5
2026-06-24T00:00:37.790112	160.0	-76.0
2026-06-24T00:00:37.790159	159.0	-84.0
2026-06-24T00:00:37.790205	168.0	-86.5
2026-06-24T00:00:37.790252	197.0	-87.0
2026-06-24T00:00:37.790299	252.0	-91.5
2026-06-24T00:00:37.790346	207.0	-86.5
2026-06-24T00:00:46.578546	170.0	-82.0
2026-06-24T00:00:46.578609	145.0	-85.0
2026-06-24T00:00:46.578644	164.0	-83.5
2026-06-24T00:00:46.578681	173.0	-85.0
2026-06-24T00:00:46.578710	158.0	-86.0
2026-06-24T00:00:46.578738	250.0	-83.5
2026-06-24T00:00:46.578767	252.0	-86.0
2026-06-24T00:00:46.578795	246.0	-87.0
2026-06-24T00:00:46.578821	276.0	-86.5
2026-06-24T00:00:46.578850	174.0	-86.5
2026-06-24T00:00:46.578879	285.0	-85.0
2026-06-24T00:00:46.578906	319.0	-88.0
2026-06-24T00:00:55.605743	279.0	-88.0
2026-06-24T00:00:55.605845	199.0	-86.0
2026-06-24T00:00:55.605902	184.0	-86.0
2026-06-24T00:00:55.605959	179.0	-84.5
2026-06-24T00:00:55.606018	211.0	-84.0
2026-06-24T00:00:55.606068	219.0	-84.5
2026-06-24T00:00:55.606117	202.0	-85.0
2026-06-24T00:00:55.606164	203.0	-85.0
2026-06-24T00:00:55.606210	204.0	-84.5
2026-06-24T00:00:55.606263	212.0	-84.5
2026-06-24T00:00:55.606315	202.0	-84.0
2026-06-24T00:00:55.606364	211.0	-84.0
2026-06-24T00:00:55.606413	196.0	-84.0
2026-06-24T00:01:04.810333	152.0	-85.0
2026-06-24T00:01:04.810463	160.0	-85.0
2026-06-24T00:01:04.810558	148.0	-85.0
2026-06-24T00:01:04.810635	152.0	-79.0
2026-06-24T00:01:04.810713	154.0	-79.5
2026-06-24T00:01:04.810802	152.0	-83.5
2026-06-24T00:01:04.810878	156.0	-85.5
2026-06-24T00:01:04.810954	142.0	-87.0
2026-06-24T00:01:04.811357	137.0	-84.5
2026-06-24T00:01:04.811468	235.0	-82.0
2026-06-24T00:01:04.811544	164.0	-83.0
2026-06-24T00:01:04.811619	145.0	-89.0
2026-06-24T00:01:13.770067	172.0	-87.0
2026-06-24T00:01:13.770129	193.0	-87.5
2026-06-24T00:01:13.770170	206.0	-90.0
2026-06-24T00:01:13.770199	186.0	-90.0
2026-06-24T00:01:13.770227	186.0	-90.0
2026-06-24T00:01:13.770255	197.0	-90.0
2026-06-24T00:01:13.770283	201.0	-90.0
2026-06-24T00:01:13.770311	205.0	-90.0
2026-06-24T00:01:13.770338	202.0	-90.0
2026-06-24T00:01:13.770364	205.0	-90.0
2026-06-24T00:01:13.770391	203.0	-87.0
2026-06-24T00:01:13.770418	227.0	-90.0
2026-06-24T00:01:22.878071	179.0	-86.0
2026-06-24T00:01:22.878133	176.0	-85.0
2026-06-24T00:01:22.878168	175.0	-85.5
2026-06-24T00:01:22.878204	176.0	-85.0
2026-06-24T00:01:22.878233	183.0	-85.5
2026-06-24T00:01:22.878263	175.0	-85.0
2026-06-24T00:01:22.878290	180.0	-85.5
2026-06-24T00:01:22.878319	178.0	-86.0
2026-06-24T00:01:22.878346	174.0	-86.0
2026-06-24T00:01:22.878374	176.0	-86.0
2026-06-24T00:01:22.878401	180.0	-86.0
2026-06-24T00:01:22.878428	173.0	-86.5
2026-06-24T00:01:31.904700	227.0	-81.0
2026-06-24T00:01:31.904763	198.0	-83.5
2026-06-24T00:01:31.904804	174.0	-88.0
2026-06-24T00:01:31.904833	172.0	-86.5
2026-06-24T00:01:31.904863	176.0	-84.0
2026-06-24T00:01:31.904891	173.0	-84.5
2026-06-24T00:01:31.904920	173.0	-85.0
2026-06-24T00:01:31.904948	188.0	-84.5
2026-06-24T00:01:31.904977	300.0	-83.0
2026-06-24T00:01:31.905005	263.0	-84.5
2026-06-24T00:01:31.905034	182.0	-90.5
2026-06-24T00:01:31.905064	162.0	-83.0
2026-06-24T00:01:40.863744	167.0	-86.0
2026-06-24T00:01:40.863852	194.0	-84.5
2026-06-24T00:01:40.863991	180.0	-79.0
2026-06-24T00:01:40.864065	172.0	-78.0
2026-06-24T00:01:40.864127	179.0	-80.5
2026-06-24T00:01:40.864189	187.0	-76.5
2026-06-24T00:01:40.864252	179.0	-77.0
2026-06-24T00:01:40.864310	166.0	-75.5
2026-06-24T00:01:40.864371	167.0	-74.0
2026-06-24T00:01:40.864430	156.0	-74.5
2026-06-24T00:01:40.864489	156.0	-74.5
2026-06-24T00:01:40.864549	150.0	-73.5
2026-06-24T00:01:40.864608	148.0	-73.5
2026-06-24T00:01:49.999201	167.0	-85.0
2026-06-24T00:01:49.999262	236.0	-84.5
2026-06-24T00:01:49.999302	255.0	-84.0
2026-06-24T00:01:49.999332	238.0	-85.0
2026-06-24T00:01:49.999360	232.0	-84.0
2026-06-24T00:01:49.999388	236.0	-84.0
2026-06-24T00:01:49.999415	191.0	-83.5
2026-06-24T00:01:49.999444	166.0	-83.0
2026-06-24T00:01:49.999473	161.0	-83.5
2026-06-24T00:01:49.999502	172.0	-83.5
2026-06-24T00:01:49.999530	163.0	-83.0
2026-06-24T00:01:49.999557	152.0	-83.5
2026-06-24T00:01:59.134403	189.0	-71.5
2026-06-24T00:01:59.134475	189.0	-71.5
2026-06-24T00:01:59.134507	189.0	-70.5
2026-06-24T00:01:59.134538	185.0	-70.5
2026-06-24T00:01:59.134569	189.0	-69.5
2026-06-24T00:01:59.134598	187.0	-70.5
2026-06-24T00:01:59.134628	185.0	-70.0
2026-06-24T00:01:59.134656	187.0	-71.0
2026-06-24T00:01:59.134685	185.0	-71.0
2026-06-24T00:01:59.134713	187.0	-70.0
2026-06-24T00:01:59.134741	186.0	-70.5
2026-06-24T00:02:08.129397	115.0	-67.0
2026-06-24T00:02:08.129503	115.0	-68.5
2026-06-24T00:02:08.129586	121.0	-65.5
2026-06-24T00:02:08.129652	119.0	-67.0
2026-06-24T00:02:08.129712	123.0	-66.0
2026-06-24T00:02:08.129771	126.0	-65.5
2026-06-24T00:02:08.129831	128.0	-68.0
2026-06-24T00:02:08.129889	124.0	-68.5
2026-06-24T00:02:08.129947	119.0	-67.5
2026-06-24T00:02:08.130009	119.0	-66.5
2026-06-24T00:02:08.130071	117.0	-69.5
2026-06-24T00:02:08.130131	126.0	-67.0
2026-06-24T00:02:17.117493	176.0	-79.0
2026-06-24T00:02:17.117558	175.0	-80.0
2026-06-24T00:02:17.117589	178.0	-77.5
2026-06-24T00:02:17.117625	182.0	-77.0
2026-06-24T00:02:17.117654	182.0	-78.5
2026-06-24T00:02:17.117686	180.0	-78.5
2026-06-24T00:02:17.117715	180.0	-80.5
2026-06-24T00:02:17.117744	178.0	-80.5
2026-06-24T00:02:17.117773	178.0	-77.5
2026-06-24T00:02:17.117802	176.0	-78.5
2026-06-24T00:02:26.177676	168.0	-77.0
2026-06-24T00:02:35.259757	165.0	-75.5
2026-06-24T00:02:35.259828	169.0	-75.5
2026-06-24T00:02:35.259864	177.0	-76.0
2026-06-24T00:02:35.259894	176.0	-89.5
2026-06-24T00:02:35.259971	175.0	-76.5
2026-06-24T00:02:35.260001	169.0	-76.0
2026-06-24T00:02:44.399992	164.0	-75.5
2026-06-24T00:02:44.400062	165.0	-74.0
2026-06-24T00:02:44.400097	160.0	-77.0
2026-06-24T00:02:44.400130	166.0	-74.0
2026-06-24T00:02:44.400159	170.0	-74.0
2026-06-24T00:02:44.400186	170.0	-87.0
2026-06-24T00:02:44.400215	168.0	-75.0
2026-06-24T00:02:44.400249	169.0	-76.0
2026-06-24T00:02:44.400277	168.0	-77.0
2026-06-24T00:02:53.403337	155.0	-77.5
2026-06-24T00:02:53.403406	159.0	-76.5
2026-06-24T00:02:53.403444	156.0	-74.5
2026-06-24T00:02:53.403475	155.0	-76.0
2026-06-24T00:02:53.403504	153.0	-76.0
2026-06-24T00:02:53.403532	161.0	-75.5
2026-06-24T00:02:53.403560	153.0	-74.0
2026-06-24T00:02:53.403587	152.0	-78.5
2026-06-24T00:02:53.403614	156.0	-79.5
2026-06-24T00:02:53.403643	151.0	-77.0
2026-06-24T00:02:53.403671	152.0	-77.0
2026-06-24T00:03:02.526560	82.0	-72.5
2026-06-24T00:03:02.526631	74.0	-76.0
2026-06-24T00:03:02.526662	75.0	-72.5
2026-06-24T00:03:02.526692	76.0	-73.5
2026-06-24T00:03:02.526721	79.0	-74.5
2026-06-24T00:03:02.526750	76.0	-73.5
2026-06-24T00:03:02.526779	77.0	-73.0
2026-06-24T00:03:02.526806	79.0	-72.5
2026-06-24T00:03:02.526833	75.0	-71.5
2026-06-24T00:03:02.526862	75.0	-72.5
2026-06-24T00:03:02.526890	74.0	-73.5
2026-06-24T00:03:41.150111	83.0	-76.0
2026-06-24T00:03:41.150174	87.0	-74.0
2026-06-24T00:03:41.150212	88.0	-74.5
2026-06-24T00:03:41.150249	92.0	-76.0
2026-06-24T00:03:41.150278	89.0	-73.5
2026-06-24T00:03:41.150311	92.0	-74.5
2026-06-24T00:03:41.150341	90.0	-74.0
2026-06-24T00:03:41.150371	88.0	-73.0
2026-06-24T00:03:41.150400	84.0	-76.0
2026-06-24T00:03:41.150428	80.0	-78.0
2026-06-24T00:03:41.150456	82.0	-76.5
2026-06-24T00:03:50.346284	68.0	-70.0
2026-06-24T00:03:50.346346	76.0	-68.0
2026-06-24T00:03:50.346380	66.0	-71.5
2026-06-24T00:03:50.346416	72.0	-73.5
2026-06-24T00:03:50.346446	82.0	-74.0
2026-06-24T00:03:50.346482	74.0	-69.5
2026-06-24T00:03:50.346512	75.0	-70.0
2026-06-24T00:03:50.346540	76.0	-69.0
2026-06-24T00:03:50.346568	78.0	-67.5
2026-06-24T00:03:50.346597	74.0	-69.5
2026-06-24T00:03:50.346625	78.0	-69.0
2026-06-24T00:03:50.346653	85.0	-67.5
2026-06-24T00:03:59.356910	70.0	-68.0
2026-06-24T00:03:59.356973	73.0	-69.0
2026-06-24T00:03:59.357007	73.0	-67.5
2026-06-24T00:03:59.357043	72.0	-69.0
2026-06-24T00:03:59.357071	73.0	-69.0
2026-06-24T00:03:59.357099	75.0	-69.0
2026-06-24T00:03:59.357125	73.0	-67.0
2026-06-24T00:03:59.357153	74.0	-68.5
2026-06-24T00:03:59.357181	71.0	-69.5
2026-06-24T00:03:59.357209	70.0	-69.0
2026-06-24T00:03:59.357237	71.0	-69.5
2026-06-24T00:03:59.357265	76.0	-71.5
2026-06-24T00:04:08.502497	61.0	-71.0
2026-06-24T00:04:08.502615	62.0	-68.0
2026-06-24T00:04:08.502701	64.0	-68.0
2026-06-24T00:04:08.502774	63.0	-68.5
2026-06-24T00:04:08.502858	58.0	-70.0
2026-06-24T00:04:08.502930	62.0	-68.5
2026-06-24T00:04:08.503003	64.0	-69.0
2026-06-24T00:04:08.503073	62.0	-70.0
2026-06-24T00:04:08.503142	66.0	-68.0
2026-06-24T00:04:08.503212	61.0	-71.0
2026-06-24T00:04:08.503280	96.0	-72.0
2026-06-24T00:04:08.503348	99.0	-80.0
2026-06-24T00:04:17.466032	87.0	-70.5
2026-06-24T00:04:17.466101	85.0	-72.0
2026-06-24T00:04:17.466136	78.0	-73.0
2026-06-24T00:04:17.466165	75.0	-74.0
2026-06-24T00:04:17.466193	77.0	-71.5
2026-06-24T00:04:17.466223	75.0	-70.5
2026-06-24T00:04:17.466252	79.0	-70.5
2026-06-24T00:04:17.466282	78.0	-69.5
2026-06-24T00:04:17.466312	79.0	-68.0
2026-06-24T00:04:17.466340	76.0	-69.5
2026-06-24T00:04:17.466368	75.0	-72.0
2026-06-24T00:04:17.466395	78.0	-71.5
2026-06-24T00:04:26.487557	165.0	-74.5
2026-06-24T00:04:26.487628	170.0	-75.0
2026-06-24T00:04:26.487659	173.0	-76.0
2026-06-24T00:04:26.487689	173.0	-77.0
2026-06-24T00:04:26.487717	171.0	-80.0
2026-06-24T00:04:26.487746	174.0	-79.0
2026-06-24T00:04:26.487773	173.0	-81.0
2026-06-24T00:04:26.487801	174.0	-82.0
2026-06-24T00:04:26.487828	166.0	-81.0
2026-06-24T00:04:26.487855	166.0	-79.0
2026-06-24T00:04:26.487882	162.0	-78.5
2026-06-24T00:04:35.594573	173.0	-83.5
2026-06-24T00:04:35.594640	171.0	-83.0
2026-06-24T00:04:35.594675	156.0	-83.0
2026-06-24T00:04:35.594703	149.0	-83.0
2026-06-24T00:04:35.594732	147.0	-83.0
2026-06-24T00:04:35.594760	170.0	-82.5
2026-06-24T00:04:35.594789	202.0	-82.0
2026-06-24T00:04:35.594817	177.0	-82.5
2026-06-24T00:04:35.594845	148.0	-83.5
2026-06-24T00:04:35.594874	165.0	-83.5
2026-06-24T00:04:35.594902	172.0	-83.5
2026-06-24T00:04:35.594930	254.0	-82.5
2026-06-24T00:04:44.684807	151.0	-85.0
2026-06-24T00:04:44.684928	146.0	-84.5
2026-06-24T00:04:44.685023	228.0	-87.0
2026-06-24T00:04:44.685096	248.0	-86.0
2026-06-24T00:04:44.685166	175.0	-86.0
2026-06-24T00:04:44.685234	194.0	-86.5
2026-06-24T00:04:44.685307	215.0	-85.5
2026-06-24T00:04:44.685379	213.0	-83.5
2026-06-24T00:04:44.685448	182.0	-81.0
2026-06-24T00:04:44.685515	257.0	-77.0
2026-06-24T00:04:44.685582	212.0	-77.5
2026-06-24T00:04:44.685653	174.0	-79.0
2026-06-24T00:04:53.740930	176.0	-82.5
2026-06-24T00:04:53.741002	181.0	-80.5
2026-06-24T00:04:53.741034	179.0	-81.5
2026-06-24T00:04:53.741066	315.0	-82.0
2026-06-24T00:04:53.741095	150.0	-84.0
2026-06-24T00:04:53.741125	170.0	-86.0
2026-06-24T00:04:53.741153	224.0	-82.5
2026-06-24T00:04:53.741183	233.0	-81.5
2026-06-24T00:04:53.741212	206.0	-81.0
2026-06-24T00:04:53.741240	190.0	-79.5
2026-06-24T00:04:53.741268	191.0	-79.0
2026-06-24T00:05:02.725741	167.0	-85.0
2026-06-24T00:05:02.725801	175.0	-85.0
2026-06-24T00:05:02.725835	174.0	-85.0
2026-06-24T00:05:02.725865	225.0	-83.5
2026-06-24T00:05:02.725900	214.0	-83.0
2026-06-24T00:05:02.725928	218.0	-82.5
2026-06-24T00:05:02.725956	255.0	-83.0
2026-06-24T00:05:02.725984	212.0	-83.5
2026-06-24T00:05:02.726013	210.0	-83.5
2026-06-24T00:05:02.726042	201.0	-84.5
2026-06-24T00:05:02.726070	180.0	-86.5
2026-06-24T00:05:02.726098	192.0	-81.5
2026-06-24T00:05:11.805583	79.0	-66.5
2026-06-24T00:05:11.805726	80.0	-66.5
2026-06-24T00:05:11.805806	79.0	-68.0
2026-06-24T00:05:11.805879	83.0	-67.0
2026-06-24T00:05:11.805950	68.0	-69.5
2026-06-24T00:05:11.806022	76.0	-68.5
2026-06-24T00:05:11.806093	79.0	-66.0
2026-06-24T00:05:11.806161	80.0	-65.5
2026-06-24T00:05:11.806232	77.0	-67.0
2026-06-24T00:05:11.806300	74.0	-69.0
2026-06-24T00:05:11.806368	74.0	-67.5
2026-06-24T00:05:20.868036	78.0	-65.0
2026-06-24T00:05:20.868099	73.0	-67.5
2026-06-24T00:05:20.868141	74.0	-68.0
2026-06-24T00:05:20.868170	79.0	-68.5
2026-06-24T00:05:20.868200	77.0	-69.5
2026-06-24T00:05:20.868229	72.0	-69.5
2026-06-24T00:05:20.868258	75.0	-70.0
2026-06-24T00:05:20.868286	77.0	-68.5
2026-06-24T00:05:20.868314	77.0	-69.0
2026-06-24T00:05:20.868341	74.0	-69.0
2026-06-24T00:05:20.868369	78.0	-68.5
2026-06-24T00:05:20.868396	79.0	-69.0
2026-06-24T00:05:29.857931	71.0	-66.5
2026-06-24T00:05:29.857999	69.0	-68.0
2026-06-24T00:05:29.858033	75.0	-66.0
2026-06-24T00:05:29.858062	69.0	-67.5
2026-06-24T00:05:29.858093	74.0	-68.0
2026-06-24T00:05:29.858121	73.0	-69.0
2026-06-24T00:05:29.858149	71.0	-69.5
2026-06-24T00:05:29.858177	75.0	-70.0
2026-06-24T00:05:29.858205	72.0	-71.0
2026-06-24T00:05:29.858233	74.0	-70.0
2026-06-24T00:05:29.858261	74.0	-69.5
2026-06-24T00:05:29.858289	71.0	-67.5
2026-06-24T00:05:38.915042	146.0	-75.0
2026-06-24T00:05:38.915104	108.0	-68.5
2026-06-24T00:05:38.915145	120.0	-70.0
2026-06-24T00:05:38.915174	130.0	-67.0
2026-06-24T00:05:38.915203	139.0	-67.0
2026-06-24T00:05:38.915231	139.0	-66.5
2026-06-24T00:05:38.915259	154.0	-73.5
2026-06-24T00:05:38.915287	150.0	-80.5
2026-06-24T00:05:38.915316	158.0	-72.0
2026-06-24T00:05:38.915343	160.0	-71.0
2026-06-24T00:05:38.915370	157.0	-75.0
2026-06-24T00:05:38.915398	175.0	-72.5
2026-06-24T00:05:47.974280	170.0	-82.5
2026-06-24T00:05:47.974351	184.0	-82.5
2026-06-24T00:05:47.974386	169.0	-81.5
2026-06-24T00:05:47.974418	170.0	-82.0
2026-06-24T00:05:47.974447	167.0	-82.5
2026-06-24T00:05:47.974477	164.0	-82.0
2026-06-24T00:05:47.974505	170.0	-82.0
2026-06-24T00:05:47.974534	173.0	-81.5
2026-06-24T00:05:47.974563	175.0	-82.0
2026-06-24T00:05:47.974591	177.0	-82.5
2026-06-24T00:05:47.974620	174.0	-82.5
2026-06-24T00:05:47.974649	172.0	-82.0
2026-06-24T00:05:57.053966	166.0	-83.0
2026-06-24T00:05:57.054028	169.0	-83.5
2026-06-24T00:05:57.054069	170.0	-83.5
2026-06-24T00:05:57.054100	171.0	-83.0
2026-06-24T00:05:57.054130	173.0	-83.0
2026-06-24T00:05:57.054158	169.0	-83.5
2026-06-24T00:05:57.054188	167.0	-84.0
2026-06-24T00:05:57.054216	169.0	-83.5
2026-06-24T00:05:57.054245	169.0	-83.5
2026-06-24T00:05:57.054274	166.0	-83.5
2026-06-24T00:05:57.054304	170.0	-83.5
2026-06-24T00:05:57.054333	170.0	-83.5
2026-06-24T00:06:06.142918	173.0	-83.5
2026-06-24T00:06:06.143052	172.0	-83.0
2026-06-24T00:06:06.143127	169.0	-83.5
2026-06-24T00:06:06.143213	170.0	-83.5
2026-06-24T00:06:06.143289	175.0	-83.5
2026-06-24T00:06:06.143363	170.0	-83.5
2026-06-24T00:06:06.143434	172.0	-83.5
2026-06-24T00:06:06.143506	170.0	-83.0
2026-06-24T00:06:06.143575	172.0	-83.0
2026-06-24T00:06:06.143645	166.0	-83.0
2026-06-24T00:06:06.143713	173.0	-83.5
2026-06-24T00:06:06.143784	174.0	-83.5
2026-06-24T00:06:06.143854	168.0	-83.5
2026-06-24T00:06:15.240872	161.0	-82.5
2026-06-24T00:06:15.240940	170.0	-82.5
2026-06-24T00:06:15.240977	174.0	-81.5
2026-06-24T00:06:15.241008	173.0	-80.5
2026-06-24T00:06:15.241038	170.0	-82.0
2026-06-24T00:06:15.241066	172.0	-81.0
2026-06-24T00:06:15.241094	184.0	-81.5
2026-06-24T00:06:15.241122	174.0	-83.5
2026-06-24T00:06:15.241150	178.0	-82.5
2026-06-24T00:06:15.241179	177.0	-83.0
2026-06-24T00:06:15.241206	162.0	-83.0
2026-06-24T00:06:15.241234	162.0	-81.5
2026-06-24T00:06:24.215980	160.0	-81.0
2026-06-24T00:06:24.216071	182.0	-79.5
2026-06-24T00:06:24.216143	181.0	-79.5
2026-06-24T00:06:24.216195	181.0	-79.0
2026-06-24T00:06:24.216244	184.0	-80.0
2026-06-24T00:06:24.216291	182.0	-79.5
2026-06-24T00:06:24.216340	178.0	-78.0
2026-06-24T00:06:24.216386	178.0	-79.0
2026-06-24T00:06:24.216432	182.0	-80.5
2026-06-24T00:06:24.216480	181.0	-80.0
2026-06-24T00:06:24.216525	179.0	-79.5
2026-06-24T00:06:24.216571	179.0	-77.5
2026-06-24T00:06:33.277300	180.0	-79.5
2026-06-24T00:06:33.277370	181.0	-79.5
2026-06-24T00:06:33.277406	177.0	-80.5
2026-06-24T00:06:33.277438	180.0	-79.5
2026-06-24T00:06:33.277469	177.0	-79.0
2026-06-24T00:06:33.277498	172.0	-80.0
2026-06-24T00:06:33.277526	177.0	-79.5
2026-06-24T00:06:33.277555	175.0	-80.0
2026-06-24T00:06:33.277582	173.0	-79.5
2026-06-24T00:06:33.277611	178.0	-80.0
2026-06-24T00:06:33.277639	175.0	-79.5
2026-06-24T00:06:33.277667	169.0	-81.0
2026-06-24T00:06:42.359761	184.0	-79.5
2026-06-24T00:06:42.359837	186.0	-80.0
2026-06-24T00:06:42.359868	180.0	-81.0
2026-06-24T00:06:42.359898	182.0	-79.5
2026-06-24T00:06:42.359976	189.0	-80.0
2026-06-24T00:06:42.360005	157.0	-81.0
2026-06-24T00:06:42.360032	177.0	-78.5
2026-06-24T00:06:42.360060	178.0	-80.0
2026-06-24T00:06:42.360087	166.0	-80.0
2026-06-24T00:06:42.360114	172.0	-82.0
2026-06-24T00:06:51.495194	177.0	-82.0
2026-06-24T00:06:51.495255	175.0	-80.0
2026-06-24T00:06:51.495289	179.0	-79.5
2026-06-24T00:06:51.495325	178.0	-80.0
2026-06-24T00:06:51.495354	176.0	-80.5
2026-06-24T00:06:51.495383	175.0	-80.5
2026-06-24T00:06:51.495412	167.0	-81.0
2026-06-24T00:06:51.495441	178.0	-81.5
2026-06-24T00:06:51.495469	182.0	-81.0
2026-06-24T00:06:51.495497	185.0	-79.5
2026-06-24T00:06:51.495526	181.0	-78.5
2026-06-24T00:07:00.500010	174.0	-81.0
2026-06-24T00:07:00.500073	171.0	-81.5
2026-06-24T00:07:00.500115	175.0	-81.5
2026-06-24T00:07:00.500145	178.0	-81.5
2026-06-24T00:07:00.500176	171.0	-81.5
2026-06-24T00:07:00.500206	174.0	-81.0
2026-06-24T00:07:00.500233	175.0	-81.0
2026-06-24T00:07:00.500261	179.0	-80.0
2026-06-24T00:07:00.500287	169.0	-79.5
2026-06-24T00:07:00.500316	177.0	-80.5
2026-06-24T00:07:00.500344	175.0	-80.0
2026-06-24T00:07:00.500372	176.0	-80.5
2026-06-24T00:07:09.613752	160.0	-81.0
2026-06-24T00:07:09.613814	145.0	-82.0
2026-06-24T00:07:09.613848	143.0	-71.5
2026-06-24T00:07:09.613884	127.0	-79.0
2026-06-24T00:07:09.613914	114.0	-76.0
2026-06-24T00:07:09.613942	117.0	-74.5
2026-06-24T00:07:09.613971	130.0	-69.0
2026-06-24T00:07:09.613999	134.0	-72.0
2026-06-24T00:07:09.614026	139.0	-72.5
2026-06-24T00:07:09.614055	159.0	-73.5
2026-06-24T00:07:09.614086	159.0	-74.5
2026-06-24T00:07:18.687465	163.0	-77.5
2026-06-24T00:07:18.687687	166.0	-81.0
2026-06-24T00:07:18.687778	174.0	-79.5
2026-06-24T00:07:18.687856	173.0	-83.0
2026-06-24T00:07:18.688038	181.0	-80.0
2026-06-24T00:07:18.688114	250.0	-77.5
2026-06-24T00:07:18.688190	186.0	-82.5
2026-06-24T00:07:18.688271	187.0	-78.0
2026-06-24T00:07:18.688343	182.0	-78.5
2026-06-24T00:07:18.688419	183.0	-79.5
2026-06-24T00:07:18.688491	191.0	-82.5
2026-06-24T00:07:27.596216	183.0	-84.5
2026-06-24T00:07:27.596284	173.0	-85.0
2026-06-24T00:07:27.596319	215.0	-82.0
2026-06-24T00:07:27.596349	219.0	-80.5
2026-06-24T00:07:27.596379	174.0	-81.5
2026-06-24T00:07:27.596408	191.0	-82.0
2026-06-24T00:07:27.596437	180.0	-83.0
2026-06-24T00:07:27.596464	156.0	-81.5
2026-06-24T00:07:27.596492	181.0	-82.5
2026-06-24T00:07:27.596521	190.0	-84.0
2026-06-24T00:07:27.596548	175.0	-82.5
2026-06-24T00:07:27.596576	171.0	-78.0
2026-06-24T00:07:36.749367	208.0	-82.5
2026-06-24T00:07:36.749435	160.0	-84.5
2026-06-24T00:07:36.749473	175.0	-82.5
2026-06-24T00:07:36.749504	168.0	-81.5
2026-06-24T00:07:36.749534	165.0	-79.5
2026-06-24T00:07:36.749564	166.0	-81.0
2026-06-24T00:07:36.749591	163.0	-79.5
2026-06-24T00:07:36.749620	167.0	-79.0
2026-06-24T00:07:36.749647	172.0	-80.0
2026-06-24T00:07:36.749676	169.0	-80.5
2026-06-24T00:07:36.749705	168.0	-83.5
2026-06-24T00:07:36.749733	205.0	-84.5
2026-06-24T00:07:45.697001	81.0	-73.0
2026-06-24T00:07:45.697063	80.0	-72.5
2026-06-24T00:07:45.697103	76.0	-79.0
2026-06-24T00:07:45.697134	69.0	-81.5
2026-06-24T00:07:45.697164	69.0	-80.5
2026-06-24T00:07:45.697193	74.0	-77.5
2026-06-24T00:07:45.697224	78.0	-76.0
2026-06-24T00:07:45.697251	77.0	-77.5
2026-06-24T00:07:45.697279	77.0	-74.5
2026-06-24T00:07:45.697311	80.0	-75.5
2026-06-24T00:07:45.697340	82.0	-75.0
2026-06-24T00:07:54.733045	70.0	-78.0
2026-06-24T00:07:54.733133	92.0	-76.5
2026-06-24T00:07:54.733198	92.0	-74.0
2026-06-24T00:07:54.733248	92.0	-77.5
2026-06-24T00:07:54.733298	95.0	-75.5
2026-06-24T00:07:54.733346	92.0	-72.5
2026-06-24T00:07:54.733393	92.0	-70.0
2026-06-24T00:07:54.733440	89.0	-71.0
2026-06-24T00:07:54.733484	93.0	-73.0
2026-06-24T00:07:54.733529	88.0	-72.5
2026-06-24T00:07:54.733575	85.0	-73.5
2026-06-24T00:07:54.733621	85.0	-76.0
2026-06-24T00:08:03.893792	79.0	-77.5
2026-06-24T00:08:03.893861	83.0	-78.0
2026-06-24T00:08:03.893896	84.0	-79.0
2026-06-24T00:08:03.893925	87.0	-73.5
2026-06-24T00:08:03.893955	99.0	-75.5
2026-06-24T00:08:03.893985	75.0	-76.5
2026-06-24T00:08:03.894014	82.0	-66.0
2026-06-24T00:08:03.894042	77.0	-68.0
2026-06-24T00:08:03.894069	74.0	-66.5
2026-06-24T00:08:03.894098	79.0	-65.5
2026-06-24T00:08:03.894127	84.0	-66.0
2026-06-24T00:08:03.894154	76.0	-67.5
2026-06-24T00:08:13.242899	72.0	-76.5
2026-06-24T00:08:13.242996	58.0	-74.0
2026-06-24T00:08:13.243047	66.0	-75.0
2026-06-24T00:08:13.243097	86.0	-71.5
2026-06-24T00:08:13.243146	94.0	-73.5
2026-06-24T00:08:13.243194	87.0	-77.0
2026-06-24T00:08:13.243245	79.0	-79.0
2026-06-24T00:08:13.243292	79.0	-77.0
2026-06-24T00:08:13.243338	84.0	-78.5
2026-06-24T00:08:22.018411	63.0	-73.0
2026-06-24T00:08:22.018474	64.0	-71.0
2026-06-24T00:08:22.018508	69.0	-69.5
2026-06-24T00:08:22.018544	63.0	-68.5
2026-06-24T00:08:22.018574	67.0	-68.0
2026-06-24T00:08:22.018602	66.0	-66.0
2026-06-24T00:08:22.018629	59.0	-69.0
2026-06-24T00:08:22.018657	61.0	-67.5
2026-06-24T00:08:22.018685	66.0	-65.5
2026-06-24T00:08:22.018714	63.0	-66.0
2026-06-24T00:08:22.018742	63.0	-67.0
2026-06-24T00:08:22.018769	59.0	-67.5
2026-06-24T00:08:31.020233	43.0	-72.0
2026-06-24T00:08:31.020299	37.0	-72.5
2026-06-24T00:08:31.020337	41.0	-73.5
2026-06-24T00:08:31.020368	47.0	-71.5
2026-06-24T00:08:31.020403	60.0	-70.0
2026-06-24T00:08:31.020432	57.0	-72.0
2026-06-24T00:08:31.020461	63.0	-70.0
2026-06-24T00:08:31.020489	60.0	-75.5
2026-06-24T00:08:31.020519	79.0	-71.5
2026-06-24T00:08:31.020548	80.0	-71.5
2026-06-24T00:08:31.020577	80.0	-69.0
2026-06-24T00:08:31.020604	78.0	-71.5
2026-06-24T00:08:31.020632	83.0	-69.5
2026-06-24T00:08:40.167596	67.0	-70.5
2026-06-24T00:08:40.167731	61.0	-71.0
2026-06-24T00:08:40.167893	69.0	-71.0
2026-06-24T00:08:40.168172	64.0	-71.5
2026-06-24T00:08:40.168262	74.0	-69.0
2026-06-24T00:08:40.168337	77.0	-68.0
2026-06-24T00:08:40.168414	73.0	-70.0
2026-06-24T00:08:40.168495	74.0	-69.0
2026-06-24T00:08:40.168568	77.0	-69.5
2026-06-24T00:08:40.168645	77.0	-68.5
2026-06-24T00:08:40.168719	72.0	-68.5
2026-06-24T00:08:40.168792	74.0	-69.0
2026-06-24T00:08:49.088657	74.0	-72.0
2026-06-24T00:08:49.088718	75.0	-72.5
2026-06-24T00:08:49.088758	73.0	-74.5
2026-06-24T00:08:49.088788	73.0	-74.5
2026-06-24T00:08:49.088817	73.0	-74.0
2026-06-24T00:08:49.088845	73.0	-71.0
2026-06-24T00:08:49.088872	78.0	-70.5
2026-06-24T00:08:49.088900	75.0	-70.5
2026-06-24T00:08:49.088929	80.0	-70.0
2026-06-24T00:08:49.088957	79.0	-71.0
2026-06-24T00:08:49.088985	79.0	-72.5
2026-06-24T00:08:49.089013	89.0	-71.5
2026-06-24T00:08:58.141718	195.0	-84.0
2026-06-24T00:08:58.141783	313.0	-84.5
2026-06-24T00:08:58.141821	264.0	-84.0
2026-06-24T00:08:58.141852	199.0	-88.0
2026-06-24T00:08:58.141881	247.0	-86.5
2026-06-24T00:08:58.141910	291.0	-86.0
2026-06-24T00:08:58.141937	187.0	-88.0
2026-06-24T00:08:58.141965	183.0	-86.5
2026-06-24T00:08:58.141993	205.0	-85.0
2026-06-24T00:08:58.142021	198.0	-84.0
2026-06-24T00:08:58.142047	178.0	-84.0
2026-06-24T00:09:07.275416	188.0	-79.5
2026-06-24T00:09:07.275484	188.0	-79.0
2026-06-24T00:09:07.275517	187.0	-80.0
2026-06-24T00:09:07.275548	187.0	-78.5
2026-06-24T00:09:07.275577	185.0	-79.5
2026-06-24T00:09:07.275606	190.0	-80.0
2026-06-24T00:09:07.275635	187.0	-79.5
2026-06-24T00:09:07.275663	188.0	-80.0
2026-06-24T00:09:07.275692	190.0	-79.5
2026-06-24T00:09:07.275721	188.0	-79.5
2026-06-24T00:09:07.275749	188.0	-79.5
2026-06-24T00:09:07.275777	186.0	-79.5
2026-06-24T00:09:16.287423	140.0	-77.5
2026-06-24T00:09:16.287492	137.0	-77.0
2026-06-24T00:09:16.287527	141.0	-78.0
2026-06-24T00:09:16.287560	169.0	-78.0
2026-06-24T00:09:16.287588	153.0	-75.5
2026-06-24T00:09:16.287615	145.0	-73.0
2026-06-24T00:09:16.287644	153.0	-75.0
2026-06-24T00:09:16.287673	104.0	-79.5
2026-06-24T00:09:16.287702	120.0	-74.0
2026-06-24T00:09:16.287730	112.0	-67.5
2026-06-24T00:09:16.287758	106.0	-71.0
2026-06-24T00:09:25.321682	165.0	-80.0
2026-06-24T00:09:25.321744	166.0	-80.5
2026-06-24T00:09:25.321784	156.0	-82.0
2026-06-24T00:09:25.321813	153.0	-80.0
2026-06-24T00:09:25.321842	163.0	-79.0
2026-06-24T00:09:25.321869	158.0	-79.0
2026-06-24T00:09:25.321896	157.0	-80.0
2026-06-24T00:09:25.321924	159.0	-81.5
2026-06-24T00:09:25.321953	162.0	-81.5
2026-06-24T00:09:25.321981	157.0	-80.5
2026-06-24T00:09:25.322011	157.0	-80.5
2026-06-24T00:09:25.322039	162.0	-81.5
2026-06-24T00:09:34.364723	153.0	-78.0
2026-06-24T00:09:34.364788	151.0	-76.5
2026-06-24T00:09:34.364826	154.0	-77.0
2026-06-24T00:09:34.364855	147.0	-77.0
2026-06-24T00:09:34.364884	174.0	-75.0
2026-06-24T00:09:34.364912	199.0	-76.0
2026-06-24T00:09:34.364939	181.0	-76.0
2026-06-24T00:09:34.364966	173.0	-76.0
2026-06-24T00:09:34.364994	182.0	-75.0
2026-06-24T00:09:34.365021	177.0	-76.5
2026-06-24T00:09:34.365049	169.0	-75.5
2026-06-24T00:09:43.526874	157.0	-83.5
2026-06-24T00:09:43.526944	152.0	-84.0
2026-06-24T00:09:43.526979	153.0	-84.5
2026-06-24T00:09:43.527010	157.0	-83.0
2026-06-24T00:09:43.527037	151.0	-82.0
2026-06-24T00:09:43.527064	152.0	-83.0
2026-06-24T00:09:43.527092	149.0	-83.0
2026-06-24T00:09:43.527121	154.0	-82.5
2026-06-24T00:09:43.527149	155.0	-82.0
2026-06-24T00:09:43.527177	154.0	-82.0
2026-06-24T00:09:43.527204	152.0	-78.5
2026-06-24T00:09:43.527232	155.0	-76.5
2026-06-24T00:09:52.538813	147.0	-81.5
2026-06-24T00:09:52.538887	145.0	-80.5
2026-06-24T00:09:52.538923	147.0	-81.0
2026-06-24T00:09:52.538953	151.0	-81.5
2026-06-24T00:09:52.538983	150.0	-82.0
2026-06-24T00:09:52.539011	151.0	-82.5
2026-06-24T00:09:52.539041	152.0	-83.5
2026-06-24T00:09:52.539070	148.0	-84.0
2026-06-24T00:09:52.539098	144.0	-83.0
2026-06-24T00:09:52.539126	148.0	-84.0
2026-06-24T00:09:52.539153	146.0	-83.5
2026-06-24T00:09:52.539182	148.0	-84.0
2026-06-24T00:10:01.648931	203.0	-77.0
2026-06-24T00:10:01.648993	193.0	-76.5
2026-06-24T00:10:01.649034	155.0	-75.0
2026-06-24T00:10:01.649063	160.0	-76.5
2026-06-24T00:10:01.649093	176.0	-78.0
2026-06-24T00:10:01.649120	190.0	-77.5
2026-06-24T00:10:01.649149	183.0	-77.0
2026-06-24T00:10:01.649177	155.0	-77.0
2026-06-24T00:10:01.649204	147.0	-76.5
2026-06-24T00:10:01.649232	144.0	-77.5
2026-06-24T00:10:01.649260	179.0	-80.0
2026-06-24T00:10:01.649287	186.0	-78.0
2026-06-24T00:10:10.656980	220.0	-81.0
2026-06-24T00:10:10.657042	175.0	-78.5
2026-06-24T00:10:10.657082	152.0	-80.0
2026-06-24T00:10:10.657112	160.0	-79.5
2026-06-24T00:10:10.657142	160.0	-80.5
2026-06-24T00:10:10.657170	151.0	-80.5
2026-06-24T00:10:10.657199	134.0	-81.5
2026-06-24T00:10:10.657228	154.0	-82.0
2026-06-24T00:10:10.657255	152.0	-81.0
2026-06-24T00:10:10.657283	165.0	-81.0
2026-06-24T00:10:10.657310	168.0	-82.5
2026-06-24T00:10:10.657338	162.0	-81.0
2026-06-24T00:10:19.671570	179.0	-82.5
2026-06-24T00:10:19.671639	167.0	-82.5
2026-06-24T00:10:19.671675	169.0	-83.0
2026-06-24T00:10:19.671705	174.0	-84.0
2026-06-24T00:10:19.671734	160.0	-82.0
2026-06-24T00:10:19.671763	164.0	-82.0
2026-06-24T00:10:19.671791	169.0	-86.5
2026-06-24T00:10:19.671820	168.0	-86.0
2026-06-24T00:10:19.671847	163.0	-84.0
2026-06-24T00:10:19.671875	156.0	-85.0
2026-06-24T00:10:19.671903	161.0	-84.0
2026-06-24T00:10:19.671981	156.0	-85.0
2026-06-24T00:10:29.014881	164.0	-83.5
2026-06-24T00:10:29.014988	164.0	-82.5
2026-06-24T00:10:29.015047	163.0	-83.0
2026-06-24T00:10:29.015104	158.0	-83.5
2026-06-24T00:10:29.015160	167.0	-82.0
2026-06-24T00:10:29.015213	168.0	-79.5
2026-06-24T00:10:29.015267	171.0	-80.0
2026-06-24T00:10:29.015319	172.0	-77.5
2026-06-24T00:10:29.015371	163.0	-78.0
2026-06-24T00:10:29.015423	160.0	-76.0
2026-06-24T00:10:37.713794	175.0	-75.5
2026-06-24T00:10:37.713865	204.0	-78.0
2026-06-24T00:10:37.713895	186.0	-82.5
2026-06-24T00:10:37.713925	196.0	-83.0
2026-06-24T00:10:37.713955	191.0	-82.5
2026-06-24T00:10:37.713983	186.0	-83.5
2026-06-24T00:10:37.714011	189.0	-82.5
2026-06-24T00:10:37.714039	185.0	-82.0
2026-06-24T00:10:37.714067	188.0	-80.0
2026-06-24T00:10:37.714095	184.0	-80.0
2026-06-24T00:10:37.714122	183.0	-80.5
2026-06-24T00:10:46.797505	185.0	-78.5
2026-06-24T00:10:46.797574	174.0	-78.0
2026-06-24T00:10:46.797608	183.0	-77.5
2026-06-24T00:10:46.797642	181.0	-78.0
2026-06-24T00:10:46.797671	179.0	-79.0
2026-06-24T00:10:46.797699	182.0	-79.0
2026-06-24T00:10:46.797727	183.0	-78.0
2026-06-24T00:10:46.797756	177.0	-78.0
2026-06-24T00:10:46.797783	182.0	-79.0
2026-06-24T00:10:46.797811	180.0	-79.5
2026-06-24T00:10:46.797840	181.0	-79.0
2026-06-24T00:10:55.855784	175.0	-81.0
2026-06-24T00:10:55.855846	177.0	-81.0
2026-06-24T00:10:55.855881	175.0	-79.5
2026-06-24T00:10:55.855971	172.0	-81.0
2026-06-24T00:10:55.856001	173.0	-80.5
2026-06-24T00:10:55.856031	177.0	-79.5
2026-06-24T00:10:55.856059	177.0	-79.5
2026-06-24T00:10:55.856088	172.0	-81.5
2026-06-24T00:10:55.856117	172.0	-79.5
2026-06-24T00:10:55.856146	179.0	-81.0
2026-06-24T00:10:55.856174	173.0	-81.0
2026-06-24T00:10:55.856201	177.0	-81.5
2026-06-24T00:11:04.892329	165.0	-81.5
2026-06-24T00:11:04.892399	170.0	-81.5
2026-06-24T00:11:04.892431	171.0	-81.5
2026-06-24T00:11:04.892462	171.0	-81.5
2026-06-24T00:11:04.892496	169.0	-81.5
2026-06-24T00:11:04.892525	172.0	-82.0
2026-06-24T00:11:04.892553	166.0	-82.0
2026-06-24T00:11:04.892580	168.0	-82.0
2026-06-24T00:11:04.892607	169.0	-81.0
2026-06-24T00:11:04.892634	167.0	-82.0
2026-06-24T00:11:04.892661	168.0	-81.5
2026-06-24T00:11:04.892689	167.0	-82.0
2026-06-24T00:11:04.892717	169.0	-82.0
2026-06-24T00:11:14.046408	178.0	-81.5
2026-06-24T00:11:14.046476	176.0	-79.0
2026-06-24T00:11:14.046510	198.0	-77.5
2026-06-24T00:11:14.046540	171.0	-82.0
2026-06-24T00:11:14.046569	169.0	-83.0
2026-06-24T00:11:14.046596	170.0	-81.0
2026-06-24T00:11:14.046631	153.0	-81.0
2026-06-24T00:11:14.046659	144.0	-80.0
2026-06-24T00:11:14.046686	160.0	-79.0
2026-06-24T00:11:14.046713	147.0	-79.5
2026-06-24T00:11:14.046742	152.0	-78.0
2026-06-24T00:11:14.046768	151.0	-78.5
2026-06-24T00:11:23.040872	177.0	-82.5
2026-06-24T00:11:23.040941	193.0	-83.0
2026-06-24T00:11:23.040975	178.0	-84.0
2026-06-24T00:11:23.041004	184.0	-84.0
2026-06-24T00:11:23.041034	183.0	-83.5
2026-06-24T00:11:23.041063	182.0	-83.0
2026-06-24T00:11:23.041090	180.0	-82.5
2026-06-24T00:11:23.041119	167.0	-84.5
2026-06-24T00:11:23.041147	168.0	-84.0
2026-06-24T00:11:23.041175	170.0	-85.0
2026-06-24T00:11:23.041202	172.0	-82.5
2026-06-24T00:11:23.041230	179.0	-82.5
2026-06-24T00:11:32.058848	172.0	-85.0
2026-06-24T00:11:32.058910	224.0	-83.5
2026-06-24T00:11:32.058952	179.0	-80.0
2026-06-24T00:11:32.058982	182.0	-81.0
2026-06-24T00:11:32.059011	181.0	-80.5
2026-06-24T00:11:32.059041	177.0	-81.5
2026-06-24T00:11:32.059070	183.0	-79.0
2026-06-24T00:11:32.059100	180.0	-81.5
2026-06-24T00:11:32.059128	185.0	-77.0
2026-06-24T00:11:32.059155	175.0	-81.0
2026-06-24T00:11:32.059182	181.0	-81.0
2026-06-24T00:11:41.172423	205.0	-83.5
2026-06-24T00:11:41.172491	187.0	-80.5
2026-06-24T00:11:41.172527	238.0	-85.0
2026-06-24T00:11:41.172557	197.0	-85.0
2026-06-24T00:11:41.172586	188.0	-84.0
2026-06-24T00:11:41.172614	250.0	-85.0
2026-06-24T00:11:41.172643	207.0	-85.0
2026-06-24T00:11:41.172670	176.0	-86.0
2026-06-24T00:11:41.172698	190.0	-85.0
2026-06-24T00:11:41.172725	205.0	-88.0
2026-06-24T00:11:41.172753	175.0	-86.0
2026-06-24T00:11:41.172780	185.0	-84.0
2026-06-24T00:11:50.216581	167.0	-81.5
2026-06-24T00:11:50.216714	160.0	-84.5
2026-06-24T00:11:50.216802	194.0	-81.5
2026-06-24T00:11:50.216879	204.0	-79.5
2026-06-24T00:11:50.216955	200.0	-80.5
2026-06-24T00:11:50.217028	166.0	-80.5
2026-06-24T00:11:50.217100	174.0	-78.5
2026-06-24T00:11:50.217170	169.0	-79.5
2026-06-24T00:11:50.217242	172.0	-78.5
2026-06-24T00:11:50.217312	173.0	-79.0
2026-06-24T00:11:50.217382	164.0	-81.0
2026-06-24T00:11:50.217450	158.0	-82.0
2026-06-24T00:11:59.248666	168.0	-80.0
2026-06-24T00:11:59.248789	173.0	-79.5
2026-06-24T00:11:59.248885	168.0	-80.5
2026-06-24T00:11:59.248962	171.0	-77.0
2026-06-24T00:11:59.249034	168.0	-78.0
2026-06-24T00:11:59.249105	174.0	-78.5
2026-06-24T00:11:59.249178	175.0	-79.0
2026-06-24T00:11:59.249248	174.0	-77.5
2026-06-24T00:11:59.249319	176.0	-78.0
2026-06-24T00:11:59.249390	172.0	-80.0
2026-06-24T00:11:59.249457	167.0	-82.0
2026-06-24T00:11:59.249527	173.0	-77.0
2026-06-24T00:12:08.317687	153.0	-83.0
2026-06-24T00:12:08.317749	153.0	-83.0
2026-06-24T00:12:08.317784	154.0	-82.5
2026-06-24T00:12:08.317820	152.0	-82.5
2026-06-24T00:12:08.317850	154.0	-82.0
2026-06-24T00:12:08.317879	150.0	-82.5
2026-06-24T00:12:08.317908	157.0	-82.5
2026-06-24T00:12:08.317937	155.0	-82.0
2026-06-24T00:12:08.317965	157.0	-82.5
2026-06-24T00:12:08.317993	157.0	-83.0
2026-06-24T00:12:08.318019	155.0	-83.0
2026-06-24T00:12:08.318047	155.0	-82.5
2026-06-24T00:12:17.332112	158.0	-82.5
2026-06-24T00:12:17.332183	161.0	-83.0
2026-06-24T00:12:17.332214	161.0	-83.0
2026-06-24T00:12:17.332244	145.0	-83.0
2026-06-24T00:12:17.332272	166.0	-83.5
2026-06-24T00:12:17.332301	161.0	-83.0
2026-06-24T00:12:17.332328	156.0	-83.5
2026-06-24T00:12:17.332357	153.0	-83.5
2026-06-24T00:12:17.332385	162.0	-83.5
2026-06-24T00:12:17.332413	167.0	-83.0
2026-06-24T00:12:17.332440	154.0	-83.0
2026-06-24T00:12:26.438507	135.0	-84.0
2026-06-24T00:12:26.438569	155.0	-84.0
2026-06-24T00:12:26.438603	163.0	-83.5
2026-06-24T00:12:26.438639	160.0	-84.0
2026-06-24T00:12:26.438669	161.0	-83.5
2026-06-24T00:12:26.438699	156.0	-83.5
2026-06-24T00:12:26.438728	163.0	-83.0
2026-06-24T00:12:26.438755	166.0	-82.0
2026-06-24T00:12:26.438783	168.0	-82.5
2026-06-24T00:12:26.438812	167.0	-82.5
2026-06-24T00:12:26.438841	178.0	-82.5
2026-06-24T00:12:26.438869	163.0	-82.5
2026-06-24T00:12:35.474384	158.0	-83.5
2026-06-24T00:12:35.474452	159.0	-83.5
2026-06-24T00:12:35.474485	153.0	-83.0
2026-06-24T00:12:35.474519	149.0	-83.5
2026-06-24T00:12:35.474549	173.0	-83.5
2026-06-24T00:12:35.474579	151.0	-83.0
2026-06-24T00:12:35.474606	152.0	-83.5
2026-06-24T00:12:35.474634	152.0	-83.5
2026-06-24T00:12:35.474663	156.0	-83.0
2026-06-24T00:12:35.474691	155.0	-83.0
2026-06-24T00:12:35.474718	157.0	-83.0
2026-06-24T00:12:35.474745	149.0	-83.0
2026-06-24T00:12:35.474772	158.0	-83.0
2026-06-24T00:12:44.560374	98.0	-77.0
2026-06-24T00:12:44.560437	91.0	-76.0
2026-06-24T00:12:44.560471	87.0	-75.0
2026-06-24T00:12:44.560500	79.0	-76.5
2026-06-24T00:12:44.560536	70.0	-78.0
2026-06-24T00:12:44.560565	69.0	-72.5
2026-06-24T00:12:44.560595	54.0	-72.0
2026-06-24T00:12:44.560623	49.0	-65.5
2026-06-24T00:12:44.560652	50.0	-65.5
2026-06-24T00:12:44.560681	50.0	-68.5
2026-06-24T00:12:44.560709	43.0	-67.0
2026-06-24T00:12:44.560737	39.0	-64.5
2026-06-24T00:12:53.728107	40.0	-63.0
2026-06-24T00:12:53.728235	43.0	-63.0
2026-06-24T00:12:53.728312	46.0	-61.5
2026-06-24T00:12:53.728396	46.0	-61.5
2026-06-24T00:12:53.728472	45.0	-62.5
2026-06-24T00:12:53.728547	40.0	-62.0
2026-06-24T00:12:53.728618	42.0	-62.0
2026-06-24T00:12:53.728686	44.0	-62.5
2026-06-24T00:12:53.728757	40.0	-63.5
2026-06-24T00:12:53.728831	38.0	-64.5
2026-06-24T00:12:53.728904	45.0	-63.5
2026-06-24T00:13:02.683557	42.0	-61.0
2026-06-24T00:13:02.683619	38.0	-62.5
2026-06-24T00:13:02.683659	37.0	-62.0
2026-06-24T00:13:02.683688	36.0	-61.0
2026-06-24T00:13:02.683717	38.0	-63.5
2026-06-24T00:13:02.683747	39.0	-62.0
2026-06-24T00:13:02.683775	40.0	-61.5
2026-06-24T00:13:02.683804	39.0	-62.5
2026-06-24T00:13:02.683833	39.0	-62.0
2026-06-24T00:13:02.683860	35.0	-62.5
2026-06-24T00:13:02.683888	35.0	-63.0
2026-06-24T00:13:02.683969	39.0	-62.5
2026-06-24T00:13:11.704884	39.0	-60.5
2026-06-24T00:13:11.705042	39.0	-61.5
2026-06-24T00:13:11.705134	39.0	-60.0
2026-06-24T00:13:11.705211	38.0	-62.5
2026-06-24T00:13:11.705288	40.0	-61.5
2026-06-24T00:13:11.705367	39.0	-62.0
2026-06-24T00:13:11.705437	42.0	-61.0
2026-06-24T00:13:11.705509	39.0	-61.0
2026-06-24T00:13:11.705583	39.0	-62.5
2026-06-24T00:13:11.705660	38.0	-63.0
2026-06-24T00:13:11.705734	41.0	-61.0
2026-06-24T00:13:11.705807	36.0	-62.5
2026-06-24T00:13:20.752996	39.0	-60.5
2026-06-24T00:13:20.753129	40.0	-59.0
2026-06-24T00:13:20.753215	43.0	-59.0
2026-06-24T00:13:20.753289	39.0	-60.5
2026-06-24T00:13:20.753362	44.0	-60.0
2026-06-24T00:13:20.753432	39.0	-60.0
2026-06-24T00:13:20.753503	40.0	-60.5
2026-06-24T00:13:20.753573	41.0	-60.5
2026-06-24T00:13:20.753644	43.0	-60.0
2026-06-24T00:13:20.753714	42.0	-60.0
2026-06-24T00:13:20.753780	41.0	-60.5
2026-06-24T00:13:20.753848	42.0	-60.5
2026-06-24T00:13:29.783683	36.0	-61.0
2026-06-24T00:13:29.783744	37.0	-60.5
2026-06-24T00:13:29.783786	41.0	-60.5
2026-06-24T00:13:29.783817	42.0	-59.5
2026-06-24T00:13:29.783848	41.0	-59.5
2026-06-24T00:13:29.783878	40.0	-60.5
2026-06-24T00:13:29.783953	41.0	-59.0
2026-06-24T00:13:29.783984	45.0	-60.0
2026-06-24T00:13:29.784011	44.0	-60.0
2026-06-24T00:13:29.784039	42.0	-60.0
2026-06-24T00:13:29.784066	39.0	-59.5
2026-06-24T00:13:29.784094	43.0	-60.0
2026-06-24T00:13:38.946143	135.0	-71.5
2026-06-24T00:13:38.946215	135.0	-74.5
2026-06-24T00:13:38.946247	144.0	-77.5
2026-06-24T00:13:38.946277	147.0	-78.5
2026-06-24T00:13:38.946307	143.0	-79.0
2026-06-24T00:13:38.946334	138.0	-82.5
2026-06-24T00:13:38.946363	133.0	-81.0
2026-06-24T00:13:38.946390	143.0	-79.0
2026-06-24T00:13:38.946417	143.0	-77.5
2026-06-24T00:13:38.946445	142.0	-79.0
2026-06-24T00:13:38.946472	142.0	-77.0
2026-06-24T00:13:48.235010	189.0	-82.5
2026-06-24T00:13:48.235079	185.0	-82.0
2026-06-24T00:13:48.235109	193.0	-83.0
2026-06-24T00:13:48.235140	184.0	-83.0
2026-06-24T00:13:48.235168	188.0	-82.5
2026-06-24T00:13:48.235196	183.0	-82.5
2026-06-24T00:13:48.235225	195.0	-82.5
2026-06-24T00:13:48.235252	185.0	-82.5
2026-06-24T00:13:48.235281	195.0	-82.5
2026-06-24T00:13:48.235310	190.0	-83.0
2026-06-24T00:13:56.994798	163.0	-84.0
2026-06-24T00:13:56.994921	163.0	-83.5
2026-06-24T00:13:56.995015	164.0	-83.0
2026-06-24T00:13:56.995089	158.0	-84.0
2026-06-24T00:13:56.995160	159.0	-84.0
2026-06-24T00:13:56.995230	156.0	-83.5
2026-06-24T00:13:56.995302	160.0	-83.5
2026-06-24T00:13:56.995373	161.0	-83.5
2026-06-24T00:13:56.995443	161.0	-83.0
2026-06-24T00:13:56.995511	160.0	-83.5
2026-06-24T00:13:56.995582	159.0	-83.0
2026-06-24T00:13:56.995648	157.0	-83.0
2026-06-24T00:14:06.085112	178.0	-82.5
2026-06-24T00:14:06.085181	176.0	-81.5
2026-06-24T00:14:06.085218	166.0	-81.5
2026-06-24T00:14:06.085249	146.0	-82.5
2026-06-24T00:14:06.085279	145.0	-81.5
2026-06-24T00:14:06.085308	177.0	-81.0
2026-06-24T00:14:06.085336	150.0	-81.5
2026-06-24T00:14:06.085365	148.0	-83.0
2026-06-24T00:14:06.085393	151.0	-83.5
2026-06-24T00:14:06.085423	125.0	-83.5
2026-06-24T00:14:06.085452	194.0	-83.0
2026-06-24T00:14:06.085480	194.0	-83.0
2026-06-24T00:14:15.091852	189.0	-82.0
2026-06-24T00:14:15.091964	191.0	-82.0
2026-06-24T00:14:15.092001	195.0	-81.0
2026-06-24T00:14:15.092030	195.0	-81.5
2026-06-24T00:14:15.092067	194.0	-82.0
2026-06-24T00:14:15.092096	196.0	-82.0
2026-06-24T00:14:15.092123	198.0	-82.0
2026-06-24T00:14:15.092151	197.0	-80.0
2026-06-24T00:14:15.092179	201.0	-81.0
2026-06-24T00:14:15.092207	197.0	-81.0
2026-06-24T00:14:15.092236	204.0	-80.5
2026-06-24T00:14:15.092265	200.0	-80.0
2026-06-24T00:14:24.187255	197.0	-79.5
2026-06-24T00:14:24.187323	205.0	-81.5
2026-06-24T00:14:24.187359	198.0	-81.5
2026-06-24T00:14:24.187391	194.0	-80.5
2026-06-24T00:14:24.187421	200.0	-81.0
2026-06-24T00:14:24.187450	199.0	-80.0
2026-06-24T00:14:24.187479	199.0	-81.0
2026-06-24T00:14:24.187507	199.0	-80.5
2026-06-24T00:14:24.187535	201.0	-80.0
2026-06-24T00:14:24.187562	199.0	-81.0
2026-06-24T00:14:24.187589	197.0	-80.5
2026-06-24T00:14:24.187618	198.0	-80.5
2026-06-24T00:14:33.216073	179.0	-81.5
2026-06-24T00:14:33.216143	185.0	-81.5
2026-06-24T00:14:33.216178	173.0	-82.0
2026-06-24T00:14:33.216207	169.0	-81.0
2026-06-24T00:14:33.216236	142.0	-82.0
2026-06-24T00:14:33.216264	167.0	-80.5
2026-06-24T00:14:33.216294	206.0	-78.5
2026-06-24T00:14:33.216324	193.0	-78.5
2026-06-24T00:14:33.216352	193.0	-79.0
2026-06-24T00:14:33.216380	141.0	-79.5
2026-06-24T00:14:33.216407	147.0	-82.5
2026-06-24T00:14:33.216436	158.0	-82.0
2026-06-24T00:14:42.221662	136.0	-74.0
2026-06-24T00:14:42.221725	138.0	-77.5
2026-06-24T00:14:42.221766	137.0	-75.0
2026-06-24T00:14:42.221796	141.0	-77.0
2026-06-24T00:14:42.221825	142.0	-78.0
2026-06-24T00:14:42.221853	145.0	-77.0
2026-06-24T00:14:42.221881	139.0	-78.0
2026-06-24T00:14:42.221909	144.0	-74.5
2026-06-24T00:14:42.221937	139.0	-79.5
2026-06-24T00:14:42.221967	150.0	-74.0
2026-06-24T00:14:42.221996	147.0	-77.5
2026-06-24T00:14:42.222025	152.0	-72.5
2026-06-24T00:14:51.255480	153.0	-79.0
2026-06-24T00:14:51.255543	150.0	-78.0
2026-06-24T00:14:51.255578	153.0	-77.5
2026-06-24T00:14:51.255616	152.0	-78.0
2026-06-24T00:14:51.255646	155.0	-80.0
2026-06-24T00:14:51.255675	155.0	-80.0
2026-06-24T00:14:51.255703	153.0	-79.5
2026-06-24T00:14:51.255733	154.0	-78.5
2026-06-24T00:14:51.255761	157.0	-78.0
2026-06-24T00:14:51.255790	156.0	-79.5
2026-06-24T00:14:51.255819	152.0	-80.5
2026-06-24T00:14:51.255849	150.0	-79.5
2026-06-24T00:15:00.290049	165.0	-83.5
2026-06-24T00:15:00.290119	161.0	-83.5
2026-06-24T00:15:00.290155	151.0	-83.0
2026-06-24T00:15:00.290186	152.0	-82.5
2026-06-24T00:15:00.290216	153.0	-81.5
2026-06-24T00:15:00.290246	156.0	-83.0
2026-06-24T00:15:00.290274	157.0	-82.5
2026-06-24T00:15:00.290302	154.0	-82.5
2026-06-24T00:15:00.290331	161.0	-82.0
2026-06-24T00:15:00.290358	156.0	-82.5
2026-06-24T00:15:00.290387	161.0	-82.5
2026-06-24T00:15:00.290415	156.0	-83.0
2026-06-24T00:15:09.448399	162.0	-82.5
2026-06-24T00:15:09.448468	163.0	-83.0
2026-06-24T00:15:09.448502	162.0	-82.5
2026-06-24T00:15:09.448533	165.0	-82.0
2026-06-24T00:15:09.448562	161.0	-82.5
2026-06-24T00:15:09.448592	165.0	-82.0
2026-06-24T00:15:09.448621	160.0	-82.0
2026-06-24T00:15:09.448649	161.0	-83.0
2026-06-24T00:15:09.448678	158.0	-82.5
2026-06-24T00:15:09.448707	160.0	-82.5
2026-06-24T00:15:09.448736	163.0	-82.5
2026-06-24T00:15:09.448765	160.0	-83.5
2026-06-24T00:15:18.472899	167.0	-82.5
2026-06-24T00:15:18.472967	167.0	-81.5
2026-06-24T00:15:18.473002	160.0	-83.0
2026-06-24T00:15:18.473033	168.0	-82.5
2026-06-24T00:15:18.473063	175.0	-82.0
2026-06-24T00:15:18.473092	171.0	-82.0
2026-06-24T00:15:18.473121	167.0	-82.5
2026-06-24T00:15:18.473150	168.0	-82.0
2026-06-24T00:15:18.473178	171.0	-82.0
2026-06-24T00:15:18.473206	175.0	-80.0
2026-06-24T00:15:18.473234	178.0	-80.5
2026-06-24T00:15:18.473263	176.0	-80.0
2026-06-24T00:15:27.474889	172.0	-81.5
2026-06-24T00:15:27.474958	167.0	-81.0
2026-06-24T00:15:27.474993	175.0	-79.5
2026-06-24T00:15:27.475024	175.0	-80.5
2026-06-24T00:15:27.475053	174.0	-79.0
2026-06-24T00:15:27.475081	176.0	-79.0
2026-06-24T00:15:27.475108	177.0	-79.0
2026-06-24T00:15:27.475135	174.0	-80.0
2026-06-24T00:15:27.475163	174.0	-79.0
2026-06-24T00:15:27.475191	171.0	-80.5
2026-06-24T00:15:27.475220	174.0	-80.5
2026-06-24T00:15:27.475249	170.0	-78.5
2026-06-24T00:15:36.540896	172.0	-80.5
2026-06-24T00:15:36.540966	176.0	-80.0
2026-06-24T00:15:36.541000	173.0	-80.0
2026-06-24T00:15:36.541029	171.0	-80.0
2026-06-24T00:15:36.541058	175.0	-80.0
2026-06-24T00:15:36.541086	172.0	-80.0
2026-06-24T00:15:36.541115	173.0	-81.0
2026-06-24T00:15:36.541143	173.0	-81.0
2026-06-24T00:15:36.541170	169.0	-81.0
2026-06-24T00:15:36.541197	171.0	-81.0
2026-06-24T00:15:36.541225	173.0	-80.5
2026-06-24T00:15:36.541253	172.0	-81.5
2026-06-24T00:15:45.685564	172.0	-81.0
2026-06-24T00:15:45.685631	168.0	-81.5
2026-06-24T00:15:45.685669	170.0	-82.0
2026-06-24T00:15:45.685699	170.0	-82.0
2026-06-24T00:15:45.685728	173.0	-80.0
2026-06-24T00:15:45.685757	172.0	-80.5
2026-06-24T00:15:45.685787	173.0	-81.0
2026-06-24T00:15:45.685815	173.0	-81.5
2026-06-24T00:15:45.685843	174.0	-81.5
2026-06-24T00:15:45.685872	173.0	-81.0
2026-06-24T00:15:45.685900	170.0	-81.5
2026-06-24T00:15:54.571453	63.0	-66.0
2026-06-24T00:15:54.571516	62.0	-67.5
2026-06-24T00:15:54.571557	60.0	-66.0
2026-06-24T00:15:54.571587	66.0	-66.0
2026-06-24T00:15:54.571616	58.0	-66.5
2026-06-24T00:15:54.571645	54.0	-68.5
2026-06-24T00:15:54.571674	46.0	-70.5
2026-06-24T00:15:54.571702	49.0	-64.0
2026-06-24T00:15:54.571730	25.0	-70.5
2026-06-24T00:15:54.571758	48.0	-62.5
2026-06-24T00:15:54.571786	39.0	-68.0
2026-06-24T00:15:54.571814	39.0	-67.0
2026-06-24T00:16:03.601574	51.0	-60.5
2026-06-24T00:16:03.601646	55.0	-60.5
2026-06-24T00:16:03.601677	51.0	-61.5
2026-06-24T00:16:03.601708	51.0	-60.5
2026-06-24T00:16:03.601739	50.0	-60.5
2026-06-24T00:16:03.601769	45.0	-62.0
2026-06-24T00:16:03.601797	52.0	-60.0
2026-06-24T00:16:03.601825	56.0	-61.5
2026-06-24T00:16:03.601853	53.0	-59.5
2026-06-24T00:16:03.601882	51.0	-61.5
2026-06-24T00:16:03.601910	48.0	-61.5
2026-06-24T00:16:12.734817	52.0	-62.0
2026-06-24T00:16:12.734879	47.0	-62.5
2026-06-24T00:16:12.734920	52.0	-60.5
2026-06-24T00:16:12.734953	50.0	-61.5
2026-06-24T00:16:12.734984	54.0	-62.5
2026-06-24T00:16:12.735013	45.0	-61.5
2026-06-24T00:16:12.735041	49.0	-62.0
2026-06-24T00:16:12.735069	51.0	-60.5
2026-06-24T00:16:12.735097	48.0	-62.0
2026-06-24T00:16:12.735124	49.0	-63.0
2026-06-24T00:16:12.735150	49.0	-60.5
2026-06-24T00:16:12.735178	49.0	-62.5
2026-06-24T00:16:21.744104	46.0	-63.5
2026-06-24T00:16:21.744174	49.0	-62.5
2026-06-24T00:16:21.744210	48.0	-63.0
2026-06-24T00:16:21.744241	46.0	-63.0
2026-06-24T00:16:21.744269	47.0	-62.5
2026-06-24T00:16:21.744298	49.0	-62.5
2026-06-24T00:16:21.744327	47.0	-63.5
2026-06-24T00:16:21.744355	47.0	-62.0
2026-06-24T00:16:21.744382	43.0	-63.0
2026-06-24T00:16:21.744409	47.0	-63.5
2026-06-24T00:16:21.744437	48.0	-62.0
2026-06-24T00:16:21.744465	47.0	-63.5
2026-06-24T00:16:30.727497	88.0	-76.0
2026-06-24T00:16:30.727559	106.0	-78.5
2026-06-24T00:16:30.727601	111.0	-74.5
2026-06-24T00:16:30.727636	110.0	-74.0
2026-06-24T00:16:30.727667	117.0	-75.5
2026-06-24T00:16:30.727697	123.0	-79.0
2026-06-24T00:16:30.727726	173.0	-78.0
2026-06-24T00:16:30.727754	126.0	-80.0
2026-06-24T00:16:30.727782	144.0	-79.0
2026-06-24T00:16:30.727810	143.0	-76.5
2026-06-24T00:16:30.727840	140.0	-76.5
2026-06-24T00:16:39.884541	170.0	-81.0
2026-06-24T00:16:39.884604	168.0	-81.5
2026-06-24T00:16:39.884645	167.0	-82.0
2026-06-24T00:16:39.884675	162.0	-83.0
2026-06-24T00:16:39.884703	162.0	-83.0
2026-06-24T00:16:39.884731	164.0	-83.0
2026-06-24T00:16:39.884759	163.0	-82.5
2026-06-24T00:16:39.884789	164.0	-83.0
2026-06-24T00:16:39.884817	165.0	-83.0
2026-06-24T00:16:39.884845	164.0	-83.0
2026-06-24T00:16:39.884872	159.0	-82.5
2026-06-24T00:16:39.884901	161.0	-82.0
2026-06-24T00:16:48.897040	165.0	-82.0
2026-06-24T00:16:48.897103	161.0	-82.0
2026-06-24T00:16:48.897138	165.0	-82.0
2026-06-24T00:16:48.897168	163.0	-82.0
2026-06-24T00:16:48.897196	165.0	-82.0
2026-06-24T00:16:48.897223	165.0	-82.0
2026-06-24T00:16:48.897251	162.0	-82.5
2026-06-24T00:16:48.897285	156.0	-81.5
2026-06-24T00:16:48.897313	161.0	-82.5
2026-06-24T00:16:48.897342	155.0	-82.5
2026-06-24T00:16:48.897371	156.0	-83.0
2026-06-24T00:16:48.897398	160.0	-82.0
2026-06-24T00:16:58.013809	159.0	-82.0
2026-06-24T00:16:58.013870	167.0	-82.5
2026-06-24T00:16:58.013913	172.0	-83.0
2026-06-24T00:16:58.013944	169.0	-83.0
2026-06-24T00:16:58.014597	168.0	-83.0
2026-06-24T00:16:58.014661	165.0	-82.5
2026-06-24T00:16:58.014703	153.0	-82.0
2026-06-24T00:16:58.014735	154.0	-81.0
2026-06-24T00:16:58.014766	153.0	-81.5
2026-06-24T00:16:58.014800	160.0	-81.5
2026-06-24T00:16:58.014834	159.0	-81.5
2026-06-24T00:16:58.014867	154.0	-81.5
2026-06-24T00:17:07.029585	171.0	-81.0
2026-06-24T00:17:07.029646	168.0	-81.0
2026-06-24T00:17:07.029681	165.0	-81.0
2026-06-24T00:17:07.029711	166.0	-81.0
2026-06-24T00:17:07.029740	165.0	-80.5
2026-06-24T00:17:07.029774	168.0	-81.0
2026-06-24T00:17:07.029802	167.0	-81.5
2026-06-24T00:17:07.029830	168.0	-81.5
2026-06-24T00:17:07.029858	166.0	-81.5
2026-06-24T00:17:07.029887	167.0	-81.0
2026-06-24T00:17:07.029914	159.0	-82.0
2026-06-24T00:17:07.029941	169.0	-82.0
2026-06-24T00:17:16.036145	172.0	-81.0
2026-06-24T00:17:16.036209	172.0	-82.0
2026-06-24T00:17:16.036243	169.0	-81.0
2026-06-24T00:17:16.036273	173.0	-80.0
2026-06-24T00:17:16.036303	171.0	-80.5
2026-06-24T00:17:16.036339	165.0	-82.0
2026-06-24T00:17:16.036368	160.0	-81.0
2026-06-24T00:17:16.036397	157.0	-82.0
2026-06-24T00:17:16.036425	155.0	-82.0
2026-06-24T00:17:16.036453	154.0	-80.5
2026-06-24T00:17:16.036482	161.0	-81.0
2026-06-24T00:17:16.036510	167.0	-80.5
2026-06-24T00:17:25.033701	146.0	-82.5
2026-06-24T00:17:25.033770	148.0	-81.5
2026-06-24T00:17:25.033804	146.0	-80.5
2026-06-24T00:17:25.033839	146.0	-78.5
2026-06-24T00:17:25.033868	144.0	-80.5
2026-06-24T00:17:25.033897	145.0	-80.5
2026-06-24T00:17:25.033925	145.0	-82.5
2026-06-24T00:17:25.033953	147.0	-82.5
2026-06-24T00:17:25.033981	137.0	-84.5
2026-06-24T00:17:25.034009	137.0	-83.5
2026-06-24T00:17:25.034037	133.0	-85.0
2026-06-24T00:17:25.034065	141.0	-84.0
2026-06-24T00:17:25.034091	145.0	-85.0
2026-06-24T00:17:34.081639	146.0	-79.0
2026-06-24T00:17:34.081701	145.0	-78.5
2026-06-24T00:17:34.081738	156.0	-77.5
2026-06-24T00:17:34.081773	148.0	-79.5
2026-06-24T00:17:34.081803	137.0	-81.5
2026-06-24T00:17:34.081832	139.0	-81.0
2026-06-24T00:17:34.081860	152.0	-75.0
2026-06-24T00:17:34.081888	156.0	-75.0
2026-06-24T00:17:34.081915	147.0	-77.0
2026-06-24T00:17:34.081943	145.0	-79.5
2026-06-24T00:17:34.081971	136.0	-79.5
2026-06-24T00:17:34.082000	147.0	-81.0
2026-06-24T00:17:34.082027	141.0	-82.5
2026-06-24T00:17:43.164247	146.0	-80.5
2026-06-24T00:17:43.164317	145.0	-80.0
2026-06-24T00:17:43.164352	149.0	-81.5
2026-06-24T00:17:43.164383	152.0	-79.0
2026-06-24T00:17:43.164413	152.0	-80.0
2026-06-24T00:17:43.164441	145.0	-79.5
2026-06-24T00:17:43.164471	144.0	-81.0
2026-06-24T00:17:43.164499	145.0	-79.5
2026-06-24T00:17:43.164529	146.0	-80.0
2026-06-24T00:17:43.164556	145.0	-80.5
2026-06-24T00:17:43.164585	147.0	-80.0
2026-06-24T00:17:43.164613	145.0	-79.5
2026-06-24T00:17:52.205488	140.0	-77.5
2026-06-24T00:17:52.205596	134.0	-80.0
2026-06-24T00:17:52.205655	139.0	-81.0
2026-06-24T00:17:52.205717	144.0	-83.0
2026-06-24T00:17:52.205772	143.0	-83.0
2026-06-24T00:17:52.205824	149.0	-80.0
2026-06-24T00:17:52.205877	144.0	-76.0
2026-06-24T00:17:52.205930	143.0	-75.0
2026-06-24T00:17:52.205981	142.0	-74.0
2026-06-24T00:17:52.206033	143.0	-75.0
2026-06-24T00:17:52.206084	141.0	-75.0
2026-06-24T00:17:52.206135	138.0	-78.0
2026-06-24T00:17:52.206188	143.0	-80.5
2026-06-24T00:18:01.276776	44.0	-63.0
2026-06-24T00:18:01.276840	46.0	-60.5
2026-06-24T00:18:01.276880	46.0	-62.0
2026-06-24T00:18:01.276910	40.0	-62.5
2026-06-24T00:18:01.276941	42.0	-63.5
2026-06-24T00:18:01.276970	44.0	-64.0
2026-06-24T00:18:01.276999	48.0	-61.5
2026-06-24T00:18:01.277028	44.0	-62.0
2026-06-24T00:18:01.277056	48.0	-64.5
2026-06-24T00:18:01.277085	48.0	-63.5
2026-06-24T00:18:01.277114	48.0	-65.0
2026-06-24T00:18:01.277142	45.0	-67.0
2026-06-24T00:18:10.406939	43.0	-63.0
2026-06-24T00:18:10.407001	42.0	-63.0
2026-06-24T00:18:10.407035	43.0	-63.5
2026-06-24T00:18:10.407071	41.0	-64.0
2026-06-24T00:18:10.407100	45.0	-63.0
2026-06-24T00:18:10.407129	42.0	-63.5
2026-06-24T00:18:10.407158	40.0	-63.5
2026-06-24T00:18:10.407187	46.0	-62.5
2026-06-24T00:18:10.407216	46.0	-63.0
2026-06-24T00:18:10.407243	41.0	-64.0
2026-06-24T00:18:10.407270	43.0	-62.5
2026-06-24T00:18:10.407298	43.0	-62.5
2026-06-24T00:18:19.429589	40.0	-65.0
2026-06-24T00:18:19.429651	39.0	-68.5
2026-06-24T00:18:19.429691	48.0	-64.5
2026-06-24T00:18:19.429722	44.0	-65.5
2026-06-24T00:18:19.429751	43.0	-64.5
2026-06-24T00:18:19.429780	47.0	-63.5
2026-06-24T00:18:19.429809	31.0	-69.0
2026-06-24T00:18:19.429837	60.0	-66.5
2026-06-24T00:18:19.429865	61.0	-66.5
2026-06-24T00:18:19.429894	60.0	-67.0
2026-06-24T00:18:19.429921	54.0	-66.5
2026-06-24T00:18:19.429949	44.0	-68.0
2026-06-24T00:18:28.529805	44.0	-64.5
2026-06-24T00:18:28.529874	46.0	-65.5
2026-06-24T00:18:28.529909	45.0	-65.0
2026-06-24T00:18:28.529939	43.0	-65.5
2026-06-24T00:18:28.529967	44.0	-65.0
2026-06-24T00:18:28.529996	44.0	-65.0
2026-06-24T00:18:28.530024	42.0	-64.5
2026-06-24T00:18:28.530052	42.0	-65.0
2026-06-24T00:18:28.530079	40.0	-65.5
2026-06-24T00:18:28.530109	43.0	-64.5
2026-06-24T00:18:28.530138	43.0	-65.5
2026-06-24T00:18:28.530169	42.0	-65.0
2026-06-24T00:18:37.486287	33.0	-68.0
2026-06-24T00:18:37.486349	31.0	-68.0
2026-06-24T00:18:37.486383	27.0	-69.0
2026-06-24T00:18:37.486413	23.0	-70.5
2026-06-24T00:18:37.486448	24.0	-70.0
2026-06-24T00:18:37.486477	68.0	-74.5
2026-06-24T00:18:37.486507	40.0	-69.5
2026-06-24T00:18:37.486537	60.0	-70.0
2026-06-24T00:18:37.486564	53.0	-69.5
2026-06-24T00:18:37.486592	50.0	-65.5
2026-06-24T00:18:37.486621	52.0	-64.5
2026-06-24T00:18:37.486650	52.0	-65.0
2026-06-24T00:18:46.542754	139.0	-75.0
2026-06-24T00:18:46.542875	139.0	-76.5
2026-06-24T00:18:46.542981	148.0	-75.5
2026-06-24T00:18:46.543058	162.0	-75.5
2026-06-24T00:18:46.543133	165.0	-75.0
2026-06-24T00:18:46.543205	159.0	-78.0
2026-06-24T00:18:46.543276	138.0	-79.0
2026-06-24T00:18:46.543344	152.0	-76.5
2026-06-24T00:18:46.543415	146.0	-81.0
2026-06-24T00:18:46.543484	145.0	-82.5
2026-06-24T00:18:46.543553	157.0	-76.5
2026-06-24T00:18:55.530112	149.0	-77.5
2026-06-24T00:18:55.530183	150.0	-77.0
2026-06-24T00:18:55.530217	152.0	-78.5
2026-06-24T00:18:55.530248	153.0	-77.0
2026-06-24T00:18:55.530278	156.0	-77.0
2026-06-24T00:18:55.530306	154.0	-78.0
2026-06-24T00:18:55.530334	153.0	-77.0
2026-06-24T00:18:55.530362	147.0	-78.0
2026-06-24T00:18:55.530390	152.0	-80.5
2026-06-24T00:18:55.530419	148.0	-78.5
2026-06-24T00:18:55.530448	147.0	-80.5
2026-06-24T00:18:55.530476	147.0	-80.5
2026-06-24T00:19:04.714818	148.0	-78.0
2026-06-24T00:19:04.714941	153.0	-77.0
2026-06-24T00:19:04.715025	150.0	-76.5
2026-06-24T00:19:04.715111	151.0	-79.5
2026-06-24T00:19:04.715186	152.0	-78.5
2026-06-24T00:19:04.715259	150.0	-80.0
2026-06-24T00:19:04.715328	153.0	-79.5
2026-06-24T00:19:04.715398	150.0	-81.5
2026-06-24T00:19:04.715469	145.0	-80.5
2026-06-24T00:19:04.715540	150.0	-80.0
2026-06-24T00:19:04.715608	152.0	-77.0
2026-06-24T00:19:04.715675	149.0	-77.0
2026-06-24T00:19:13.689428	154.0	-80.5
2026-06-24T00:19:13.689498	154.0	-79.0
2026-06-24T00:19:13.689532	155.0	-78.5
2026-06-24T00:19:13.689563	152.0	-79.0
2026-06-24T00:19:13.689593	160.0	-79.0
2026-06-24T00:19:13.689622	158.0	-80.0
2026-06-24T00:19:13.689650	156.0	-79.0
2026-06-24T00:19:13.689678	155.0	-79.5
2026-06-24T00:19:13.689707	156.0	-79.0
2026-06-24T00:19:13.689735	157.0	-79.0
2026-06-24T00:19:13.689762	155.0	-79.0
2026-06-24T00:19:13.689789	159.0	-78.5
2026-06-24T00:19:22.853626	160.0	-79.0
2026-06-24T00:19:22.853756	157.0	-79.5
2026-06-24T00:19:22.853841	161.0	-78.0
2026-06-24T00:19:22.853914	158.0	-78.5
2026-06-24T00:19:22.853988	160.0	-78.0
2026-06-24T00:19:22.854057	157.0	-78.0
2026-06-24T00:19:22.854124	160.0	-79.0
2026-06-24T00:19:22.854191	159.0	-79.0
2026-06-24T00:19:22.854258	160.0	-78.5
2026-06-24T00:19:22.854331	161.0	-79.5
2026-06-24T00:19:22.854403	159.0	-78.5
2026-06-24T00:19:31.735298	140.0	-79.5
2026-06-24T00:19:31.735368	162.0	-77.0
2026-06-24T00:19:31.735403	166.0	-78.0
2026-06-24T00:19:31.735432	171.0	-77.0
2026-06-24T00:19:31.735461	170.0	-76.0
2026-06-24T00:19:31.735490	169.0	-78.0
2026-06-24T00:19:31.735518	169.0	-81.0
2026-06-24T00:19:31.735545	143.0	-80.0
2026-06-24T00:19:31.735573	139.0	-80.0
2026-06-24T00:19:31.735601	149.0	-78.5
2026-06-24T00:19:31.735629	166.0	-76.5
2026-06-24T00:19:31.735658	152.0	-78.0
2026-06-24T00:19:40.804880	155.0	-76.0
2026-06-24T00:19:40.804945	156.0	-77.5
2026-06-24T00:19:40.804982	158.0	-75.5
2026-06-24T00:19:40.805015	162.0	-77.0
2026-06-24T00:19:40.805043	156.0	-75.0
2026-06-24T00:19:40.805070	139.0	-79.0
2026-06-24T00:19:40.805098	158.0	-79.5
2026-06-24T00:19:40.805126	150.0	-80.0
2026-06-24T00:19:40.805153	154.0	-79.0
2026-06-24T00:19:40.805181	162.0	-77.5
2026-06-24T00:19:40.805209	173.0	-78.0
2026-06-24T00:19:50.155644	159.0	-80.0
2026-06-24T00:19:50.155706	156.0	-81.0
2026-06-24T00:19:50.155737	160.0	-80.5
2026-06-24T00:19:50.155772	155.0	-80.5
2026-06-24T00:19:50.155802	156.0	-81.0
2026-06-24T00:19:50.155831	156.0	-82.0
2026-06-24T00:19:50.155858	157.0	-82.0
2026-06-24T00:19:50.155885	155.0	-81.0
2026-06-24T00:19:50.155976	152.0	-80.5
2026-06-24T00:19:50.156009	154.0	-81.5
2026-06-24T00:19:58.877668	139.0	-76.5
2026-06-24T00:19:58.877745	139.0	-77.0
2026-06-24T00:19:58.877777	140.0	-75.5
2026-06-24T00:19:58.877813	139.0	-76.5
2026-06-24T00:19:58.877844	139.0	-76.5
2026-06-24T00:19:58.877874	137.0	-75.5
2026-06-24T00:19:58.877904	141.0	-76.5
2026-06-24T00:19:58.877934	139.0	-74.0
2026-06-24T00:19:58.877963	141.0	-74.5
2026-06-24T00:20:07.965760	154.0	-81.5
2026-06-24T00:20:07.965830	153.0	-81.5
2026-06-24T00:20:07.965865	157.0	-81.5
2026-06-24T00:20:07.965896	151.0	-80.0
2026-06-24T00:20:07.965926	150.0	-79.0
2026-06-24T00:20:07.965954	146.0	-81.0
2026-06-24T00:20:07.965982	149.0	-79.5
2026-06-24T00:20:07.966011	147.0	-79.5
2026-06-24T00:20:07.966041	150.0	-79.0
2026-06-24T00:20:07.966069	146.0	-80.0
2026-06-24T00:20:07.966097	143.0	-81.5
2026-06-24T00:20:07.966126	145.0	-80.0
2026-06-24T00:20:17.080068	148.0	-80.5
2026-06-24T00:20:17.080140	149.0	-80.0
2026-06-24T00:20:17.080175	147.0	-79.5
2026-06-24T00:20:17.080205	145.0	-79.5
2026-06-24T00:20:17.080236	147.0	-80.0
2026-06-24T00:20:17.080265	147.0	-78.0
2026-06-24T00:20:17.080294	146.0	-78.5
2026-06-24T00:20:17.080323	147.0	-78.5
2026-06-24T00:20:17.080352	149.0	-79.0
2026-06-24T00:20:17.080380	151.0	-78.5
2026-06-24T00:20:17.080408	147.0	-79.0
2026-06-24T00:20:17.080436	147.0	-78.0
2026-06-24T00:20:26.064609	144.0	-79.5
2026-06-24T00:20:26.064680	141.0	-80.5
2026-06-24T00:20:26.064713	140.0	-78.5
2026-06-24T00:20:26.064744	142.0	-77.0
2026-06-24T00:20:26.064774	161.0	-79.0
2026-06-24T00:20:26.064802	138.0	-77.5
2026-06-24T00:20:26.064832	142.0	-80.0
2026-06-24T00:20:26.064860	150.0	-79.0
2026-06-24T00:20:26.064887	149.0	-78.0
2026-06-24T00:20:26.064915	151.0	-79.0
2026-06-24T00:20:26.064943	149.0	-77.5
2026-06-24T00:20:35.202239	150.0	-81.0
2026-06-24T00:20:35.202302	160.0	-78.5
2026-06-24T00:20:35.202343	158.0	-80.0
2026-06-24T00:20:35.202374	163.0	-78.5
2026-06-24T00:20:35.202404	159.0	-79.0
2026-06-24T00:20:35.202432	154.0	-79.5
2026-06-24T00:20:35.202461	155.0	-76.5
2026-06-24T00:20:35.202490	160.0	-76.0
2026-06-24T00:20:35.202518	154.0	-74.5
2026-06-24T00:20:35.202546	156.0	-73.5
2026-06-24T00:20:35.202575	160.0	-75.5
2026-06-24T00:20:35.202604	155.0	-76.0
2026-06-24T00:20:44.190947	156.0	-76.5
2026-06-24T00:20:44.191016	153.0	-76.0
2026-06-24T00:20:44.191051	151.0	-76.0
2026-06-24T00:20:44.191080	151.0	-74.5
2026-06-24T00:20:44.191110	152.0	-76.0
2026-06-24T00:20:44.191137	153.0	-77.0
2026-06-24T00:20:44.191165	152.0	-78.0
2026-06-24T00:20:44.191192	155.0	-77.0
2026-06-24T00:20:44.191219	154.0	-75.0
2026-06-24T00:20:44.191247	151.0	-75.0
2026-06-24T00:20:44.191275	157.0	-79.0
2026-06-24T00:20:44.191302	152.0	-78.0
2026-06-24T00:20:53.371834	156.0	-78.0
2026-06-24T00:20:53.372028	159.0	-77.0
2026-06-24T00:20:53.372118	153.0	-77.5
2026-06-24T00:20:53.372203	154.0	-75.0
2026-06-24T00:20:53.372278	157.0	-77.0
2026-06-24T00:20:53.372349	156.0	-77.5
2026-06-24T00:20:53.372423	156.0	-77.5
2026-06-24T00:20:53.372500	155.0	-78.0
2026-06-24T00:20:53.372570	154.0	-78.0
2026-06-24T00:20:53.372638	157.0	-77.0
2026-06-24T00:20:53.372704	156.0	-77.0
2026-06-24T00:20:53.372772	155.0	-75.0
2026-06-24T00:21:02.307268	156.0	-74.5
2026-06-24T00:21:02.307341	152.0	-76.0
2026-06-24T00:21:02.307377	154.0	-77.0
2026-06-24T00:21:02.307407	154.0	-77.0
2026-06-24T00:21:02.307436	151.0	-77.0
2026-06-24T00:21:02.307465	150.0	-77.0
2026-06-24T00:21:02.307493	153.0	-78.0
2026-06-24T00:21:02.307521	152.0	-76.5
2026-06-24T00:21:02.307550	156.0	-77.0
2026-06-24T00:21:02.307579	151.0	-76.0
2026-06-24T00:21:02.307608	152.0	-77.0
2026-06-24T00:21:02.307636	154.0	-76.5
2026-06-24T00:21:11.349541	150.0	-79.5
2026-06-24T00:21:11.349612	147.0	-76.0
2026-06-24T00:21:11.349643	155.0	-81.0
2026-06-24T00:21:11.349676	147.0	-79.5
2026-06-24T00:21:11.349705	152.0	-79.0
2026-06-24T00:21:11.349734	156.0	-78.5
2026-06-24T00:21:11.349762	164.0	-78.5
2026-06-24T00:21:11.349790	163.0	-76.5
2026-06-24T00:21:11.349818	172.0	-75.0
2026-06-24T00:21:11.349846	168.0	-75.5
2026-06-24T00:21:11.349874	166.0	-76.5
2026-06-24T00:21:11.349902	141.0	-76.5
2026-06-24T00:21:11.349931	150.0	-76.5
2026-06-24T00:21:20.510695	151.0	-78.0
2026-06-24T00:21:20.510816	149.0	-78.0
2026-06-24T00:21:20.510902	153.0	-78.5
2026-06-24T00:21:20.510986	152.0	-80.5
2026-06-24T00:21:20.511062	152.0	-79.0
2026-06-24T00:21:20.511134	151.0	-79.0
2026-06-24T00:21:20.511205	154.0	-79.5
2026-06-24T00:21:20.511277	150.0	-80.0
2026-06-24T00:21:20.511348	151.0	-78.0
2026-06-24T00:21:20.511418	154.0	-78.0
2026-06-24T00:21:20.511489	153.0	-80.5
2026-06-24T00:21:20.511562	156.0	-78.5
2026-06-24T00:21:29.473900	148.0	-79.0
2026-06-24T00:21:29.473966	150.0	-78.5
2026-06-24T00:21:29.474009	151.0	-79.5
2026-06-24T00:21:29.474041	147.0	-80.5
2026-06-24T00:21:29.474072	149.0	-78.0
2026-06-24T00:21:29.474101	146.0	-78.5
2026-06-24T00:21:29.474131	148.0	-77.5
2026-06-24T00:21:29.474161	150.0	-78.5
2026-06-24T00:21:29.474191	149.0	-79.0
2026-06-24T00:21:29.474219	147.0	-78.0
2026-06-24T00:21:29.474247	150.0	-78.0
2026-06-24T00:21:29.474275	151.0	-78.5
2026-06-24T00:21:38.570147	149.0	-79.0
2026-06-24T00:21:38.570209	149.0	-79.5
2026-06-24T00:21:38.570251	149.0	-77.0
2026-06-24T00:21:38.570281	150.0	-78.5
2026-06-24T00:21:38.570312	148.0	-78.5
2026-06-24T00:21:38.570342	147.0	-77.0
2026-06-24T00:21:38.570371	148.0	-78.5
2026-06-24T00:21:38.570400	150.0	-78.0
2026-06-24T00:21:38.570429	148.0	-78.5
2026-06-24T00:21:38.570458	149.0	-77.5
2026-06-24T00:21:38.570487	150.0	-78.0
2026-06-24T00:21:38.570515	151.0	-78.0
2026-06-24T00:21:47.542926	53.0	-71.5
2026-06-24T00:21:47.542997	77.0	-71.5
2026-06-24T00:21:47.543028	77.0	-70.5
2026-06-24T00:21:47.543059	70.0	-70.5
2026-06-24T00:21:47.543088	74.0	-70.5
2026-06-24T00:21:47.543118	74.0	-70.5
2026-06-24T00:21:47.543146	67.0	-72.5
2026-06-24T00:21:47.543175	70.0	-69.5
2026-06-24T00:21:47.543203	68.0	-72.0
2026-06-24T00:21:47.543230	47.0	-77.5
2026-06-24T00:21:47.543257	60.0	-68.5
2026-06-24T00:21:56.584771	54.0	-65.0
2026-06-24T00:21:56.584834	58.0	-65.0
2026-06-24T00:21:56.584868	59.0	-64.5
2026-06-24T00:21:56.584904	56.0	-64.0
2026-06-24T00:21:56.584933	59.0	-64.5
2026-06-24T00:21:56.584962	55.0	-65.0
2026-06-24T00:21:56.584991	57.0	-65.0
2026-06-24T00:21:56.585019	59.0	-64.0
2026-06-24T00:21:56.585047	55.0	-64.5
2026-06-24T00:21:56.585075	57.0	-64.5
2026-06-24T00:21:56.585104	57.0	-64.5
2026-06-24T00:21:56.585133	56.0	-64.0
2026-06-24T00:22:05.612959	59.0	-64.5
2026-06-24T00:22:05.613078	58.0	-64.5
2026-06-24T00:22:05.613146	58.0	-65.5
2026-06-24T00:22:05.613221	60.0	-65.0
2026-06-24T00:22:05.613282	57.0	-65.0
2026-06-24T00:22:05.613342	58.0	-66.0
2026-06-24T00:22:05.613402	59.0	-64.0
2026-06-24T00:22:05.613461	59.0	-64.5
2026-06-24T00:22:05.613523	60.0	-66.0
2026-06-24T00:22:05.613582	57.0	-64.5
2026-06-24T00:22:05.613643	58.0	-65.0
2026-06-24T00:22:05.613701	60.0	-65.5
2026-06-24T00:22:05.613761	59.0	-65.0
2026-06-24T00:22:14.737482	52.0	-64.0
2026-06-24T00:22:14.737544	56.0	-62.5
2026-06-24T00:22:14.737607	55.0	-61.5
2026-06-24T00:22:14.737640	56.0	-63.0
2026-06-24T00:22:14.737669	52.0	-62.5
2026-06-24T00:22:14.737699	54.0	-63.0
2026-06-24T00:22:14.737727	55.0	-62.5
2026-06-24T00:22:14.737756	55.0	-62.5
2026-06-24T00:22:14.737785	54.0	-62.0
2026-06-24T00:22:14.737813	54.0	-63.5
2026-06-24T00:22:14.737841	56.0	-61.5
2026-06-24T00:22:14.737870	56.0	-62.5
2026-06-24T00:22:23.725557	56.0	-65.0
2026-06-24T00:22:23.725621	54.0	-65.5
2026-06-24T00:22:23.725663	57.0	-65.0
2026-06-24T00:22:23.725693	55.0	-65.0
2026-06-24T00:22:23.725721	55.0	-65.0
2026-06-24T00:22:23.725749	53.0	-65.0
2026-06-24T00:22:23.725776	55.0	-64.5
2026-06-24T00:22:23.725805	53.0	-64.5
2026-06-24T00:22:23.725833	55.0	-65.0
2026-06-24T00:22:23.725860	56.0	-63.0
2026-06-24T00:22:23.725887	54.0	-63.0
2026-06-24T00:22:23.725914	56.0	-63.5
2026-06-24T00:22:32.776201	146.0	-78.5
2026-06-24T00:22:32.776270	143.0	-79.0
2026-06-24T00:22:32.776304	136.0	-80.5
2026-06-24T00:22:32.776334	137.0	-79.5
2026-06-24T00:22:32.776366	139.0	-81.0
2026-06-24T00:22:32.776394	145.0	-80.0
2026-06-24T00:22:32.776424	144.0	-79.5
2026-06-24T00:22:32.776453	149.0	-79.0
2026-06-24T00:22:32.776481	145.0	-79.0
2026-06-24T00:22:32.776509	146.0	-77.0
2026-06-24T00:22:32.776536	146.0	-79.0
2026-06-24T00:22:32.776563	156.0	-78.0
2026-06-24T00:22:41.864068	132.0	-80.0
2026-06-24T00:22:41.864132	132.0	-79.5
2026-06-24T00:22:41.864173	134.0	-77.5
2026-06-24T00:22:41.864205	137.0	-77.5
2026-06-24T00:22:41.864234	131.0	-79.0
2026-06-24T00:22:41.864265	138.0	-79.5
2026-06-24T00:22:41.864294	139.0	-79.0
2026-06-24T00:22:41.864321	135.0	-78.5
2026-06-24T00:22:41.864349	133.0	-79.0
2026-06-24T00:22:41.864376	140.0	-79.5
2026-06-24T00:22:41.864404	143.0	-79.0
2026-06-24T00:22:50.882475	142.0	-80.0
2026-06-24T00:22:50.882538	143.0	-78.5
2026-06-24T00:22:50.882579	139.0	-80.0
2026-06-24T00:22:50.882610	141.0	-78.5
2026-06-24T00:22:50.882639	139.0	-80.0
2026-06-24T00:22:50.882668	135.0	-80.0
2026-06-24T00:22:50.882697	138.0	-79.0
2026-06-24T00:22:50.882724	139.0	-79.0
2026-06-24T00:22:50.882751	140.0	-79.0
2026-06-24T00:22:50.882779	142.0	-79.0
2026-06-24T00:22:50.882807	136.0	-81.5
2026-06-24T00:22:50.882836	140.0	-80.0
2026-06-24T00:23:00.002467	145.0	-78.0
2026-06-24T00:23:00.002532	146.0	-77.5
2026-06-24T00:23:00.002573	138.0	-77.0
2026-06-24T00:23:00.002602	137.0	-77.5
2026-06-24T00:23:00.002633	141.0	-78.0
2026-06-24T00:23:00.002661	134.0	-78.0
2026-06-24T00:23:00.002689	130.0	-77.0
2026-06-24T00:23:00.002718	134.0	-77.5
2026-06-24T00:23:00.002747	143.0	-78.0
2026-06-24T00:23:00.002775	146.0	-79.5
2026-06-24T00:23:00.002805	145.0	-79.0
2026-06-24T00:23:00.002832	146.0	-79.0
2026-06-24T00:23:08.956661	158.0	-78.5
2026-06-24T00:23:08.956731	158.0	-77.0
2026-06-24T00:23:08.956765	161.0	-77.5
2026-06-24T00:23:08.956796	161.0	-78.0
2026-06-24T00:23:08.956825	163.0	-76.5
2026-06-24T00:23:08.956855	163.0	-79.0
2026-06-24T00:23:08.956883	164.0	-78.0
2026-06-24T00:23:08.956911	158.0	-77.0
2026-06-24T00:23:08.956939	154.0	-78.0
2026-06-24T00:23:08.956967	153.0	-77.5
2026-06-24T00:23:08.956995	154.0	-77.0
2026-06-24T00:23:08.957023	150.0	-76.5
2026-06-24T00:23:18.020924	146.0	-79.0
2026-06-24T00:23:18.020987	148.0	-78.0
2026-06-24T00:23:18.021023	150.0	-77.5
2026-06-24T00:23:18.021059	146.0	-78.0
2026-06-24T00:23:18.021088	150.0	-78.0
2026-06-24T00:23:18.021116	148.0	-79.0
2026-06-24T00:23:18.021144	154.0	-78.5
2026-06-24T00:23:18.021173	149.0	-78.0
2026-06-24T00:23:18.021201	149.0	-77.5
2026-06-24T00:23:18.021230	154.0	-78.0
2026-06-24T00:23:18.021257	150.0	-78.0
2026-06-24T00:23:18.021285	154.0	-78.0
2026-06-24T00:23:27.098816	146.0	-78.0
2026-06-24T00:23:27.098938	149.0	-79.5
2026-06-24T00:23:27.099035	163.0	-78.5
2026-06-24T00:23:27.099114	160.0	-78.5
2026-06-24T00:23:27.099190	166.0	-77.0
2026-06-24T00:23:27.099262	158.0	-78.0
2026-06-24T00:23:27.099332	155.0	-78.5
2026-06-24T00:23:27.099405	158.0	-78.0
2026-06-24T00:23:27.099474	156.0	-79.0
2026-06-24T00:23:27.099543	160.0	-78.0
2026-06-24T00:23:27.099612	164.0	-80.0
2026-06-24T00:23:27.099681	157.0	-78.0
2026-06-24T00:23:36.099861	155.0	-79.5
2026-06-24T00:23:36.100004	154.0	-78.0
2026-06-24T00:23:36.100041	157.0	-78.0
2026-06-24T00:23:36.100071	156.0	-79.0
2026-06-24T00:23:36.100099	157.0	-78.0
2026-06-24T00:23:36.100128	155.0	-79.0
2026-06-24T00:23:36.100157	159.0	-78.0
2026-06-24T00:23:36.100185	157.0	-78.5
2026-06-24T00:23:36.100214	156.0	-79.0
2026-06-24T00:23:36.100243	152.0	-78.0
2026-06-24T00:23:36.100270	153.0	-78.0
2026-06-24T00:23:36.100298	158.0	-78.5
2026-06-24T00:23:45.138260	150.0	-79.0
2026-06-24T00:23:45.138324	143.0	-79.0
2026-06-24T00:23:45.138359	144.0	-78.5
2026-06-24T00:23:45.138396	142.0	-79.0
2026-06-24T00:23:45.138424	139.0	-80.5
2026-06-24T00:23:45.138454	148.0	-79.5
2026-06-24T00:23:45.138483	149.0	-79.0
2026-06-24T00:23:45.138511	152.0	-79.0
2026-06-24T00:23:45.138540	152.0	-79.0
2026-06-24T00:23:45.138567	152.0	-79.0
2026-06-24T00:23:45.138595	150.0	-80.5
2026-06-24T00:23:45.138623	147.0	-77.5
2026-06-24T00:23:54.185680	160.0	-79.0
2026-06-24T00:23:54.185746	148.0	-83.0
2026-06-24T00:23:54.185777	161.0	-78.5
2026-06-24T00:23:54.185814	168.0	-79.5
2026-06-24T00:23:54.185844	195.0	-77.5
2026-06-24T00:23:54.185873	173.0	-75.0
2026-06-24T00:23:54.185901	140.0	-77.5
2026-06-24T00:23:54.185931	142.0	-71.5
2026-06-24T00:23:54.185960	139.0	-73.5
2026-06-24T00:23:54.185989	139.0	-74.0
2026-06-24T00:23:54.186017	137.0	-74.5
2026-06-24T00:24:03.259300	150.0	-83.0
2026-06-24T00:24:03.259423	160.0	-81.5
2026-06-24T00:24:03.259518	190.0	-80.5
2026-06-24T00:24:03.259596	175.0	-79.0
2026-06-24T00:24:03.259668	157.0	-80.5
2026-06-24T00:24:03.259740	136.0	-82.5
2026-06-24T00:24:03.259816	140.0	-83.0
2026-06-24T00:24:03.259884	142.0	-82.0
2026-06-24T00:24:03.260019	137.0	-83.0
2026-06-24T00:24:03.260093	124.0	-83.5
2026-06-24T00:24:03.260164	125.0	-82.0
2026-06-24T00:24:03.260233	147.0	-82.5
2026-06-24T00:24:12.392194	151.0	-83.5
2026-06-24T00:24:12.392262	141.0	-83.0
2026-06-24T00:24:12.392297	125.0	-83.0
2026-06-24T00:24:12.392326	144.0	-82.0
2026-06-24T00:24:12.392355	147.0	-83.0
2026-06-24T00:24:12.392384	156.0	-82.5
2026-06-24T00:24:12.392413	147.0	-83.0
2026-06-24T00:24:12.392442	137.0	-82.0
2026-06-24T00:24:12.392468	145.0	-82.5
2026-06-24T00:24:12.392497	142.0	-82.5
2026-06-24T00:24:12.392526	144.0	-83.0
2026-06-24T00:24:12.392553	144.0	-82.5
2026-06-24T00:24:21.356685	154.0	-83.5
2026-06-24T00:24:21.356755	168.0	-83.5
2026-06-24T00:24:21.356791	152.0	-83.5
2026-06-24T00:24:21.356822	145.0	-83.5
2026-06-24T00:24:21.356852	186.0	-84.0
2026-06-24T00:24:21.356880	186.0	-83.5
2026-06-24T00:24:21.356909	181.0	-84.0
2026-06-24T00:24:21.356937	198.0	-80.0
2026-06-24T00:24:21.356965	167.0	-79.5
2026-06-24T00:24:21.356993	162.0	-78.0
2026-06-24T00:24:21.357020	163.0	-81.5
2026-06-24T00:24:21.357048	167.0	-80.5
2026-06-24T00:24:30.420791	139.0	-82.5
2026-06-24T00:24:30.420860	135.0	-83.0
2026-06-24T00:24:30.420896	146.0	-82.5
2026-06-24T00:24:30.420927	144.0	-82.0
2026-06-24T00:24:30.420956	139.0	-82.5
2026-06-24T00:24:30.420986	142.0	-82.5
2026-06-24T00:24:30.421016	143.0	-83.0
2026-06-24T00:24:30.421044	147.0	-81.0
2026-06-24T00:24:30.421072	146.0	-82.0
2026-06-24T00:24:30.421100	146.0	-82.0
2026-06-24T00:24:30.421126	146.0	-81.0
2026-06-24T00:24:30.421153	144.0	-82.5
2026-06-24T00:24:39.519353	88.0	-79.5
2026-06-24T00:24:39.519423	84.0	-77.5
2026-06-24T00:24:39.519458	75.0	-72.0
2026-06-24T00:24:39.519488	76.0	-70.5
2026-06-24T00:24:39.519518	73.0	-69.0
2026-06-24T00:24:39.519547	43.0	-71.0
2026-06-24T00:24:39.519575	62.0	-70.0
2026-06-24T00:24:39.519603	35.0	-71.0
2026-06-24T00:24:39.519632	46.0	-72.5
2026-06-24T00:24:39.519661	47.0	-74.5
2026-06-24T00:24:39.519690	69.0	-70.0
2026-06-24T00:24:39.519718	46.0	-69.0
2026-06-24T00:24:48.465259	38.0	-70.5
2026-06-24T00:24:48.465350	38.0	-70.0
2026-06-24T00:24:48.465396	39.0	-69.5
2026-06-24T00:24:48.465447	40.0	-70.0
2026-06-24T00:24:48.465489	41.0	-69.0
2026-06-24T00:24:48.465532	39.0	-70.0
2026-06-24T00:24:48.465573	36.0	-69.5
2026-06-24T00:24:48.465615	37.0	-70.0
2026-06-24T00:24:48.465656	37.0	-69.0
2026-06-24T00:24:48.465699	40.0	-69.0
2026-06-24T00:24:48.465741	37.0	-69.5
2026-06-24T00:24:48.465784	42.0	-69.0
2026-06-24T00:24:48.465825	42.0	-69.5
2026-06-24T00:24:57.539271	35.0	-71.0
2026-06-24T00:24:57.539333	38.0	-69.5
2026-06-24T00:24:57.539374	39.0	-69.0
2026-06-24T00:24:57.539404	34.0	-70.5
2026-06-24T00:24:57.539435	38.0	-70.0
2026-06-24T00:24:57.539464	37.0	-69.0
2026-06-24T00:24:57.539492	35.0	-70.5
2026-06-24T00:24:57.539521	36.0	-69.0
2026-06-24T00:24:57.539549	37.0	-70.5
2026-06-24T00:24:57.539578	45.0	-66.5
2026-06-24T00:24:57.539607	34.0	-69.5
2026-06-24T00:24:57.539636	37.0	-70.0
2026-06-24T00:25:06.598327	37.0	-68.5
2026-06-24T00:25:06.598461	41.0	-68.5
2026-06-24T00:25:06.598550	40.0	-68.0
2026-06-24T00:25:06.598626	40.0	-68.5
2026-06-24T00:25:06.598703	40.0	-68.0
2026-06-24T00:25:06.598776	39.0	-69.0
2026-06-24T00:25:06.598847	41.0	-68.0
2026-06-24T00:25:06.598916	41.0	-68.0
2026-06-24T00:25:06.598984	40.0	-68.5
2026-06-24T00:25:06.599055	39.0	-69.0
2026-06-24T00:25:06.599125	43.0	-67.0
2026-06-24T00:25:06.599194	40.0	-69.0
2026-06-24T00:25:15.637994	46.0	-65.5
2026-06-24T00:25:15.638063	41.0	-64.5
2026-06-24T00:25:15.638098	44.0	-65.0
2026-06-24T00:25:15.638129	43.0	-65.0
2026-06-24T00:25:15.638158	42.0	-65.0
2026-06-24T00:25:15.638186	43.0	-65.0
2026-06-24T00:25:15.638213	46.0	-65.5
2026-06-24T00:25:15.638242	43.0	-65.5
2026-06-24T00:25:15.638271	44.0	-65.0
2026-06-24T00:25:15.638298	44.0	-65.5
2026-06-24T00:25:15.638327	45.0	-65.5
2026-06-24T00:25:15.638356	43.0	-65.5
2026-06-24T00:25:24.676793	45.0	-71.0
2026-06-24T00:25:24.676860	74.0	-71.5
2026-06-24T00:25:24.676898	46.0	-75.5
2026-06-24T00:25:24.676930	55.0	-68.5
2026-06-24T00:25:24.676960	63.0	-66.0
2026-06-24T00:25:24.676990	67.0	-66.5
2026-06-24T00:25:24.677019	57.0	-72.5
2026-06-24T00:25:24.677048	65.0	-71.5
2026-06-24T00:25:24.677077	75.0	-68.5
2026-06-24T00:25:24.677106	73.0	-69.5
2026-06-24T00:25:24.677134	72.0	-68.0
2026-06-24T00:25:33.796155	144.0	-80.5
2026-06-24T00:25:33.796225	149.0	-79.5
2026-06-24T00:25:33.796261	175.0	-77.5
2026-06-24T00:25:33.796296	192.0	-76.5
2026-06-24T00:25:33.796330	192.0	-76.5
2026-06-24T00:25:33.796363	187.0	-76.5
2026-06-24T00:25:33.796393	190.0	-77.5
2026-06-24T00:25:33.796423	190.0	-76.0
2026-06-24T00:25:33.796455	183.0	-75.0
2026-06-24T00:25:42.766401	183.0	-77.0
2026-06-24T00:25:42.766467	180.0	-79.5
2026-06-24T00:25:42.766505	172.0	-80.0
2026-06-24T00:25:42.766534	173.0	-80.0
2026-06-24T00:25:42.766565	186.0	-76.0
2026-06-24T00:25:42.766593	188.0	-79.0
2026-06-24T00:25:42.766621	180.0	-82.0
2026-06-24T00:25:42.766649	177.0	-82.5
2026-06-24T00:25:42.766677	182.0	-81.0
2026-06-24T00:25:42.766704	180.0	-78.0
2026-06-24T00:25:42.766731	179.0	-81.0
2026-06-24T00:25:51.808688	152.0	-81.0
2026-06-24T00:25:51.808753	152.0	-80.5
2026-06-24T00:25:51.808791	145.0	-79.5
2026-06-24T00:25:51.808822	150.0	-80.5
2026-06-24T00:25:51.808853	152.0	-79.5
2026-06-24T00:25:51.808884	156.0	-80.0
2026-06-24T00:25:51.808912	153.0	-80.5
2026-06-24T00:25:51.808942	161.0	-80.0
2026-06-24T00:25:51.808970	154.0	-79.0
2026-06-24T00:25:51.808998	151.0	-80.5
2026-06-24T00:25:51.809026	147.0	-79.0
2026-06-24T00:26:00.923813	158.0	-80.0
2026-06-24T00:26:00.923875	160.0	-80.5
2026-06-24T00:26:00.923992	158.0	-81.5
2026-06-24T00:26:00.924027	158.0	-81.0
2026-06-24T00:26:00.924058	157.0	-80.5
2026-06-24T00:26:00.924088	159.0	-81.0
2026-06-24T00:26:00.924117	154.0	-81.5
2026-06-24T00:26:00.924147	157.0	-81.5
2026-06-24T00:26:00.924176	156.0	-82.0
2026-06-24T00:26:00.924205	163.0	-82.0
2026-06-24T00:26:00.924233	161.0	-80.5
2026-06-24T00:26:00.924262	157.0	-81.0
2026-06-24T00:26:10.014928	160.0	-81.0
2026-06-24T00:26:10.015050	160.0	-80.5
2026-06-24T00:26:10.015147	161.0	-81.0
2026-06-24T00:26:10.015222	159.0	-81.0
2026-06-24T00:26:10.015296	164.0	-80.5
2026-06-24T00:26:10.015368	160.0	-80.5
2026-06-24T00:26:10.015443	156.0	-81.0
2026-06-24T00:26:10.015514	159.0	-82.0
2026-06-24T00:26:10.015584	161.0	-80.5
2026-06-24T00:26:10.015658	161.0	-80.5
2026-06-24T00:26:10.015730	165.0	-80.5
2026-06-24T00:26:10.015800	164.0	-81.0
2026-06-24T00:26:18.967769	160.0	-81.5
2026-06-24T00:26:18.967839	139.0	-81.0
2026-06-24T00:26:18.967874	161.0	-79.0
2026-06-24T00:26:18.967903	167.0	-79.0
2026-06-24T00:26:18.967981	146.0	-79.0
2026-06-24T00:26:18.968009	203.0	-78.5
2026-06-24T00:26:18.968038	178.0	-82.5
2026-06-24T00:26:18.968066	179.0	-81.0
2026-06-24T00:26:18.968093	179.0	-78.5
2026-06-24T00:26:18.968123	184.0	-79.0
2026-06-24T00:26:18.968151	178.0	-80.5
2026-06-24T00:26:18.968179	189.0	-81.0
2026-06-24T00:26:28.035547	176.0	-79.5
2026-06-24T00:26:28.035616	183.0	-75.5
2026-06-24T00:26:28.035652	186.0	-79.0
2026-06-24T00:26:28.035682	184.0	-78.0
2026-06-24T00:26:28.035711	182.0	-77.5
2026-06-24T00:26:28.035741	182.0	-77.0
2026-06-24T00:26:28.035770	180.0	-77.0
2026-06-24T00:26:28.035798	181.0	-76.5
2026-06-24T00:26:28.035827	178.0	-78.0
2026-06-24T00:26:28.035855	181.0	-76.0
2026-06-24T00:26:28.035883	180.0	-77.5
2026-06-24T00:26:28.035983	182.0	-78.0
2026-06-24T00:26:37.085710	177.0	-79.0
2026-06-24T00:26:37.085772	177.0	-78.0
2026-06-24T00:26:37.085806	183.0	-78.5
2026-06-24T00:26:37.085843	183.0	-78.0
2026-06-24T00:26:37.085872	180.0	-78.0
2026-06-24T00:26:37.085901	182.0	-80.0
2026-06-24T00:26:37.085928	181.0	-77.5
2026-06-24T00:26:37.085957	180.0	-78.5
2026-06-24T00:26:37.085986	180.0	-78.5
2026-06-24T00:26:37.086015	179.0	-78.0
2026-06-24T00:26:37.086042	175.0	-78.5
2026-06-24T00:26:37.086070	176.0	-78.0
2026-06-24T00:26:46.186159	159.0	-73.5
2026-06-24T00:26:46.186228	150.0	-78.5
2026-06-24T00:26:46.186264	143.0	-75.5
2026-06-24T00:26:46.186296	144.0	-77.5
2026-06-24T00:26:46.186326	137.0	-74.0
2026-06-24T00:26:46.186356	160.0	-82.0
2026-06-24T00:26:46.186384	128.0	-82.0
2026-06-24T00:26:46.186411	141.0	-79.0
2026-06-24T00:26:46.186439	144.0	-76.5
2026-06-24T00:26:46.186468	141.0	-76.0
2026-06-24T00:26:46.186496	141.0	-76.5
2026-06-24T00:26:46.186525	138.0	-75.5
2026-06-24T00:26:55.210335	148.0	-80.0
2026-06-24T00:26:55.210405	150.0	-79.5
2026-06-24T00:26:55.210444	146.0	-79.0
2026-06-24T00:26:55.210474	144.0	-77.0
2026-06-24T00:26:55.210502	140.0	-77.5
2026-06-24T00:26:55.210532	144.0	-78.5
2026-06-24T00:26:55.210561	143.0	-79.0
2026-06-24T00:26:55.210588	146.0	-79.0
2026-06-24T00:26:55.210615	145.0	-79.5
2026-06-24T00:26:55.210643	140.0	-80.5
2026-06-24T00:27:04.318846	151.0	-74.0
2026-06-24T00:27:04.318909	147.0	-74.0
2026-06-24T00:27:04.318943	150.0	-73.5
2026-06-24T00:27:04.318980	145.0	-72.5
2026-06-24T00:27:04.319011	148.0	-73.0
2026-06-24T00:27:04.319039	145.0	-73.0
2026-06-24T00:27:04.319067	148.0	-72.0
2026-06-24T00:27:04.319095	143.0	-72.5
2026-06-24T00:27:04.319124	151.0	-73.5
2026-06-24T00:27:04.319153	152.0	-74.0
2026-06-24T00:27:04.319180	152.0	-71.0
2026-06-24T00:27:04.319207	153.0	-73.0
2026-06-24T00:27:13.339774	146.0	-74.5
2026-06-24T00:27:13.339845	148.0	-74.5
2026-06-24T00:27:13.339881	152.0	-74.0
2026-06-24T00:27:13.339951	148.0	-74.0
2026-06-24T00:27:13.339983	152.0	-73.0
2026-06-24T00:27:13.340011	149.0	-75.0
2026-06-24T00:27:13.340039	148.0	-74.0
2026-06-24T00:27:13.340067	150.0	-71.5
2026-06-24T00:27:13.340097	151.0	-72.0
2026-06-24T00:27:13.340125	145.0	-75.0
2026-06-24T00:27:13.340152	147.0	-74.0
2026-06-24T00:27:13.340179	147.0	-75.5
2026-06-24T00:27:22.455110	145.0	-74.0
2026-06-24T00:27:22.455176	149.0	-72.0
2026-06-24T00:27:22.455206	147.0	-70.5
2026-06-24T00:27:22.455243	144.0	-70.0
2026-06-24T00:27:22.455272	146.0	-70.0
2026-06-24T00:27:22.455301	145.0	-71.5
2026-06-24T00:27:22.455330	148.0	-72.5
2026-06-24T00:27:22.455359	149.0	-73.5
2026-06-24T00:27:22.455388	149.0	-74.0
2026-06-24T00:27:22.455416	147.0	-74.0
2026-06-24T00:27:22.455444	145.0	-73.5
2026-06-24T00:27:31.438239	202.0	-80.5
2026-06-24T00:27:31.438373	214.0	-82.0
2026-06-24T00:27:31.438458	228.0	-81.0
2026-06-24T00:27:31.438531	233.0	-79.0
2026-06-24T00:27:31.438602	212.0	-81.5
2026-06-24T00:27:31.438674	228.0	-79.0
2026-06-24T00:27:31.438745	207.0	-80.0
2026-06-24T00:27:31.438813	172.0	-79.5
2026-06-24T00:27:31.438884	164.0	-80.5
2026-06-24T00:27:31.438954	151.0	-80.5
2026-06-24T00:27:31.439024	160.0	-78.5
2026-06-24T00:27:31.439095	159.0	-79.5
2026-06-24T00:27:40.474507	156.0	-79.0
2026-06-24T00:27:40.474570	154.0	-79.0
2026-06-24T00:27:40.474605	159.0	-77.5
2026-06-24T00:27:40.474642	156.0	-76.5
2026-06-24T00:27:40.474673	153.0	-78.5
2026-06-24T00:27:40.474702	152.0	-78.0
2026-06-24T00:27:40.474730	157.0	-77.5
2026-06-24T00:27:40.474758	148.0	-77.5
2026-06-24T00:27:40.474787	157.0	-77.5
2026-06-24T00:27:40.474816	152.0	-78.5
2026-06-24T00:27:40.474845	145.0	-78.0
2026-06-24T00:27:40.474871	149.0	-78.0
2026-06-24T00:27:49.577448	143.0	-77.5
2026-06-24T00:27:49.577582	153.0	-78.0
2026-06-24T00:27:49.577668	145.0	-79.0
2026-06-24T00:27:49.577742	145.0	-80.0
2026-06-24T00:27:49.577815	142.0	-77.0
2026-06-24T00:27:49.577887	143.0	-77.5
2026-06-24T00:27:49.577961	167.0	-77.5
2026-06-24T00:27:49.578033	147.0	-79.0
2026-06-24T00:27:49.578102	148.0	-79.5
2026-06-24T00:27:49.578175	171.0	-79.0
2026-06-24T00:27:49.578243	150.0	-77.5
2026-06-24T00:27:49.578314	149.0	-78.5
2026-06-24T00:27:58.537769	157.0	-78.5
2026-06-24T00:27:58.537838	156.0	-80.5
2026-06-24T00:27:58.537874	169.0	-76.5
2026-06-24T00:27:58.537909	167.0	-75.5
2026-06-24T00:27:58.537943	168.0	-77.5
2026-06-24T00:27:58.537972	172.0	-78.0
2026-06-24T00:27:58.538000	174.0	-79.5
2026-06-24T00:27:58.538029	173.0	-78.0
2026-06-24T00:27:58.538057	177.0	-80.0
2026-06-24T00:27:58.538086	175.0	-78.0
2026-06-24T00:28:07.605816	127.0	-75.5
2026-06-24T00:28:07.605885	123.0	-74.5
2026-06-24T00:28:07.605921	109.0	-76.5
2026-06-24T00:28:07.605951	97.0	-79.5
2026-06-24T00:28:07.605983	112.0	-75.0
2026-06-24T00:28:07.606011	120.0	-76.5
2026-06-24T00:28:07.606041	84.0	-79.0
2026-06-24T00:28:07.606072	76.0	-73.0
2026-06-24T00:28:07.606099	143.0	-80.5
2026-06-24T00:28:07.606131	91.0	-77.0
2026-06-24T00:28:16.597666	40.0	-67.0
2026-06-24T00:28:16.597794	46.0	-67.5
2026-06-24T00:28:16.597840	41.0	-67.5
2026-06-24T00:28:16.597873	45.0	-68.0
2026-06-24T00:28:16.597903	43.0	-68.5
2026-06-24T00:28:16.597932	44.0	-68.5
2026-06-24T00:28:16.597961	54.0	-67.5
2026-06-24T00:28:16.597991	53.0	-68.0
2026-06-24T00:28:16.598021	53.0	-69.0
2026-06-24T00:28:16.598048	46.0	-68.5
2026-06-24T00:28:16.598077	50.0	-68.5
2026-06-24T00:28:16.598107	46.0	-69.0
2026-06-24T00:28:25.741542	52.0	-68.0
2026-06-24T00:28:25.741605	53.0	-70.0
2026-06-24T00:28:25.741639	50.0	-70.0
2026-06-24T00:28:25.741670	48.0	-66.5
2026-06-24T00:28:25.741706	46.0	-68.0
2026-06-24T00:28:25.741735	50.0	-67.0
2026-06-24T00:28:25.741764	46.0	-67.5
2026-06-24T00:28:25.741793	50.0	-65.5
2026-06-24T00:28:25.741822	48.0	-65.0
2026-06-24T00:28:25.741851	46.0	-65.0
2026-06-24T00:28:25.741878	46.0	-66.0
2026-06-24T00:28:25.741905	51.0	-67.5
2026-06-24T00:28:34.840639	47.0	-66.0
2026-06-24T00:28:34.840705	49.0	-66.0
2026-06-24T00:28:34.840736	46.0	-66.0
2026-06-24T00:28:34.840766	42.0	-66.5
2026-06-24T00:28:34.840804	46.0	-66.5
2026-06-24T00:28:34.840835	47.0	-66.5
2026-06-24T00:28:34.840865	46.0	-65.5
2026-06-24T00:28:34.840894	48.0	-66.0
2026-06-24T00:28:34.840923	45.0	-66.5
2026-06-24T00:28:34.840951	45.0	-65.0
2026-06-24T00:28:34.840980	48.0	-66.5
2026-06-24T00:28:43.780977	50.0	-69.5
2026-06-24T00:28:43.781050	50.0	-70.0
2026-06-24T00:28:43.781080	42.0	-70.0
2026-06-24T00:28:43.781110	46.0	-69.0
2026-06-24T00:28:43.781139	49.0	-69.0
2026-06-24T00:28:43.781167	43.0	-68.0
2026-06-24T00:28:43.781195	49.0	-69.0
2026-06-24T00:28:43.781223	48.0	-69.0
2026-06-24T00:28:43.781250	49.0	-69.0
2026-06-24T00:28:43.781279	45.0	-68.0
2026-06-24T00:28:43.781306	47.0	-66.0
2026-06-24T00:28:52.797826	49.0	-66.5
2026-06-24T00:28:52.797898	45.0	-67.0
2026-06-24T00:28:52.797929	44.0	-67.0
2026-06-24T00:28:52.797959	46.0	-66.5
2026-06-24T00:28:52.797989	46.0	-67.0
2026-06-24T00:28:52.798018	50.0	-67.5
2026-06-24T00:28:52.798048	48.0	-67.5
2026-06-24T00:28:52.798077	46.0	-67.5
2026-06-24T00:28:52.798106	50.0	-67.0
2026-06-24T00:28:52.798134	45.0	-67.5
2026-06-24T00:28:52.798163	44.0	-68.5
2026-06-24T00:29:01.865283	49.0	-66.0
2026-06-24T00:29:01.865345	46.0	-65.5
2026-06-24T00:29:01.865386	49.0	-65.5
2026-06-24T00:29:01.865417	44.0	-66.5
2026-06-24T00:29:01.865446	47.0	-66.0
2026-06-24T00:29:01.865475	47.0	-66.0
2026-06-24T00:29:01.865502	49.0	-66.5
2026-06-24T00:29:01.865530	47.0	-66.0
2026-06-24T00:29:01.865557	52.0	-67.0
2026-06-24T00:29:01.865585	46.0	-66.5
2026-06-24T00:29:01.865613	47.0	-66.5
2026-06-24T00:29:01.865640	47.0	-66.5
2026-06-24T00:29:10.997765	46.0	-65.5
2026-06-24T00:29:10.997899	49.0	-65.5
2026-06-24T00:29:10.997986	48.0	-66.0
2026-06-24T00:29:10.998061	50.0	-65.0
2026-06-24T00:29:10.998133	46.0	-65.5
2026-06-24T00:29:10.998207	49.0	-65.5
2026-06-24T00:29:10.998280	47.0	-67.0
2026-06-24T00:29:10.998348	48.0	-66.0
2026-06-24T00:29:10.998416	46.0	-66.5
2026-06-24T00:29:10.998487	46.0	-68.5
2026-06-24T00:29:10.998559	45.0	-67.5
2026-06-24T00:29:10.998629	48.0	-65.5
2026-06-24T00:29:20.014586	46.0	-66.5
2026-06-24T00:29:20.014656	44.0	-66.5
2026-06-24T00:29:20.014688	46.0	-67.0
2026-06-24T00:29:20.014717	47.0	-67.5
2026-06-24T00:29:20.014751	46.0	-67.5
2026-06-24T00:29:20.014780	49.0	-68.0
2026-06-24T00:29:20.014808	47.0	-67.0
2026-06-24T00:29:20.014835	49.0	-67.0
2026-06-24T00:29:20.014862	47.0	-67.0
2026-06-24T00:29:20.014889	49.0	-67.5
2026-06-24T00:29:20.014917	51.0	-68.0
2026-06-24T00:29:20.014944	46.0	-67.5
2026-06-24T00:29:20.014971	49.0	-67.0
2026-06-24T00:29:28.969807	47.0	-66.5
2026-06-24T00:29:28.969876	49.0	-65.5
2026-06-24T00:29:28.969908	51.0	-65.5
2026-06-24T00:29:28.969943	50.0	-66.0
2026-06-24T00:29:28.969972	48.0	-66.0
2026-06-24T00:29:28.970001	50.0	-66.5
2026-06-24T00:29:28.970030	48.0	-66.5
2026-06-24T00:29:28.970059	49.0	-66.5
2026-06-24T00:29:28.970088	47.0	-66.0
2026-06-24T00:29:28.970117	47.0	-66.0
2026-06-24T00:29:28.970144	50.0	-66.5
2026-06-24T00:29:28.970173	50.0	-66.0
2026-06-24T00:29:28.970200	45.0	-66.0
2026-06-24T00:29:38.122689	48.0	-66.0
2026-06-24T00:29:38.122750	47.0	-67.0
2026-06-24T00:29:38.122783	49.0	-67.0
2026-06-24T00:29:38.122811	47.0	-67.0
2026-06-24T00:29:38.122839	49.0	-67.0
2026-06-24T00:29:38.122867	49.0	-67.5
2026-06-24T00:29:38.122902	47.0	-67.0
2026-06-24T00:29:38.122929	47.0	-67.0
2026-06-24T00:29:38.122956	47.0	-67.0
2026-06-24T00:29:38.122984	52.0	-67.0
2026-06-24T00:29:38.123011	46.0	-67.0
2026-06-24T00:29:38.123038	47.0	-67.0
2026-06-24T00:29:47.146351	54.0	-66.5
2026-06-24T00:29:47.146421	50.0	-66.0
2026-06-24T00:29:47.146456	50.0	-66.0
2026-06-24T00:29:47.146485	48.0	-66.0
2026-06-24T00:29:47.146514	49.0	-66.5
2026-06-24T00:29:47.146544	50.0	-66.0
2026-06-24T00:29:47.146572	49.0	-66.0
2026-06-24T00:29:47.146599	51.0	-66.0
2026-06-24T00:29:47.146625	50.0	-66.0
2026-06-24T00:29:47.146652	50.0	-66.5
2026-06-24T00:29:47.146680	47.0	-66.5
2026-06-24T00:29:47.146708	47.0	-66.0
2026-06-24T00:29:56.091205	152.0	-76.5
2026-06-24T00:29:56.091274	145.0	-74.5
2026-06-24T00:29:56.091308	141.0	-75.0
2026-06-24T00:29:56.091338	148.0	-73.0
2026-06-24T00:29:56.091367	153.0	-74.0
2026-06-24T00:29:56.091395	150.0	-75.5
2026-06-24T00:29:56.091424	152.0	-77.0
2026-06-24T00:29:56.091451	147.0	-79.0
2026-06-24T00:29:56.091478	152.0	-81.0
2026-06-24T00:29:56.091505	147.0	-80.0
2026-06-24T00:29:56.091532	148.0	-77.5
2026-06-24T00:29:56.091564	149.0	-76.0
2026-06-24T00:30:05.147405	150.0	-75.0
2026-06-24T00:30:05.147467	145.0	-75.0
2026-06-24T00:30:05.147501	151.0	-74.5
2026-06-24T00:30:05.147537	152.0	-75.5
2026-06-24T00:30:05.147568	154.0	-77.5
2026-06-24T00:30:05.147597	146.0	-74.5
2026-06-24T00:30:05.147625	152.0	-73.5
2026-06-24T00:30:05.147655	152.0	-75.0
2026-06-24T00:30:05.147682	151.0	-73.5
2026-06-24T00:30:05.147711	151.0	-75.0
2026-06-24T00:30:05.147738	152.0	-74.5
2026-06-24T00:30:05.147765	147.0	-74.5
2026-06-24T00:30:14.234127	110.0	-82.0
2026-06-24T00:30:14.234190	137.0	-79.0
2026-06-24T00:30:14.234224	145.0	-77.0
2026-06-24T00:30:14.234254	145.0	-74.5
2026-06-24T00:30:14.234290	145.0	-77.0
2026-06-24T00:30:14.234318	143.0	-77.0
2026-06-24T00:30:14.234346	141.0	-79.5
2026-06-24T00:30:14.234376	154.0	-76.5
2026-06-24T00:30:14.234405	151.0	-79.5
2026-06-24T00:30:14.234433	152.0	-81.5
2026-06-24T00:30:14.234462	145.0	-79.0
2026-06-24T00:30:14.234488	146.0	-81.0
2026-06-24T00:30:23.380333	142.0	-70.0
2026-06-24T00:30:23.380396	145.0	-71.0
2026-06-24T00:30:23.380430	141.0	-71.0
2026-06-24T00:30:23.380460	140.0	-70.5
2026-06-24T00:30:23.380495	142.0	-69.0
2026-06-24T00:30:23.380523	138.0	-71.0
2026-06-24T00:30:23.380551	142.0	-70.5
2026-06-24T00:30:23.380578	139.0	-71.0
2026-06-24T00:30:23.380605	136.0	-72.0
2026-06-24T00:30:23.380633	142.0	-72.5
2026-06-24T00:30:23.380662	139.0	-79.5
2026-06-24T00:30:23.380690	126.0	-75.5
2026-06-24T00:30:32.352083	153.0	-83.0
2026-06-24T00:30:32.352146	155.0	-82.5
2026-06-24T00:30:32.352187	151.0	-82.5
2026-06-24T00:30:32.352218	153.0	-82.5
2026-06-24T00:30:32.352249	153.0	-82.5
2026-06-24T00:30:32.352279	152.0	-82.0
2026-06-24T00:30:32.352308	152.0	-81.5
2026-06-24T00:30:32.352336	150.0	-82.5
2026-06-24T00:30:32.352366	145.0	-80.5
2026-06-24T00:30:32.352395	152.0	-81.0
2026-06-24T00:30:32.352424	151.0	-82.0
2026-06-24T00:30:32.352451	153.0	-81.0
2026-06-24T00:30:41.460125	157.0	-81.0
2026-06-24T00:30:41.460248	150.0	-80.0
2026-06-24T00:30:41.460333	156.0	-82.0
2026-06-24T00:30:41.460408	155.0	-81.5
2026-06-24T00:30:41.460491	154.0	-81.0
2026-06-24T00:30:41.460564	150.0	-80.0
2026-06-24T00:30:41.460634	153.0	-81.0
2026-06-24T00:30:41.460701	151.0	-81.0
2026-06-24T00:30:41.460769	154.0	-80.5
2026-06-24T00:30:41.460842	151.0	-81.0
2026-06-24T00:30:41.460913	154.0	-81.0
2026-06-24T00:30:41.460981	150.0	-81.0
2026-06-24T00:30:50.514496	149.0	-79.5
2026-06-24T00:30:50.514566	141.0	-76.5
2026-06-24T00:30:50.514600	146.0	-76.0
2026-06-24T00:30:50.514630	147.0	-75.5
2026-06-24T00:30:50.514660	148.0	-76.5
2026-06-24T00:30:50.514689	144.0	-75.0
2026-06-24T00:30:50.514716	151.0	-77.0
2026-06-24T00:30:50.514742	145.0	-76.5
2026-06-24T00:30:50.514770	145.0	-77.5
2026-06-24T00:30:50.514799	149.0	-75.5
2026-06-24T00:30:50.514828	145.0	-76.0
2026-06-24T00:30:50.514855	149.0	-77.0
2026-06-24T00:30:59.435357	141.0	-77.5
2026-06-24T00:30:59.435453	140.0	-76.0
2026-06-24T00:30:59.435505	135.0	-78.0
2026-06-24T00:30:59.435555	139.0	-78.0
2026-06-24T00:30:59.435607	137.0	-77.0
2026-06-24T00:30:59.435655	139.0	-77.5
2026-06-24T00:30:59.435704	139.0	-78.5
2026-06-24T00:30:59.435752	137.0	-78.5
2026-06-24T00:30:59.435800	136.0	-76.5
2026-06-24T00:30:59.435847	141.0	-79.0
2026-06-24T00:30:59.435893	137.0	-78.5
2026-06-24T00:30:59.436000	138.0	-77.5
2026-06-24T00:30:59.436051	140.0	-77.0
2026-06-24T00:31:08.524669	155.0	-75.5
2026-06-24T00:31:08.524738	143.0	-76.0
2026-06-24T00:31:08.524773	145.0	-77.5
2026-06-24T00:31:08.524804	146.0	-77.5
2026-06-24T00:31:08.524835	145.0	-77.0
2026-06-24T00:31:08.524864	150.0	-74.0
2026-06-24T00:31:08.524895	151.0	-76.0
2026-06-24T00:31:08.524922	149.0	-76.0
2026-06-24T00:31:08.524950	151.0	-76.0
2026-06-24T00:31:08.524978	152.0	-77.0
2026-06-24T00:31:08.525005	155.0	-74.5
2026-06-24T00:31:17.666798	148.0	-72.5
2026-06-24T00:31:17.666870	150.0	-72.5
2026-06-24T00:31:17.666903	149.0	-77.0
2026-06-24T00:31:17.666933	152.0	-77.0
2026-06-24T00:31:17.666963	147.0	-76.5
2026-06-24T00:31:17.666992	152.0	-76.5
2026-06-24T00:31:17.667021	148.0	-74.0
2026-06-24T00:31:17.667049	152.0	-74.5
2026-06-24T00:31:17.667077	149.0	-74.0
2026-06-24T00:31:17.667106	150.0	-76.5
2026-06-24T00:31:17.667134	150.0	-75.5
2026-06-24T00:31:26.592921	152.0	-83.5
2026-06-24T00:31:26.592989	149.0	-82.5
2026-06-24T00:31:26.593025	148.0	-82.5
2026-06-24T00:31:26.593056	152.0	-81.5
2026-06-24T00:31:26.593086	150.0	-80.5
2026-06-24T00:31:26.593116	151.0	-81.0
2026-06-24T00:31:26.593144	152.0	-82.0
2026-06-24T00:31:26.593172	158.0	-80.0
2026-06-24T00:31:26.593200	163.0	-80.0
2026-06-24T00:31:26.593228	161.0	-81.0
2026-06-24T00:31:26.593255	156.0	-80.5
2026-06-24T00:31:26.593284	150.0	-82.0
2026-06-24T00:31:35.696783	168.0	-77.0
2026-06-24T00:31:35.696905	160.0	-78.0
2026-06-24T00:31:35.696993	164.0	-80.0
2026-06-24T00:31:35.697067	164.0	-77.0
2026-06-24T00:31:35.697140	165.0	-78.0
2026-06-24T00:31:35.697211	162.0	-78.0
2026-06-24T00:31:35.697281	163.0	-79.0
2026-06-24T00:31:35.697351	160.0	-77.5
2026-06-24T00:31:35.697430	183.0	-79.5
2026-06-24T00:31:35.697503	173.0	-79.5
2026-06-24T00:31:35.697573	159.0	-74.5
2026-06-24T00:31:35.697643	165.0	-71.5
2026-06-24T00:31:44.804208	175.0	-82.5
2026-06-24T00:31:44.804277	164.0	-80.0
2026-06-24T00:31:44.804309	165.0	-77.5
2026-06-24T00:31:44.804343	177.0	-80.0
2026-06-24T00:31:44.804371	169.0	-82.0
2026-06-24T00:31:44.804400	175.0	-81.0
2026-06-24T00:31:44.804429	169.0	-81.5
2026-06-24T00:31:44.804458	169.0	-80.0
2026-06-24T00:31:44.804485	164.0	-80.5
2026-06-24T00:31:44.804514	167.0	-81.0
2026-06-24T00:31:44.804541	167.0	-77.0
2026-06-24T00:31:44.804568	167.0	-77.0
2026-06-24T00:31:53.793790	168.0	-77.0
2026-06-24T00:31:53.793852	165.0	-78.5
2026-06-24T00:31:53.793893	166.0	-78.0
2026-06-24T00:31:53.793923	163.0	-79.5
2026-06-24T00:31:53.793952	166.0	-77.0
2026-06-24T00:31:53.793980	163.0	-78.0
2026-06-24T00:31:53.794007	169.0	-77.5
2026-06-24T00:31:53.794035	162.0	-77.0
2026-06-24T00:31:53.794063	165.0	-79.5
2026-06-24T00:31:53.794091	160.0	-78.0
2026-06-24T00:31:53.794119	164.0	-78.0
2026-06-24T00:31:53.794145	163.0	-79.5
2026-06-24T00:32:02.827870	161.0	-79.0
2026-06-24T00:32:02.827988	163.0	-77.0
2026-06-24T00:32:02.828023	160.0	-78.5
2026-06-24T00:32:02.828061	162.0	-80.5
2026-06-24T00:32:02.828092	161.0	-78.0
2026-06-24T00:32:02.828120	160.0	-79.0
2026-06-24T00:32:02.828148	163.0	-80.0
2026-06-24T00:32:02.828176	162.0	-78.0
2026-06-24T00:32:02.828203	164.0	-78.0
2026-06-24T00:32:02.828231	160.0	-77.0
2026-06-24T00:32:02.828259	160.0	-77.0
2026-06-24T00:32:02.828285	165.0	-77.5
2026-06-24T00:32:11.945340	167.0	-77.0
2026-06-24T00:32:11.945403	167.0	-79.5
2026-06-24T00:32:11.945445	167.0	-77.0
2026-06-24T00:32:11.945475	170.0	-77.0
2026-06-24T00:32:11.945504	167.0	-77.5
2026-06-24T00:32:11.945533	169.0	-76.5
2026-06-24T00:32:11.945562	169.0	-79.0
2026-06-24T00:32:11.945589	169.0	-77.5
2026-06-24T00:32:11.945617	170.0	-76.0
2026-06-24T00:32:11.945645	167.0	-77.5
2026-06-24T00:32:11.945675	165.0	-77.5
2026-06-24T00:32:11.945703	166.0	-78.5
2026-06-24T00:32:20.866134	168.0	-80.5
2026-06-24T00:32:20.866203	167.0	-79.5
2026-06-24T00:32:20.866238	167.0	-78.5
2026-06-24T00:32:20.866269	171.0	-76.5
2026-06-24T00:32:20.866300	172.0	-78.0
2026-06-24T00:32:20.866328	167.0	-77.0
2026-06-24T00:32:20.866356	166.0	-78.0
2026-06-24T00:32:20.866383	164.0	-78.5
2026-06-24T00:32:20.866412	163.0	-80.0
2026-06-24T00:32:20.866441	163.0	-81.0
2026-06-24T00:32:20.866469	164.0	-79.5
2026-06-24T00:32:20.866498	165.0	-78.0
2026-06-24T00:32:29.937605	175.0	-77.0
2026-06-24T00:32:29.937667	174.0	-77.0
2026-06-24T00:32:29.937701	173.0	-78.0
2026-06-24T00:32:29.937730	176.0	-78.0
2026-06-24T00:32:29.937758	177.0	-78.0
2026-06-24T00:32:29.937786	173.0	-78.0
2026-06-24T00:32:29.937813	171.0	-76.0
2026-06-24T00:32:29.937840	175.0	-77.0
2026-06-24T00:32:29.937867	175.0	-77.0
2026-06-24T00:32:29.937895	179.0	-75.0
2026-06-24T00:32:29.937922	170.0	-79.5
2026-06-24T00:32:29.937955	175.0	-76.0
2026-06-24T00:32:39.128023	166.0	-79.0
2026-06-24T00:32:39.128150	166.0	-79.5
2026-06-24T00:32:39.128247	172.0	-77.5
2026-06-24T00:32:39.128325	172.0	-76.5
2026-06-24T00:32:39.128400	170.0	-77.0
2026-06-24T00:32:39.128471	169.0	-77.0
2026-06-24T00:32:39.128539	168.0	-76.5
2026-06-24T00:32:39.128612	175.0	-77.5
2026-06-24T00:32:39.128682	171.0	-77.5
2026-06-24T00:32:39.128754	177.0	-75.5
2026-06-24T00:32:39.128823	171.0	-78.0
2026-06-24T00:32:39.128889	168.0	-78.0
2026-06-24T00:32:48.088152	51.0	-68.0
2026-06-24T00:32:48.088217	50.0	-66.0
2026-06-24T00:32:48.088251	37.0	-69.5
2026-06-24T00:32:48.088287	52.0	-66.0
2026-06-24T00:32:48.088316	54.0	-62.5
2026-06-24T00:32:48.088345	40.0	-68.5
2026-06-24T00:32:48.088374	60.0	-68.5
2026-06-24T00:32:48.088403	61.0	-65.0
2026-06-24T00:32:48.088430	54.0	-65.5
2026-06-24T00:32:48.088460	58.0	-65.5
2026-06-24T00:32:48.088487	55.0	-65.5
2026-06-24T00:32:48.088515	58.0	-65.5
2026-06-24T00:32:57.170759	50.0	-67.5
2026-06-24T00:32:57.171086	52.0	-68.5
2026-06-24T00:32:57.171203	40.0	-70.5
2026-06-24T00:32:57.171314	37.0	-68.5
2026-06-24T00:32:57.171410	48.0	-67.5
2026-06-24T00:32:57.171503	44.0	-68.5
2026-06-24T00:32:57.171600	42.0	-68.0
2026-06-24T00:32:57.171686	46.0	-68.0
2026-06-24T00:32:57.171770	46.0	-69.0
2026-06-24T00:32:57.171855	47.0	-69.0
2026-06-24T00:32:57.172322	48.0	-69.5
2026-06-24T00:32:57.172489	55.0	-72.5
2026-06-24T00:33:06.131434	60.0	-70.5
2026-06-24T00:33:06.131504	61.0	-70.0
2026-06-24T00:33:06.131538	58.0	-68.0
2026-06-24T00:33:06.131569	56.0	-69.0
2026-06-24T00:33:06.131599	59.0	-70.0
2026-06-24T00:33:06.131627	57.0	-70.5
2026-06-24T00:33:06.131657	66.0	-70.0
2026-06-24T00:33:06.131685	46.0	-67.0
2026-06-24T00:33:06.131713	47.0	-69.5
2026-06-24T00:33:06.131743	43.0	-73.5
2026-06-24T00:33:06.131772	43.0	-71.0
2026-06-24T00:33:06.131799	45.0	-71.5
2026-06-24T00:33:15.223783	58.0	-73.5
2026-06-24T00:33:15.223852	62.0	-73.5
2026-06-24T00:33:15.223889	61.0	-72.5
2026-06-24T00:33:15.223964	69.0	-72.5
2026-06-24T00:33:15.223997	59.0	-74.0
2026-06-24T00:33:15.224025	67.0	-73.0
2026-06-24T00:33:15.224054	57.0	-72.0
2026-06-24T00:33:15.224082	55.0	-75.5
2026-06-24T00:33:15.224110	54.0	-74.0
2026-06-24T00:33:15.224139	49.0	-75.0
2026-06-24T00:33:15.224166	45.0	-73.5
2026-06-24T00:33:15.224195	44.0	-74.0
2026-06-24T00:33:24.223781	58.0	-69.0
2026-06-24T00:33:24.223844	55.0	-71.5
2026-06-24T00:33:24.223886	56.0	-72.0
2026-06-24T00:33:24.223985	54.0	-72.5
2026-06-24T00:33:24.224019	54.0	-73.5
2026-06-24T00:33:24.224049	53.0	-73.0
2026-06-24T00:33:24.224079	52.0	-74.0
2026-06-24T00:33:24.224108	52.0	-72.5
2026-06-24T00:33:24.224141	55.0	-71.5
2026-06-24T00:33:24.224170	52.0	-72.5
2026-06-24T00:33:24.224200	50.0	-72.0
2026-06-24T00:33:33.405235	50.0	-66.5
2026-06-24T00:33:33.405403	50.0	-67.0
2026-06-24T00:33:33.405484	54.0	-66.5
2026-06-24T00:33:33.405567	52.0	-65.5
2026-06-24T00:33:33.405647	51.0	-66.0
2026-06-24T00:33:33.405722	51.0	-67.0
2026-06-24T00:33:33.405796	44.0	-67.0
2026-06-24T00:33:33.405871	48.0	-67.0
2026-06-24T00:33:33.405945	54.0	-67.0
2026-06-24T00:33:33.406023	53.0	-64.5
2026-06-24T00:33:33.406103	64.0	-65.0
2026-06-24T00:33:42.270537	192.0	-83.5
2026-06-24T00:33:42.270608	151.0	-83.0
2026-06-24T00:33:42.270640	162.0	-83.0
2026-06-24T00:33:42.270669	152.0	-82.5
2026-06-24T00:33:42.270699	167.0	-82.0
2026-06-24T00:33:42.270727	127.0	-82.5
2026-06-24T00:33:42.270756	123.0	-82.5
2026-06-24T00:33:42.270785	177.0	-82.5
2026-06-24T00:33:42.270813	179.0	-82.0
2026-06-24T00:33:42.270842	149.0	-81.0
2026-06-24T00:33:42.270869	173.0	-80.0
2026-06-24T00:33:51.375572	154.0	-82.0
2026-06-24T00:33:51.375634	158.0	-82.0
2026-06-24T00:33:51.375669	156.0	-80.5
2026-06-24T00:33:51.375706	150.0	-82.0
2026-06-24T00:33:51.375736	151.0	-81.5
2026-06-24T00:33:51.375766	149.0	-82.5
2026-06-24T00:33:51.375796	151.0	-83.0
2026-06-24T00:33:51.375825	149.0	-82.5
2026-06-24T00:33:51.375854	155.0	-82.0
2026-06-24T00:33:51.375882	154.0	-81.5
2026-06-24T00:33:51.375984	156.0	-81.5
2026-06-24T00:33:51.376016	153.0	-81.0
2026-06-24T00:34:00.380054	155.0	-81.0
2026-06-24T00:34:00.380117	153.0	-80.5
2026-06-24T00:34:00.380160	160.0	-81.0
2026-06-24T00:34:00.380190	159.0	-80.5
2026-06-24T00:34:00.380223	156.0	-81.5
2026-06-24T00:34:00.380252	150.0	-82.0
2026-06-24T00:34:00.380281	153.0	-82.5
2026-06-24T00:34:00.380310	155.0	-81.5
2026-06-24T00:34:00.380339	150.0	-82.5
2026-06-24T00:34:00.380368	148.0	-79.5
2026-06-24T00:34:00.380398	147.0	-80.0
2026-06-24T00:34:00.380425	153.0	-79.0
2026-06-24T00:34:09.409815	147.0	-79.0
2026-06-24T00:34:09.409879	139.0	-82.0
2026-06-24T00:34:09.409914	187.0	-80.5
2026-06-24T00:34:09.409950	143.0	-78.5
2026-06-24T00:34:09.409981	154.0	-80.0
2026-06-24T00:34:09.410011	145.0	-77.5
2026-06-24T00:34:09.410041	147.0	-78.0
2026-06-24T00:34:09.410069	145.0	-78.5
2026-06-24T00:34:09.410098	151.0	-78.0
2026-06-24T00:34:09.410127	137.0	-79.5
2026-06-24T00:34:09.410156	153.0	-78.5
2026-06-24T00:34:09.410185	164.0	-81.0
2026-06-24T00:34:18.506033	151.0	-79.5
2026-06-24T00:34:18.506103	153.0	-79.0
2026-06-24T00:34:18.506138	158.0	-78.5
2026-06-24T00:34:18.506169	155.0	-77.0
2026-06-24T00:34:18.506198	163.0	-79.0
2026-06-24T00:34:18.506227	147.0	-77.5
2026-06-24T00:34:18.506256	153.0	-78.0
2026-06-24T00:34:18.506285	157.0	-78.0
2026-06-24T00:34:18.506313	152.0	-79.0
2026-06-24T00:34:18.506341	147.0	-77.5
2026-06-24T00:34:18.506369	162.0	-82.0
2026-06-24T00:34:18.506397	164.0	-82.0
2026-06-24T00:34:27.597540	155.0	-82.5
2026-06-24T00:34:27.597609	156.0	-82.0
2026-06-24T00:34:27.597644	159.0	-80.0
2026-06-24T00:34:27.597674	154.0	-81.0
2026-06-24T00:34:27.597704	155.0	-81.0
2026-06-24T00:34:27.597732	158.0	-81.5
2026-06-24T00:34:27.597762	158.0	-81.5
2026-06-24T00:34:27.597791	160.0	-81.0
2026-06-24T00:34:27.597819	165.0	-81.5
2026-06-24T00:34:27.597848	163.0	-81.0
2026-06-24T00:34:27.597876	162.0	-80.5
2026-06-24T00:34:27.597905	162.0	-80.0
2026-06-24T00:34:36.636057	161.0	-80.5
2026-06-24T00:34:36.636127	163.0	-80.5
2026-06-24T00:34:36.636164	159.0	-80.5
2026-06-24T00:34:36.636195	158.0	-82.0
2026-06-24T00:34:36.636226	158.0	-82.0
2026-06-24T00:34:36.636256	160.0	-81.5
2026-06-24T00:34:36.636286	162.0	-80.5
2026-06-24T00:34:36.636316	160.0	-81.0
2026-06-24T00:34:36.636345	164.0	-76.5
2026-06-24T00:34:36.636374	174.0	-78.5
2026-06-24T00:34:36.636403	172.0	-77.5
2026-06-24T00:34:36.636432	170.0	-77.5
2026-06-24T00:34:45.622652	149.0	-75.5
2026-06-24T00:34:45.622722	151.0	-76.0
2026-06-24T00:34:45.622757	147.0	-76.5
2026-06-24T00:34:45.622788	154.0	-76.5
2026-06-24T00:34:45.622818	158.0	-78.5
2026-06-24T00:34:45.622848	156.0	-80.0
2026-06-24T00:34:45.622877	160.0	-79.5
2026-06-24T00:34:45.622906	151.0	-75.0
2026-06-24T00:34:45.622935	146.0	-76.5
2026-06-24T00:34:45.622964	138.0	-74.0
2026-06-24T00:34:45.622992	141.0	-71.0
2026-06-24T00:34:45.623019	138.0	-70.5
2026-06-24T00:34:54.758019	154.0	-75.0
2026-06-24T00:34:54.758081	152.0	-74.5
2026-06-24T00:34:54.758124	154.0	-75.0
2026-06-24T00:34:54.758154	153.0	-75.5
2026-06-24T00:34:54.758184	156.0	-76.0
2026-06-24T00:34:54.758213	152.0	-75.5
2026-06-24T00:34:54.758242	154.0	-76.0
2026-06-24T00:34:54.758269	157.0	-75.5
2026-06-24T00:34:54.758298	151.0	-73.5
2026-06-24T00:34:54.758327	153.0	-75.5
2026-06-24T00:34:54.758356	154.0	-75.5
2026-06-24T00:34:54.758384	154.0	-75.5
2026-06-24T00:35:03.754674	153.0	-76.0
2026-06-24T00:35:03.754738	151.0	-75.5
2026-06-24T00:35:03.754780	151.0	-77.0
2026-06-24T00:35:03.754811	153.0	-75.5
2026-06-24T00:35:03.754841	152.0	-75.5
2026-06-24T00:35:03.754870	151.0	-76.0
2026-06-24T00:35:03.754899	156.0	-75.5
2026-06-24T00:35:03.754928	152.0	-76.5
2026-06-24T00:35:03.754957	157.0	-76.5
2026-06-24T00:35:03.754986	156.0	-76.5
2026-06-24T00:35:03.755016	155.0	-90.0
2026-06-24T00:35:03.755043	153.0	-74.5
2026-06-24T00:35:12.778190	149.0	-75.0
2026-06-24T00:35:12.778255	152.0	-73.5
2026-06-24T00:35:12.778296	157.0	-75.5
2026-06-24T00:35:12.778328	154.0	-75.0
2026-06-24T00:35:12.778357	155.0	-76.0
2026-06-24T00:35:12.778385	158.0	-74.5
2026-06-24T00:35:12.778415	160.0	-77.0
2026-06-24T00:35:12.778443	163.0	-77.5
2026-06-24T00:35:12.778472	158.0	-77.0
2026-06-24T00:35:12.778499	164.0	-77.5
2026-06-24T00:35:12.778527	160.0	-77.0
2026-06-24T00:35:12.778554	158.0	-74.0
2026-06-24T00:35:21.885497	154.0	-74.5
2026-06-24T00:35:21.885565	157.0	-74.0
2026-06-24T00:35:21.885601	155.0	-75.0
2026-06-24T00:35:21.885630	153.0	-76.5
2026-06-24T00:35:21.885660	157.0	-75.5
2026-06-24T00:35:21.885690	153.0	-76.5
2026-06-24T00:35:21.885719	152.0	-76.0
2026-06-24T00:35:21.885747	149.0	-76.0
2026-06-24T00:35:21.885774	150.0	-76.0
2026-06-24T00:35:21.885803	146.0	-76.0
2026-06-24T00:35:21.885831	152.0	-77.0
2026-06-24T00:35:21.885858	155.0	-76.5
2026-06-24T00:35:30.837033	145.0	-71.0
2026-06-24T00:35:30.837098	151.0	-73.5
2026-06-24T00:35:30.837136	155.0	-77.0
2026-06-24T00:35:30.837167	152.0	-75.5
2026-06-24T00:35:30.837201	146.0	-76.0
2026-06-24T00:35:30.837230	142.0	-77.5
2026-06-24T00:35:30.837259	143.0	-76.5
2026-06-24T00:35:30.837288	146.0	-75.5
2026-06-24T00:35:30.837318	145.0	-79.0
2026-06-24T00:35:30.837346	148.0	-75.5
2026-06-24T00:35:39.889120	165.0	-81.5
2026-06-24T00:35:39.889193	161.0	-81.5
2026-06-24T00:35:39.889226	166.0	-81.0
2026-06-24T00:35:39.889257	167.0	-80.5
2026-06-24T00:35:39.889288	159.0	-80.5
2026-06-24T00:35:39.889317	151.0	-80.5
2026-06-24T00:35:39.889347	153.0	-80.0
2026-06-24T00:35:39.889374	157.0	-81.0
2026-06-24T00:35:39.889402	157.0	-80.0
2026-06-24T00:35:39.889429	155.0	-78.0
2026-06-24T00:35:39.889456	155.0	-80.0
2026-06-24T00:35:48.857502	45.0	-62.5
2026-06-24T00:35:48.857570	44.0	-63.0
2026-06-24T00:35:48.857602	42.0	-63.5
2026-06-24T00:35:48.857637	43.0	-65.0
2026-06-24T00:35:48.857666	39.0	-68.5
2026-06-24T00:35:48.857696	45.0	-68.0
2026-06-24T00:35:48.857724	43.0	-69.5
2026-06-24T00:35:48.857753	31.0	-74.0
2026-06-24T00:35:48.857782	27.0	-74.0
2026-06-24T00:35:48.857810	6.0	-74.0
2026-06-24T00:35:48.857837	24.0	-71.5
2026-06-24T00:35:48.857865	32.0	-71.5
2026-06-24T00:35:48.857894	45.0	-68.5
2026-06-24T00:35:57.957760	36.0	-65.0
2026-06-24T00:35:57.957823	40.0	-64.0
2026-06-24T00:35:57.957854	40.0	-62.5
2026-06-24T00:35:57.957895	48.0	-61.0
2026-06-24T00:35:57.957925	44.0	-62.5
2026-06-24T00:35:57.957954	43.0	-61.0
2026-06-24T00:35:57.957983	40.0	-63.5
2026-06-24T00:35:57.958012	45.0	-61.5
2026-06-24T00:35:57.958042	47.0	-62.0
2026-06-24T00:35:57.958070	44.0	-62.5
2026-06-24T00:35:57.958098	42.0	-64.0
2026-06-24T00:35:57.958126	43.0	-64.5
2026-06-24T00:35:57.958154	40.0	-66.0
2026-06-24T00:36:07.040183	40.0	-65.0
2026-06-24T00:36:07.040244	39.0	-65.0
2026-06-24T00:36:07.040280	39.0	-65.0
2026-06-24T00:36:07.040310	42.0	-64.5
2026-06-24T00:36:07.040345	41.0	-64.5
2026-06-24T00:36:07.040376	41.0	-63.5
2026-06-24T00:36:07.040405	40.0	-64.5
2026-06-24T00:36:07.040434	45.0	-64.0
2026-06-24T00:36:07.040462	43.0	-64.5
2026-06-24T00:36:07.040490	40.0	-65.0
2026-06-24T00:36:07.040519	39.0	-66.0
2026-06-24T00:36:07.040546	38.0	-65.5
2026-06-24T00:36:16.063947	42.0	-62.5
2026-06-24T00:36:16.064020	40.0	-63.5
2026-06-24T00:36:16.064056	43.0	-62.0
2026-06-24T00:36:16.064086	43.0	-63.0
2026-06-24T00:36:16.064115	42.0	-63.0
2026-06-24T00:36:16.064143	47.0	-62.5
2026-06-24T00:36:16.064172	45.0	-61.5
2026-06-24T00:36:16.064200	45.0	-63.0
2026-06-24T00:36:16.064228	45.0	-63.5
2026-06-24T00:36:16.064258	45.0	-63.0
2026-06-24T00:36:16.064285	46.0	-62.0
2026-06-24T00:36:16.064312	45.0	-61.5
2026-06-24T00:36:25.166709	41.0	-67.5
2026-06-24T00:36:25.166779	42.0	-65.5
2026-06-24T00:36:25.166816	46.0	-66.0
2026-06-24T00:36:25.166846	43.0	-65.5
2026-06-24T00:36:25.166875	44.0	-66.0
2026-06-24T00:36:25.166903	40.0	-66.5
2026-06-24T00:36:25.166932	39.0	-67.5
2026-06-24T00:36:25.166961	39.0	-67.5
2026-06-24T00:36:25.166989	40.0	-68.0
2026-06-24T00:36:25.167017	41.0	-67.5
2026-06-24T00:36:25.167047	42.0	-69.0
2026-06-24T00:36:25.167074	41.0	-69.0
2026-06-24T00:36:34.233257	14.0	-71.0
2026-06-24T00:36:34.233381	53.0	-70.5
2026-06-24T00:36:34.233480	48.0	-69.5
2026-06-24T00:36:34.233558	49.0	-67.0
2026-06-24T00:36:34.233631	49.0	-67.0
2026-06-24T00:36:34.233702	52.0	-66.5
2026-06-24T00:36:34.233776	53.0	-67.5
2026-06-24T00:36:34.233848	45.0	-69.0
2026-06-24T00:36:34.233918	49.0	-69.5
2026-06-24T00:36:34.233990	37.0	-69.5
2026-06-24T00:36:34.234062	46.0	-68.0
2026-06-24T00:36:34.234130	44.0	-68.0
2026-06-24T00:36:43.172363	155.0	-80.5
2026-06-24T00:36:43.172433	152.0	-79.0
2026-06-24T00:36:43.172468	159.0	-80.0
2026-06-24T00:36:43.172503	158.0	-77.5
2026-06-24T00:36:43.172534	155.0	-80.5
2026-06-24T00:36:43.172563	157.0	-76.5
2026-06-24T00:36:43.172593	156.0	-77.0
2026-06-24T00:36:43.172622	152.0	-79.0
2026-06-24T00:36:43.172649	154.0	-77.5
2026-06-24T00:36:43.172679	151.0	-77.5
2026-06-24T00:36:43.172708	142.0	-78.5
2026-06-24T00:36:52.315442	149.0	-73.5
2026-06-24T00:36:52.315515	148.0	-72.5
2026-06-24T00:36:52.315547	151.0	-73.5
2026-06-24T00:36:52.315578	146.0	-73.5
2026-06-24T00:36:52.315608	147.0	-74.0
2026-06-24T00:36:52.315637	151.0	-73.0
2026-06-24T00:36:52.315665	151.0	-74.0
2026-06-24T00:36:52.315693	144.0	-74.0
2026-06-24T00:36:52.315720	147.0	-74.0
2026-06-24T00:36:52.315747	149.0	-73.5
2026-06-24T00:36:52.315776	147.0	-73.0
2026-06-24T00:37:01.321170	148.0	-72.5
2026-06-24T00:37:01.321240	145.0	-73.0
2026-06-24T00:37:01.321275	149.0	-75.5
2026-06-24T00:37:01.321306	150.0	-74.0
2026-06-24T00:37:01.321336	152.0	-72.5
2026-06-24T00:37:01.321366	152.0	-74.0
2026-06-24T00:37:01.321395	150.0	-73.0
2026-06-24T00:37:01.321422	152.0	-73.0
2026-06-24T00:37:01.321449	148.0	-73.0
2026-06-24T00:37:01.321477	146.0	-72.0
2026-06-24T00:37:01.321504	145.0	-73.0
2026-06-24T00:37:01.321532	149.0	-74.0
2026-06-24T00:37:10.333990	150.0	-74.0
2026-06-24T00:37:10.334124	150.0	-74.5
2026-06-24T00:37:10.334212	148.0	-73.5
2026-06-24T00:37:10.334291	154.0	-73.0
2026-06-24T00:37:10.334364	145.0	-72.5
2026-06-24T00:37:10.334439	152.0	-73.0
2026-06-24T00:37:10.334509	149.0	-73.0
2026-06-24T00:37:10.334579	148.0	-74.5
2026-06-24T00:37:10.334650	147.0	-73.5
2026-06-24T00:37:10.334723	150.0	-72.5
2026-06-24T00:37:10.334794	152.0	-74.5
2026-06-24T00:37:19.348402	149.0	-74.5
2026-06-24T00:37:19.348471	150.0	-73.5
2026-06-24T00:37:19.348507	150.0	-74.0
2026-06-24T00:37:19.348536	149.0	-74.0
2026-06-24T00:37:19.348565	150.0	-73.0
2026-06-24T00:37:19.348593	153.0	-73.5
2026-06-24T00:37:19.348622	149.0	-74.0
2026-06-24T00:37:19.348649	148.0	-75.5
2026-06-24T00:37:19.348677	148.0	-75.0
2026-06-24T00:37:19.348705	147.0	-74.5
2026-06-24T00:37:19.348734	151.0	-75.5
2026-06-24T00:37:19.348763	147.0	-74.0
2026-06-24T00:37:28.461218	150.0	-75.5
2026-06-24T00:37:28.461288	148.0	-74.0
2026-06-24T00:37:28.461324	153.0	-76.5
2026-06-24T00:37:28.461356	145.0	-77.5
2026-06-24T00:37:28.461388	152.0	-75.0
2026-06-24T00:37:28.461417	148.0	-73.0
2026-06-24T00:37:28.461445	151.0	-74.0
2026-06-24T00:37:28.461472	150.0	-75.5
2026-06-24T00:37:28.461501	150.0	-75.0
2026-06-24T00:37:28.461529	151.0	-75.5
2026-06-24T00:37:28.461558	150.0	-74.5
2026-06-24T00:37:28.461586	148.0	-74.0
2026-06-24T00:37:37.517674	147.0	-73.5
2026-06-24T00:37:37.517807	152.0	-72.5
2026-06-24T00:37:37.517898	147.0	-73.5
2026-06-24T00:37:37.517975	151.0	-71.5
2026-06-24T00:37:37.518051	151.0	-72.5
2026-06-24T00:37:37.518123	148.0	-72.5
2026-06-24T00:37:37.518194	149.0	-75.0
2026-06-24T00:37:37.518261	151.0	-75.0
2026-06-24T00:37:37.518331	151.0	-76.5
2026-06-24T00:37:37.518404	150.0	-74.5
2026-06-24T00:37:37.518475	150.0	-76.0
2026-06-24T00:37:37.518543	152.0	-75.5
2026-06-24T00:37:46.482698	164.0	-78.5
2026-06-24T00:37:46.482767	168.0	-77.5
2026-06-24T00:37:46.482805	167.0	-80.0
2026-06-24T00:37:46.482836	171.0	-81.5
2026-06-24T00:37:46.482866	170.0	-82.0
2026-06-24T00:37:46.482896	169.0	-80.5
2026-06-24T00:37:46.482926	172.0	-81.0
2026-06-24T00:37:46.482954	170.0	-80.0
2026-06-24T00:37:46.482981	168.0	-81.0
2026-06-24T00:37:46.483009	173.0	-80.0
2026-06-24T00:37:46.483037	184.0	-78.5
2026-06-24T00:37:46.483066	187.0	-80.0
2026-06-24T00:37:55.562685	204.0	-78.0
2026-06-24T00:37:55.562747	199.0	-78.0
2026-06-24T00:37:55.562782	196.0	-79.0
2026-06-24T00:37:55.562813	193.0	-78.0
2026-06-24T00:37:55.562843	202.0	-77.5
2026-06-24T00:37:55.562878	216.0	-77.5
2026-06-24T00:37:55.562909	191.0	-76.0
2026-06-24T00:37:55.562938	202.0	-80.0
2026-06-24T00:37:55.562967	184.0	-81.0
2026-06-24T00:37:55.562996	188.0	-83.0
2026-06-24T00:37:55.563024	191.0	-82.5
2026-06-24T00:37:55.563053	179.0	-80.0
2026-06-24T00:38:04.645151	173.0	-80.5
2026-06-24T00:38:04.645285	175.0	-81.0
2026-06-24T00:38:04.645373	175.0	-82.0
2026-06-24T00:38:04.645446	176.0	-81.0
2026-06-24T00:38:04.645518	174.0	-82.0
2026-06-24T00:38:04.645591	175.0	-82.0
2026-06-24T00:38:04.645660	174.0	-82.0
2026-06-24T00:38:04.645729	176.0	-81.5
2026-06-24T00:38:04.645803	171.0	-82.0
2026-06-24T00:38:04.645873	174.0	-81.5
2026-06-24T00:38:04.645945	169.0	-81.0
2026-06-24T00:38:04.646015	173.0	-80.5
2026-06-24T00:38:13.618785	178.0	-80.5
2026-06-24T00:38:13.618855	178.0	-79.0
2026-06-24T00:38:13.618890	176.0	-79.0
2026-06-24T00:38:13.618920	173.0	-79.5
2026-06-24T00:38:13.618951	176.0	-80.0
2026-06-24T00:38:13.618980	178.0	-80.5
2026-06-24T00:38:13.619011	177.0	-80.0
2026-06-24T00:38:13.619040	174.0	-80.5
2026-06-24T00:38:13.619069	175.0	-81.0
2026-06-24T00:38:13.619097	181.0	-82.0
2026-06-24T00:38:13.619125	181.0	-81.0
2026-06-24T00:38:13.619152	179.0	-81.0
2026-06-24T00:38:22.613315	170.0	-80.0
2026-06-24T00:38:22.613379	163.0	-80.5
2026-06-24T00:38:22.613420	181.0	-79.5
2026-06-24T00:38:22.613452	182.0	-80.5
2026-06-24T00:38:22.613482	182.0	-80.0
2026-06-24T00:38:22.613510	180.0	-80.0
2026-06-24T00:38:22.613538	182.0	-79.0
2026-06-24T00:38:22.613565	180.0	-80.0
2026-06-24T00:38:22.613593	180.0	-77.5
2026-06-24T00:38:22.613621	184.0	-79.5
2026-06-24T00:38:22.613650	165.0	-79.0
2026-06-24T00:38:22.613678	172.0	-78.5
2026-06-24T00:38:31.747333	181.0	-80.5
2026-06-24T00:38:31.747403	183.0	-79.5
2026-06-24T00:38:31.747439	171.0	-80.0
2026-06-24T00:38:31.747470	174.0	-80.0
2026-06-24T00:38:31.747499	170.0	-79.5
2026-06-24T00:38:31.747529	145.0	-80.5
2026-06-24T00:38:31.747559	160.0	-81.0
2026-06-24T00:38:31.747588	171.0	-81.0
2026-06-24T00:38:31.747616	193.0	-78.5
2026-06-24T00:38:31.747645	183.0	-77.5
2026-06-24T00:38:31.747674	170.0	-80.5
2026-06-24T00:38:31.747701	173.0	-79.5
2026-06-24T00:38:40.707387	155.0	-83.0
2026-06-24T00:38:40.707450	153.0	-82.5
2026-06-24T00:38:40.707491	161.0	-82.0
2026-06-24T00:38:40.707522	176.0	-82.0
2026-06-24T00:38:40.707552	173.0	-82.0
2026-06-24T00:38:40.707581	172.0	-82.0
2026-06-24T00:38:40.707608	174.0	-82.0
2026-06-24T00:38:40.707637	178.0	-82.0
2026-06-24T00:38:40.707663	175.0	-82.0
2026-06-24T00:38:40.707691	173.0	-82.0
2026-06-24T00:38:40.707718	173.0	-82.0
2026-06-24T00:38:40.707745	171.0	-82.5
2026-06-24T00:38:49.772452	101.0	-74.5
2026-06-24T00:38:49.772522	95.0	-76.5
2026-06-24T00:38:49.772557	98.0	-74.0
2026-06-24T00:38:49.772587	89.0	-73.0
2026-06-24T00:38:49.772616	96.0	-70.5
2026-06-24T00:38:49.772645	95.0	-76.0
2026-06-24T00:38:49.772672	74.0	-72.0
2026-06-24T00:38:49.772700	69.0	-77.0
2026-06-24T00:38:49.772727	68.0	-67.0
2026-06-24T00:38:49.772755	57.0	-68.0
2026-06-24T00:38:49.772782	53.0	-67.0
2026-06-24T00:38:49.772808	46.0	-66.5
2026-06-24T00:38:58.884222	46.0	-65.5
2026-06-24T00:38:58.884293	47.0	-66.0
2026-06-24T00:38:58.884328	45.0	-66.0
2026-06-24T00:38:58.884358	46.0	-66.0
2026-06-24T00:38:58.884387	41.0	-65.5
2026-06-24T00:38:58.884416	45.0	-66.5
2026-06-24T00:38:58.884444	44.0	-67.0
2026-06-24T00:38:58.884473	45.0	-66.5
2026-06-24T00:38:58.884502	47.0	-67.0
2026-06-24T00:38:58.884530	47.0	-67.0
2026-06-24T00:38:58.884557	45.0	-67.5
2026-06-24T00:38:58.884585	39.0	-68.5
2026-06-24T00:39:07.824300	46.0	-65.0
2026-06-24T00:39:07.824362	48.0	-65.0
2026-06-24T00:39:07.824397	53.0	-66.0
2026-06-24T00:39:07.824427	46.0	-69.5
2026-06-24T00:39:07.824462	48.0	-70.5
2026-06-24T00:39:07.824492	36.0	-75.0
2026-06-24T00:39:07.824520	45.0	-70.5
2026-06-24T00:39:07.824549	49.0	-65.5
2026-06-24T00:39:07.824579	50.0	-63.0
2026-06-24T00:39:07.824607	52.0	-61.0
2026-06-24T00:39:07.824635	51.0	-61.5
2026-06-24T00:39:07.824663	47.0	-62.5
2026-06-24T00:39:16.906577	50.0	-63.0
2026-06-24T00:39:16.906639	49.0	-63.5
2026-06-24T00:39:16.906680	50.0	-61.5
2026-06-24T00:39:16.906712	48.0	-62.0
2026-06-24T00:39:16.906741	53.0	-60.5
2026-06-24T00:39:16.906770	51.0	-60.0
2026-06-24T00:39:16.906799	51.0	-61.0
2026-06-24T00:39:16.906826	51.0	-59.5
2026-06-24T00:39:16.906855	53.0	-59.0
2026-06-24T00:39:16.906884	52.0	-59.5
2026-06-24T00:39:16.906913	49.0	-61.0
2026-06-24T00:39:16.906940	50.0	-59.0
2026-06-24T00:39:26.005041	56.0	-65.0
2026-06-24T00:39:26.005106	53.0	-64.0
2026-06-24T00:39:26.005137	53.0	-63.0
2026-06-24T00:39:26.005167	51.0	-64.5
2026-06-24T00:39:26.005202	48.0	-64.5
2026-06-24T00:39:26.005232	49.0	-64.5
2026-06-24T00:39:26.005262	53.0	-64.5
2026-06-24T00:39:26.005291	52.0	-65.0
2026-06-24T00:39:26.005319	49.0	-65.5
2026-06-24T00:39:26.005347	47.0	-65.5
2026-06-24T00:39:26.005375	50.0	-65.0
2026-06-24T00:39:35.028953	48.0	-62.5
2026-06-24T00:39:35.029023	46.0	-61.5
2026-06-24T00:39:35.029057	49.0	-65.0
2026-06-24T00:39:35.029086	52.0	-64.5
2026-06-24T00:39:35.029117	52.0	-64.5
2026-06-24T00:39:35.029146	54.0	-62.0
2026-06-24T00:39:35.029175	48.0	-62.5
2026-06-24T00:39:35.029204	54.0	-61.0
2026-06-24T00:39:35.029232	46.0	-62.5
2026-06-24T00:39:35.029261	49.0	-62.5
2026-06-24T00:39:35.029290	48.0	-61.0
2026-06-24T00:39:35.029318	44.0	-64.5
2026-06-24T00:39:44.134897	47.0	-61.5
2026-06-24T00:39:44.135030	50.0	-61.0
2026-06-24T00:39:44.135116	47.0	-62.0
2026-06-24T00:39:44.135191	49.0	-62.5
2026-06-24T00:39:44.135267	46.0	-64.5
2026-06-24T00:39:44.135343	48.0	-65.0
2026-06-24T00:39:44.135414	46.0	-64.5
2026-06-24T00:39:44.135486	54.0	-63.5
2026-06-24T00:39:44.135560	50.0	-63.5
2026-06-24T00:39:44.135631	51.0	-62.0
2026-06-24T00:39:44.135701	53.0	-62.0
2026-06-24T00:39:44.135768	54.0	-63.0
2026-06-24T00:39:53.015627	53.0	-60.5
2026-06-24T00:39:53.015696	53.0	-60.0
2026-06-24T00:39:53.015731	51.0	-59.5
2026-06-24T00:39:53.015762	55.0	-61.0
2026-06-24T00:39:53.015791	53.0	-62.5
2026-06-24T00:39:53.015820	55.0	-61.0
2026-06-24T00:39:53.015848	57.0	-61.5
2026-06-24T00:39:53.015877	52.0	-60.5
2026-06-24T00:39:53.015980	57.0	-59.5
2026-06-24T00:39:53.016013	52.0	-61.5
2026-06-24T00:39:53.016043	53.0	-61.5
2026-06-24T00:39:53.016072	52.0	-61.0
2026-06-24T00:40:02.230023	56.0	-60.5
2026-06-24T00:40:02.230249	59.0	-60.5
2026-06-24T00:40:02.230365	60.0	-65.0
2026-06-24T00:40:02.230451	59.0	-66.0
2026-06-24T00:40:02.230534	61.0	-67.0
2026-06-24T00:40:02.230610	60.0	-68.5
2026-06-24T00:40:02.230689	56.0	-67.0
2026-06-24T00:40:02.230765	54.0	-68.0
2026-06-24T00:40:02.230839	57.0	-69.0
2026-06-24T00:40:02.230915	59.0	-68.5
2026-06-24T00:40:02.230995	55.0	-69.5
2026-06-24T00:40:11.240805	51.0	-66.5
2026-06-24T00:40:11.240876	47.0	-68.5
2026-06-24T00:40:11.240908	45.0	-69.5
2026-06-24T00:40:11.240940	40.0	-76.5
2026-06-24T00:40:11.240970	51.0	-72.0
2026-06-24T00:40:11.240998	61.0	-73.0
2026-06-24T00:40:11.241027	59.0	-69.0
2026-06-24T00:40:11.241054	58.0	-69.0
2026-06-24T00:40:11.241081	42.0	-76.5
2026-06-24T00:40:11.241109	37.0	-73.5
2026-06-24T00:40:11.241138	41.0	-72.0
2026-06-24T00:40:20.190422	54.0	-65.5
2026-06-24T00:40:20.190491	54.0	-66.0
2026-06-24T00:40:20.190525	52.0	-65.5
2026-06-24T00:40:20.190557	49.0	-66.0
2026-06-24T00:40:20.190586	53.0	-65.5
2026-06-24T00:40:20.190614	52.0	-65.5
2026-06-24T00:40:20.190644	54.0	-65.5
2026-06-24T00:40:20.190673	51.0	-66.0
2026-06-24T00:40:20.190701	51.0	-66.0
2026-06-24T00:40:20.190729	51.0	-66.0
2026-06-24T00:40:20.190757	55.0	-65.0
2026-06-24T00:40:20.190785	51.0	-67.0
2026-06-24T00:40:29.344265	54.0	-66.0
2026-06-24T00:40:29.344387	49.0	-66.5
2026-06-24T00:40:29.344484	54.0	-67.0
2026-06-24T00:40:29.344560	50.0	-68.0
2026-06-24T00:40:29.344633	51.0	-69.0
2026-06-24T00:40:29.344705	48.0	-68.5
2026-06-24T00:40:29.344781	49.0	-68.0
2026-06-24T00:40:29.344850	49.0	-70.5
2026-06-24T00:40:29.344924	46.0	-70.0
2026-06-24T00:40:29.344995	49.0	-69.5
2026-06-24T00:40:29.345068	46.0	-69.0
2026-06-24T00:40:29.345138	48.0	-68.0
2026-06-24T00:40:38.228239	154.0	-76.0
2026-06-24T00:40:38.228302	148.0	-76.0
2026-06-24T00:40:38.228337	143.0	-76.5
2026-06-24T00:40:38.228375	149.0	-75.0
2026-06-24T00:40:38.228408	152.0	-76.0
2026-06-24T00:40:38.228437	151.0	-74.5
2026-06-24T00:40:38.228467	149.0	-75.5
2026-06-24T00:40:38.228497	149.0	-76.0
2026-06-24T00:40:38.228525	149.0	-76.0
2026-06-24T00:40:38.228552	152.0	-75.5
2026-06-24T00:40:47.326300	153.0	-77.0
2026-06-24T00:40:47.326363	154.0	-76.0
2026-06-24T00:40:47.326398	154.0	-76.0
2026-06-24T00:40:47.326427	154.0	-76.5
2026-06-24T00:40:47.326467	157.0	-77.5
2026-06-24T00:40:47.326497	153.0	-76.5
2026-06-24T00:40:47.326529	155.0	-77.0
2026-06-24T00:40:47.326556	154.0	-76.5
2026-06-24T00:40:47.326584	153.0	-77.0
2026-06-24T00:40:47.326611	156.0	-76.0
2026-06-24T00:40:56.320879	153.0	-76.0
2026-06-24T00:40:56.320950	155.0	-75.5
2026-06-24T00:40:56.320987	154.0	-79.0
2026-06-24T00:40:56.321017	155.0	-75.5
2026-06-24T00:40:56.321055	154.0	-76.5
2026-06-24T00:40:56.321084	152.0	-77.0
2026-06-24T00:40:56.321113	156.0	-77.0
2026-06-24T00:40:56.321140	155.0	-75.5
2026-06-24T00:40:56.321169	153.0	-77.0
2026-06-24T00:41:05.451267	156.0	-76.0
2026-06-24T00:41:05.451332	156.0	-75.5
2026-06-24T00:41:05.451370	156.0	-76.5
2026-06-24T00:41:05.451401	154.0	-76.0
2026-06-24T00:41:05.451431	155.0	-75.0
2026-06-24T00:41:05.451459	156.0	-76.0
2026-06-24T00:41:05.451487	156.0	-76.0
2026-06-24T00:41:05.451515	156.0	-76.5
2026-06-24T00:41:05.451543	155.0	-75.5
2026-06-24T00:41:05.451572	156.0	-76.0
2026-06-24T00:41:14.457760	149.0	-82.5
2026-06-24T00:41:14.457829	145.0	-81.0
2026-06-24T00:41:14.457864	157.0	-80.0
2026-06-24T00:41:14.457894	152.0	-80.5
2026-06-24T00:41:14.457925	140.0	-83.0
2026-06-24T00:41:14.457954	145.0	-78.5
2026-06-24T00:41:14.457983	153.0	-77.0
2026-06-24T00:41:14.458010	153.0	-75.5
2026-06-24T00:41:14.458039	163.0	-79.0
2026-06-24T00:41:14.458067	145.0	-80.5
2026-06-24T00:41:14.458096	154.0	-80.0
2026-06-24T00:41:14.458125	140.0	-82.5
2026-06-24T00:41:23.434781	159.0	-74.5
2026-06-24T00:41:23.434854	156.0	-76.5
2026-06-24T00:41:23.434888	158.0	-75.5
2026-06-24T00:41:23.434919	155.0	-76.5
2026-06-24T00:41:23.434949	155.0	-77.5
2026-06-24T00:41:23.434979	156.0	-76.0
2026-06-24T00:41:23.435008	154.0	-78.0
2026-06-24T00:41:23.435036	158.0	-81.5
2026-06-24T00:41:23.435064	151.0	-76.5
2026-06-24T00:41:23.435092	140.0	-75.0
2026-06-24T00:41:23.435121	132.0	-78.5
2026-06-24T00:41:32.489638	48.0	-63.0
2026-06-24T00:41:32.489699	46.0	-63.0
2026-06-24T00:41:32.489735	42.0	-62.5
2026-06-24T00:41:32.489770	46.0	-64.0
2026-06-24T00:41:32.489800	43.0	-63.5
2026-06-24T00:41:32.489830	46.0	-64.5
2026-06-24T00:41:32.489860	44.0	-64.0
2026-06-24T00:41:32.489888	46.0	-64.0
2026-06-24T00:41:32.489915	44.0	-64.5
2026-06-24T00:41:32.489944	44.0	-63.5
2026-06-24T00:41:32.489973	40.0	-64.0
2026-06-24T00:41:32.490001	39.0	-62.5
2026-06-24T00:41:41.498587	44.0	-65.0
2026-06-24T00:41:41.498651	43.0	-64.5
2026-06-24T00:41:41.498689	42.0	-64.5
2026-06-24T00:41:41.498724	45.0	-64.5
2026-06-24T00:41:41.498754	42.0	-64.5
2026-06-24T00:41:41.498783	43.0	-65.0
2026-06-24T00:41:41.498811	42.0	-64.5
2026-06-24T00:41:41.498841	43.0	-65.0
2026-06-24T00:41:41.498868	42.0	-64.5
2026-06-24T00:41:41.498897	43.0	-65.0
2026-06-24T00:41:41.498923	44.0	-64.5
2026-06-24T00:41:41.498952	45.0	-65.5
2026-06-24T00:41:41.498980	40.0	-64.5
2026-06-24T00:41:50.642646	51.0	-63.5
2026-06-24T00:41:50.642779	46.0	-63.5
2026-06-24T00:41:50.642867	46.0	-63.5
2026-06-24T00:41:50.642943	45.0	-64.0
2026-06-24T00:41:50.643013	45.0	-63.5
2026-06-24T00:41:50.643086	45.0	-64.5
2026-06-24T00:41:50.643160	49.0	-64.5
2026-06-24T00:41:50.643232	48.0	-64.5
2026-06-24T00:41:50.643303	47.0	-64.5
2026-06-24T00:41:50.643375	48.0	-64.5
2026-06-24T00:41:50.643446	45.0	-64.0
2026-06-24T00:41:50.643513	44.0	-65.0
2026-06-24T00:41:59.606612	49.0	-64.0
2026-06-24T00:41:59.606679	48.0	-63.0
2026-06-24T00:41:59.606710	48.0	-64.0
2026-06-24T00:41:59.606740	46.0	-64.5
2026-06-24T00:41:59.606776	46.0	-65.0
2026-06-24T00:41:59.606805	44.0	-66.5
2026-06-24T00:41:59.606836	51.0	-64.5
2026-06-24T00:41:59.606865	52.0	-61.0
2026-06-24T00:41:59.606892	54.0	-61.0
2026-06-24T00:41:59.606920	50.0	-61.0
2026-06-24T00:41:59.606947	48.0	-62.5
2026-06-24T00:42:08.703146	47.0	-64.0
2026-06-24T00:42:08.703237	45.0	-64.0
2026-06-24T00:42:08.703295	48.0	-64.0
2026-06-24T00:42:08.703344	45.0	-63.5
2026-06-24T00:42:08.703401	48.0	-64.5
2026-06-24T00:42:08.703451	48.0	-64.0
2026-06-24T00:42:08.703500	46.0	-63.5
2026-06-24T00:42:08.703548	46.0	-66.0
2026-06-24T00:42:08.703595	46.0	-64.5
2026-06-24T00:42:08.703644	48.0	-64.5
2026-06-24T00:42:08.703692	49.0	-64.0
2026-06-24T00:42:08.703738	46.0	-64.5
2026-06-24T00:42:17.730997	46.0	-64.5
2026-06-24T00:42:17.731067	48.0	-64.5
2026-06-24T00:42:17.731103	45.0	-63.0
2026-06-24T00:42:17.731133	46.0	-63.0
2026-06-24T00:42:17.731162	48.0	-64.0
2026-06-24T00:42:17.731190	45.0	-64.0
2026-06-24T00:42:17.731219	48.0	-64.0
2026-06-24T00:42:17.731247	46.0	-64.5
2026-06-24T00:42:17.731276	46.0	-64.0
2026-06-24T00:42:17.731304	49.0	-63.5
2026-06-24T00:42:17.731332	46.0	-64.0
2026-06-24T00:42:17.731359	48.0	-64.0
2026-06-24T00:42:26.855040	47.0	-62.0
2026-06-24T00:42:26.855114	43.0	-62.0
2026-06-24T00:42:26.855156	44.0	-63.0
2026-06-24T00:42:26.855188	47.0	-63.0
2026-06-24T00:42:26.855219	46.0	-63.5
2026-06-24T00:42:26.855259	46.0	-63.5
2026-06-24T00:42:26.855293	45.0	-62.0
2026-06-24T00:42:26.855324	47.0	-62.5
2026-06-24T00:42:26.855356	42.0	-64.0
2026-06-24T00:42:26.855387	43.0	-63.0
2026-06-24T00:42:26.855417	49.0	-62.0
2026-06-24T00:42:26.855448	42.0	-63.0
2026-06-24T00:42:35.869397	66.0	-78.5
2026-06-24T00:42:35.869466	109.0	-73.5
2026-06-24T00:42:35.869503	102.0	-69.5
2026-06-24T00:42:35.869535	113.0	-68.5
2026-06-24T00:42:35.869565	117.0	-71.5
2026-06-24T00:42:35.869595	121.0	-79.0
2026-06-24T00:42:35.869624	126.0	-70.0
2026-06-24T00:42:35.869653	143.0	-73.0
2026-06-24T00:42:35.869681	141.0	-72.5
2026-06-24T00:42:35.869710	147.0	-72.0
2026-06-24T00:42:35.869739	144.0	-74.0
2026-06-24T00:42:35.869766	149.0	-74.0
2026-06-24T00:42:44.863546	150.0	-74.0
2026-06-24T00:42:44.863609	152.0	-73.5
2026-06-24T00:42:44.863651	148.0	-74.5
2026-06-24T00:42:44.863682	153.0	-73.5
2026-06-24T00:42:44.863712	151.0	-73.5
2026-06-24T00:42:44.863742	147.0	-73.5
2026-06-24T00:42:44.863771	154.0	-73.5
2026-06-24T00:42:44.863801	154.0	-74.0
2026-06-24T00:42:44.863829	152.0	-74.0
2026-06-24T00:42:44.863857	148.0	-73.5
2026-06-24T00:42:44.863885	145.0	-72.5
2026-06-24T00:42:44.863983	145.0	-71.0
2026-06-24T00:42:53.894342	150.0	-74.0
2026-06-24T00:42:53.894405	150.0	-74.5
2026-06-24T00:42:53.894447	151.0	-76.0
2026-06-24T00:42:53.894477	149.0	-74.5
2026-06-24T00:42:53.894507	152.0	-74.0
2026-06-24T00:42:53.894536	151.0	-74.0
2026-06-24T00:42:53.894564	149.0	-73.0
2026-06-24T00:42:53.894592	145.0	-72.5
2026-06-24T00:42:53.894620	147.0	-72.0
2026-06-24T00:42:53.894648	146.0	-72.5
2026-06-24T00:42:53.894676	146.0	-72.0
2026-06-24T00:42:53.894703	144.0	-71.5
2026-06-24T00:43:02.992320	149.0	-73.5
2026-06-24T00:43:02.992389	151.0	-72.0
2026-06-24T00:43:02.992424	145.0	-72.0
2026-06-24T00:43:02.992454	145.0	-72.0
2026-06-24T00:43:02.992484	146.0	-72.5
2026-06-24T00:43:02.992514	147.0	-71.5
2026-06-24T00:43:02.992543	143.0	-73.0
2026-06-24T00:43:02.992572	147.0	-72.5
2026-06-24T00:43:02.992602	143.0	-72.0
2026-06-24T00:43:02.992631	148.0	-72.0
2026-06-24T00:43:02.992658	153.0	-75.0
2026-06-24T00:43:02.992685	154.0	-73.5
2026-06-24T00:43:11.953328	148.0	-71.5
2026-06-24T00:43:11.953397	146.0	-71.5
2026-06-24T00:43:11.953434	146.0	-71.0
2026-06-24T00:43:11.953464	144.0	-73.5
2026-06-24T00:43:11.953495	147.0	-72.5
2026-06-24T00:43:11.953525	148.0	-72.0
2026-06-24T00:43:11.953552	148.0	-72.5
2026-06-24T00:43:11.953581	148.0	-73.5
2026-06-24T00:43:11.953610	152.0	-74.0
2026-06-24T00:43:11.953638	154.0	-73.5
2026-06-24T00:43:11.953666	152.0	-75.0
2026-06-24T00:43:11.953693	151.0	-78.0
2026-06-24T00:43:21.122700	160.0	-80.0
2026-06-24T00:43:21.122764	156.0	-76.5
2026-06-24T00:43:21.122802	154.0	-78.5
2026-06-24T00:43:21.122833	154.0	-80.5
2026-06-24T00:43:21.122864	155.0	-77.5
2026-06-24T00:43:21.122893	153.0	-75.5
2026-06-24T00:43:21.122922	155.0	-74.0
2026-06-24T00:43:21.122950	153.0	-75.0
2026-06-24T00:43:21.122977	154.0	-75.0
2026-06-24T00:43:21.123005	153.0	-76.5
2026-06-24T00:43:21.123033	152.0	-77.0
2026-06-24T00:43:30.142761	151.0	-74.0
2026-06-24T00:43:30.142826	143.0	-69.5
2026-06-24T00:43:30.142867	141.0	-70.5
2026-06-24T00:43:30.142898	137.0	-71.0
2026-06-24T00:43:30.142928	139.0	-70.0
2026-06-24T00:43:30.142956	139.0	-70.5
2026-06-24T00:43:30.142985	145.0	-70.5
2026-06-24T00:43:30.143014	143.0	-70.5
2026-06-24T00:43:30.143043	143.0	-70.5
2026-06-24T00:43:30.143072	144.0	-72.0
2026-06-24T00:43:30.143100	149.0	-71.5
2026-06-24T00:43:30.143128	149.0	-73.0
2026-06-24T00:43:39.138732	151.0	-82.0
2026-06-24T00:43:39.138795	150.0	-81.0
2026-06-24T00:43:39.138832	151.0	-82.0
2026-06-24T00:43:39.138863	148.0	-82.0
2026-06-24T00:43:39.138892	149.0	-81.5
2026-06-24T00:43:39.138928	149.0	-82.0
2026-06-24T00:43:39.138956	145.0	-82.5
2026-06-24T00:43:39.138985	145.0	-82.5
2026-06-24T00:43:39.139015	144.0	-83.0
2026-06-24T00:43:39.139044	148.0	-83.0
2026-06-24T00:43:39.139071	144.0	-82.5
2026-06-24T00:43:39.139099	148.0	-83.0
2026-06-24T00:43:48.104995	149.0	-81.5
2026-06-24T00:43:48.105064	145.0	-81.5
2026-06-24T00:43:48.105101	147.0	-81.5
2026-06-24T00:43:48.105133	147.0	-81.5
2026-06-24T00:43:48.105163	148.0	-82.0
2026-06-24T00:43:48.105192	146.0	-82.0
2026-06-24T00:43:48.105220	146.0	-82.0
2026-06-24T00:43:48.105248	145.0	-82.0
2026-06-24T00:43:48.105276	151.0	-82.0
2026-06-24T00:43:48.105305	152.0	-82.0
2026-06-24T00:43:48.105333	149.0	-81.5
2026-06-24T00:43:48.105361	148.0	-82.0
2026-06-24T00:43:57.212827	150.0	-81.5
2026-06-24T00:43:57.212962	155.0	-81.0
2026-06-24T00:43:57.213039	155.0	-81.5
2026-06-24T00:43:57.213117	153.0	-81.5
2026-06-24T00:43:57.213202	153.0	-82.0
2026-06-24T00:43:57.213274	149.0	-82.5
2026-06-24T00:43:57.213347	157.0	-82.0
2026-06-24T00:43:57.213415	149.0	-82.0
2026-06-24T00:43:57.213487	151.0	-82.0
2026-06-24T00:43:57.213555	154.0	-82.5
2026-06-24T00:43:57.213625	155.0	-82.5
2026-06-24T00:43:57.213694	150.0	-82.0
2026-06-24T00:43:57.213765	153.0	-82.5
2026-06-24T00:44:06.281611	146.0	-81.5
2026-06-24T00:44:06.281681	142.0	-79.5
2026-06-24T00:44:06.281718	143.0	-80.5
2026-06-24T00:44:06.281749	135.0	-79.5
2026-06-24T00:44:06.281778	142.0	-81.5
2026-06-24T00:44:06.281808	146.0	-80.0
2026-06-24T00:44:06.281836	149.0	-81.5
2026-06-24T00:44:06.281865	146.0	-80.5
2026-06-24T00:44:06.281894	153.0	-80.5
2026-06-24T00:44:06.281924	147.0	-81.5
2026-06-24T00:44:06.281952	146.0	-81.0
2026-06-24T00:44:06.281980	148.0	-81.0
2026-06-24T00:44:15.232553	160.0	-82.5
2026-06-24T00:44:15.232622	156.0	-82.0
2026-06-24T00:44:15.232657	152.0	-82.0
2026-06-24T00:44:15.232688	147.0	-82.5
2026-06-24T00:44:15.232719	152.0	-82.0
2026-06-24T00:44:15.232748	152.0	-80.5
2026-06-24T00:44:15.232778	153.0	-82.0
2026-06-24T00:44:15.232807	152.0	-82.5
2026-06-24T00:44:15.232836	148.0	-82.5
2026-06-24T00:44:15.232866	155.0	-82.5
2026-06-24T00:44:15.232896	155.0	-83.0
2026-06-24T00:44:15.232924	152.0	-83.0
2026-06-24T00:44:24.285933	141.0	-78.0
2026-06-24T00:44:24.285995	136.0	-76.5
2026-06-24T00:44:24.286037	140.0	-77.0
2026-06-24T00:44:24.286068	138.0	-77.0
2026-06-24T00:44:24.286099	141.0	-78.0
2026-06-24T00:44:24.286128	140.0	-77.5
2026-06-24T00:44:24.286159	141.0	-77.5
2026-06-24T00:44:24.286188	129.0	-77.5
2026-06-24T00:44:24.286218	138.0	-78.0
2026-06-24T00:44:24.286247	136.0	-77.5
2026-06-24T00:44:24.286276	158.0	-76.5
2026-06-24T00:44:24.286305	161.0	-79.5
2026-06-24T00:44:33.404364	146.0	-82.0
2026-06-24T00:44:33.404426	147.0	-81.5
2026-06-24T00:44:33.404467	147.0	-80.0
2026-06-24T00:44:33.404497	142.0	-79.5
2026-06-24T00:44:33.404527	149.0	-81.0
2026-06-24T00:44:33.404556	145.0	-81.0
2026-06-24T00:44:33.404585	147.0	-81.0
2026-06-24T00:44:33.404612	148.0	-80.5
2026-06-24T00:44:33.404641	149.0	-81.5
2026-06-24T00:44:33.404669	144.0	-80.5
2026-06-24T00:44:33.404698	147.0	-81.5
2026-06-24T00:44:33.404726	147.0	-81.0
2026-06-24T00:44:42.356257	153.0	-83.5
2026-06-24T00:44:42.356327	153.0	-80.5
2026-06-24T00:44:42.356363	152.0	-82.0
2026-06-24T00:44:42.356394	151.0	-82.0
2026-06-24T00:44:42.356422	156.0	-82.0
2026-06-24T00:44:42.356451	152.0	-81.5
2026-06-24T00:44:42.356480	150.0	-82.0
2026-06-24T00:44:42.356509	152.0	-82.5
2026-06-24T00:44:42.356537	154.0	-82.0
2026-06-24T00:44:42.356565	151.0	-82.5
2026-06-24T00:44:42.356594	153.0	-81.5
2026-06-24T00:44:42.356622	153.0	-82.0
2026-06-24T00:44:51.562848	150.0	-82.5
2026-06-24T00:44:51.562992	150.0	-83.0
2026-06-24T00:44:51.563070	151.0	-82.5
2026-06-24T00:44:51.563147	146.0	-83.0
2026-06-24T00:44:51.563220	149.0	-83.0
2026-06-24T00:44:51.563292	150.0	-83.0
2026-06-24T00:44:51.563363	145.0	-83.0
2026-06-24T00:44:51.563432	146.0	-83.0
2026-06-24T00:44:51.563501	145.0	-82.5
2026-06-24T00:44:51.563572	144.0	-83.0
2026-06-24T00:44:51.563642	142.0	-83.0
2026-06-24T00:45:00.454998	36.0	-72.0
2026-06-24T00:45:00.455061	54.0	-69.0
2026-06-24T00:45:00.455096	38.0	-68.5
2026-06-24T00:45:00.455133	47.0	-66.5
2026-06-24T00:45:00.455164	50.0	-62.5
2026-06-24T00:45:00.455194	56.0	-60.0
2026-06-24T00:45:00.455222	52.0	-64.5
2026-06-24T00:45:00.455251	51.0	-66.5
2026-06-24T00:45:00.455280	35.0	-71.5
2026-06-24T00:45:00.455309	45.0	-68.0
2026-06-24T00:45:00.455336	48.0	-66.0
2026-06-24T00:45:00.455364	43.0	-67.5
2026-06-24T00:45:09.565073	47.0	-60.5
2026-06-24T00:45:09.565143	44.0	-62.0
2026-06-24T00:45:09.565177	46.0	-60.5
2026-06-24T00:45:09.565208	46.0	-61.5
2026-06-24T00:45:09.565238	49.0	-61.5
2026-06-24T00:45:09.565268	46.0	-61.0
2026-06-24T00:45:09.565297	48.0	-60.5
2026-06-24T00:45:09.565325	49.0	-61.0
2026-06-24T00:45:09.565353	43.0	-62.5
2026-06-24T00:45:09.565382	48.0	-61.0
2026-06-24T00:45:09.565410	47.0	-61.0
2026-06-24T00:45:09.565437	45.0	-61.0
2026-06-24T00:45:18.565076	45.0	-62.0
2026-06-24T00:45:18.565138	45.0	-65.0
2026-06-24T00:45:18.565173	45.0	-64.5
2026-06-24T00:45:18.565210	51.0	-62.0
2026-06-24T00:45:18.565239	42.0	-62.5
2026-06-24T00:45:18.565269	45.0	-62.5
2026-06-24T00:45:18.565299	47.0	-62.5
2026-06-24T00:45:18.565328	46.0	-63.0
2026-06-24T00:45:18.565356	49.0	-62.0
2026-06-24T00:45:18.565384	47.0	-62.0
2026-06-24T00:45:18.565411	49.0	-60.5
2026-06-24T00:45:18.565439	40.0	-63.5
2026-06-24T00:45:27.597366	46.0	-60.0
2026-06-24T00:45:27.597429	41.0	-62.0
2026-06-24T00:45:27.597463	47.0	-60.5
2026-06-24T00:45:27.597500	46.0	-59.5
2026-06-24T00:45:27.597531	50.0	-61.0
2026-06-24T00:45:27.597560	46.0	-60.0
2026-06-24T00:45:27.597588	46.0	-60.5
2026-06-24T00:45:27.597617	42.0	-61.5
2026-06-24T00:45:27.597646	42.0	-61.5
2026-06-24T00:45:27.597674	42.0	-62.5
2026-06-24T00:45:27.597703	44.0	-62.0
2026-06-24T00:45:27.597730	47.0	-62.0
2026-06-24T00:45:36.587522	47.0	-62.0
2026-06-24T00:45:36.587585	43.0	-63.0
2026-06-24T00:45:36.587620	43.0	-60.5
2026-06-24T00:45:36.587656	45.0	-61.5
2026-06-24T00:45:36.587687	46.0	-60.5
2026-06-24T00:45:36.587716	45.0	-61.0
2026-06-24T00:45:36.587744	42.0	-61.5
2026-06-24T00:45:36.587773	43.0	-60.5
2026-06-24T00:45:36.587801	43.0	-60.0
2026-06-24T00:45:36.587828	47.0	-61.0
2026-06-24T00:45:36.587855	44.0	-61.5
2026-06-24T00:45:36.587882	47.0	-60.0
2026-06-24T00:45:45.719733	44.0	-60.0
2026-06-24T00:45:45.719796	43.0	-61.0
2026-06-24T00:45:45.719831	41.0	-60.5
2026-06-24T00:45:45.719869	48.0	-61.5
2026-06-24T00:45:45.719899	43.0	-62.5
2026-06-24T00:45:45.719978	40.0	-62.0
2026-06-24T00:45:45.720007	46.0	-61.0
2026-06-24T00:45:45.720035	47.0	-61.5
2026-06-24T00:45:45.720064	42.0	-61.5
2026-06-24T00:45:45.720092	46.0	-61.5
2026-06-24T00:45:45.720121	43.0	-62.5
2026-06-24T00:45:45.720149	45.0	-61.5
2026-06-24T00:45:54.664459	47.0	-60.0
2026-06-24T00:45:54.664525	45.0	-60.0
2026-06-24T00:45:54.664557	44.0	-60.0
2026-06-24T00:45:54.664587	46.0	-60.5
2026-06-24T00:45:54.664623	41.0	-60.0
2026-06-24T00:45:54.664652	46.0	-59.5
2026-06-24T00:45:54.664682	42.0	-60.0
2026-06-24T00:45:54.664709	45.0	-60.0
2026-06-24T00:45:54.664736	41.0	-60.5
2026-06-24T00:45:54.664765	46.0	-60.0
2026-06-24T00:45:54.664792	45.0	-59.5
2026-06-24T00:46:03.688087	146.0	-75.0
2026-06-24T00:46:03.688150	146.0	-75.0
2026-06-24T00:46:03.688185	148.0	-73.5
2026-06-24T00:46:03.688222	149.0	-75.0
2026-06-24T00:46:03.688251	145.0	-75.0
2026-06-24T00:46:03.688279	146.0	-76.0
2026-06-24T00:46:03.688307	153.0	-76.0
2026-06-24T00:46:03.688334	147.0	-75.5
2026-06-24T00:46:03.688363	149.0	-74.5
2026-06-24T00:46:03.688392	148.0	-75.0
2026-06-24T00:46:03.688419	152.0	-75.5
2026-06-24T00:46:03.688447	152.0	-76.0
2026-06-24T00:46:12.734036	148.0	-72.5
2026-06-24T00:46:12.734105	148.0	-73.0
2026-06-24T00:46:12.734139	144.0	-74.5
2026-06-24T00:46:12.734170	143.0	-76.0
2026-06-24T00:46:12.734199	142.0	-76.0
2026-06-24T00:46:12.734227	145.0	-75.5
2026-06-24T00:46:12.734257	143.0	-76.0
2026-06-24T00:46:12.734285	145.0	-76.0
2026-06-24T00:46:12.734312	144.0	-73.5
2026-06-24T00:46:12.734341	142.0	-74.5
2026-06-24T00:46:12.734369	146.0	-73.5
2026-06-24T00:46:12.734398	146.0	-74.0
2026-06-24T00:46:21.845113	150.0	-76.0
2026-06-24T00:46:21.845176	150.0	-75.0
2026-06-24T00:46:21.845210	151.0	-74.0
2026-06-24T00:46:21.845243	149.0	-77.0
2026-06-24T00:46:21.845272	149.0	-75.5
2026-06-24T00:46:21.845307	149.0	-74.0
2026-06-24T00:46:21.845335	150.0	-74.0
2026-06-24T00:46:21.845363	148.0	-75.0
2026-06-24T00:46:21.845391	146.0	-74.0
2026-06-24T00:46:21.845419	150.0	-74.5
2026-06-24T00:46:21.845448	147.0	-74.5
2026-06-24T00:46:30.878795	151.0	-72.5
2026-06-24T00:46:30.878864	154.0	-72.0
2026-06-24T00:46:30.878899	154.0	-71.0
2026-06-24T00:46:30.878929	152.0	-71.0
2026-06-24T00:46:30.878959	154.0	-71.0
2026-06-24T00:46:30.878987	151.0	-71.5
2026-06-24T00:46:30.879017	151.0	-74.0
2026-06-24T00:46:30.879046	153.0	-74.5
2026-06-24T00:46:30.879074	149.0	-74.5
2026-06-24T00:46:30.879103	151.0	-73.5
2026-06-24T00:46:30.879132	154.0	-72.5
2026-06-24T00:46:30.879160	151.0	-74.0
2026-06-24T00:46:39.831308	150.0	-72.5
2026-06-24T00:46:39.831381	145.0	-71.5
2026-06-24T00:46:39.831413	149.0	-71.5
2026-06-24T00:46:39.831445	147.0	-71.5
2026-06-24T00:46:39.831475	146.0	-72.5
2026-06-24T00:46:39.831504	146.0	-71.0
2026-06-24T00:46:39.831533	145.0	-72.0
2026-06-24T00:46:39.831560	146.0	-71.0
2026-06-24T00:46:39.831588	143.0	-71.0
2026-06-24T00:46:39.831616	147.0	-71.0
2026-06-24T00:46:39.831643	143.0	-70.5
2026-06-24T00:46:48.899777	145.0	-71.5
2026-06-24T00:46:48.899974	145.0	-71.0
2026-06-24T00:46:48.900063	142.0	-72.5
2026-06-24T00:46:48.900141	144.0	-72.0
2026-06-24T00:46:48.900213	145.0	-71.5
2026-06-24T00:46:48.900286	144.0	-72.0
2026-06-24T00:46:48.900356	147.0	-71.5
2026-06-24T00:46:48.900428	145.0	-71.0
2026-06-24T00:46:48.900498	146.0	-71.0
2026-06-24T00:46:48.900566	147.0	-71.0
2026-06-24T00:46:48.900632	147.0	-71.5
2026-06-24T00:46:48.900701	144.0	-71.5
2026-06-24T00:46:58.016510	141.0	-71.0
2026-06-24T00:46:58.016573	144.0	-72.0
2026-06-24T00:46:58.016608	146.0	-71.0
2026-06-24T00:46:58.016638	145.0	-71.5
2026-06-24T00:46:58.016673	142.0	-71.0
2026-06-24T00:46:58.016702	147.0	-71.5
2026-06-24T00:46:58.016732	147.0	-73.0
2026-06-24T00:46:58.016760	148.0	-71.0
2026-06-24T00:46:58.016789	144.0	-71.5
2026-06-24T00:46:58.016818	144.0	-71.5
2026-06-24T00:46:58.016847	148.0	-71.5
2026-06-24T00:46:58.016876	145.0	-72.0
2026-06-24T00:47:06.997835	144.0	-70.5
2026-06-24T00:47:06.997905	141.0	-70.5
2026-06-24T00:47:06.997941	155.0	-75.0
2026-06-24T00:47:06.997972	142.0	-71.0
2026-06-24T00:47:06.998002	137.0	-73.0
2026-06-24T00:47:06.998030	135.0	-70.0
2026-06-24T00:47:06.998059	139.0	-73.5
2026-06-24T00:47:06.998088	139.0	-73.5
2026-06-24T00:47:06.998117	138.0	-74.5
2026-06-24T00:47:06.998145	139.0	-73.0
2026-06-24T00:47:06.998172	138.0	-71.5
2026-06-24T00:47:06.998200	136.0	-71.0
2026-06-24T00:47:16.090989	158.0	-82.5
2026-06-24T00:47:16.091125	149.0	-82.0
2026-06-24T00:47:16.091214	149.0	-80.0
2026-06-24T00:47:16.091290	150.0	-80.0
2026-06-24T00:47:16.091363	147.0	-79.5
2026-06-24T00:47:16.091436	145.0	-77.5
2026-06-24T00:47:16.091511	144.0	-79.0
2026-06-24T00:47:16.091580	154.0	-78.5
2026-06-24T00:47:16.091652	145.0	-77.5
2026-06-24T00:47:16.091723	148.0	-78.0
2026-06-24T00:47:16.091793	146.0	-79.5
2026-06-24T00:47:16.091864	148.0	-77.0
2026-06-24T00:47:25.040280	156.0	-83.0
2026-06-24T00:47:25.040346	158.0	-81.5
2026-06-24T00:47:25.040384	158.0	-81.5
2026-06-24T00:47:25.040416	156.0	-82.0
2026-06-24T00:47:25.040446	152.0	-83.0
2026-06-24T00:47:25.040475	159.0	-82.5
2026-06-24T00:47:25.040505	160.0	-82.0
2026-06-24T00:47:25.040533	156.0	-82.5
2026-06-24T00:47:25.040561	156.0	-82.0
2026-06-24T00:47:25.040589	148.0	-83.0
2026-06-24T00:47:25.040617	166.0	-82.5
2026-06-24T00:47:34.162620	159.0	-82.0
2026-06-24T00:47:34.162683	159.0	-82.0
2026-06-24T00:47:34.162718	160.0	-82.5
2026-06-24T00:47:34.162755	157.0	-81.5
2026-06-24T00:47:34.162786	156.0	-82.0
2026-06-24T00:47:34.162816	159.0	-81.5
2026-06-24T00:47:34.162845	156.0	-82.0
2026-06-24T00:47:34.162873	156.0	-82.0
2026-06-24T00:47:34.162901	160.0	-82.5
2026-06-24T00:47:34.162931	161.0	-83.0
2026-06-24T00:47:34.162959	159.0	-82.5
2026-06-24T00:47:34.162988	163.0	-82.0
2026-06-24T00:47:43.104755	158.0	-81.0
2026-06-24T00:47:43.104820	148.0	-81.0
2026-06-24T00:47:43.104852	160.0	-82.0
2026-06-24T00:47:43.104882	167.0	-82.0
2026-06-24T00:47:43.104912	163.0	-82.5
2026-06-24T00:47:43.104947	156.0	-83.0
2026-06-24T00:47:43.104976	159.0	-82.5
2026-06-24T00:47:43.105005	158.0	-82.5
2026-06-24T00:47:43.105035	159.0	-82.5
2026-06-24T00:47:43.105064	160.0	-82.5
2026-06-24T00:47:43.105094	159.0	-82.0
2026-06-24T00:47:52.180922	156.0	-83.0
2026-06-24T00:47:52.180985	156.0	-82.5
2026-06-24T00:47:52.181026	158.0	-82.0
2026-06-24T00:47:52.181057	157.0	-82.5
2026-06-24T00:47:52.181087	157.0	-83.0
2026-06-24T00:47:52.181117	160.0	-82.5
2026-06-24T00:47:52.181146	157.0	-82.5
2026-06-24T00:47:52.181175	155.0	-82.5
2026-06-24T00:47:52.181205	157.0	-82.5
2026-06-24T00:47:52.181234	159.0	-82.5
2026-06-24T00:47:52.181262	155.0	-82.5
2026-06-24T00:47:52.181291	156.0	-83.0
2026-06-24T00:48:01.233754	165.0	-79.5
2026-06-24T00:48:01.233888	157.0	-82.0
2026-06-24T00:48:01.234014	161.0	-81.0
2026-06-24T00:48:01.234092	167.0	-82.0
2026-06-24T00:48:01.234164	166.0	-81.5
2026-06-24T00:48:01.234237	160.0	-81.0
2026-06-24T00:48:01.234307	161.0	-79.0
2026-06-24T00:48:01.234374	163.0	-81.0
2026-06-24T00:48:01.234443	164.0	-81.0
2026-06-24T00:48:01.234511	162.0	-80.0
2026-06-24T00:48:01.234581	164.0	-81.5
2026-06-24T00:48:01.234652	164.0	-80.5
2026-06-24T00:48:10.290094	162.0	-81.5
2026-06-24T00:48:10.290164	165.0	-81.5
2026-06-24T00:48:10.290200	161.0	-81.0
2026-06-24T00:48:10.290230	162.0	-81.5
2026-06-24T00:48:10.290261	164.0	-81.5
2026-06-24T00:48:10.290290	161.0	-81.5
2026-06-24T00:48:10.290319	163.0	-81.0
2026-06-24T00:48:10.290347	164.0	-81.0
2026-06-24T00:48:10.290375	163.0	-81.5
2026-06-24T00:48:10.290404	165.0	-80.0
2026-06-24T00:48:10.290432	165.0	-80.5
2026-06-24T00:48:10.290460	159.0	-81.0
2026-06-24T00:48:19.322242	161.0	-82.0
2026-06-24T00:48:19.322304	164.0	-81.5
2026-06-24T00:48:19.322346	161.0	-82.0
2026-06-24T00:48:19.322377	160.0	-82.0
2026-06-24T00:48:19.322406	161.0	-82.5
2026-06-24T00:48:19.322437	163.0	-82.5
2026-06-24T00:48:19.322466	166.0	-82.0
2026-06-24T00:48:19.322494	159.0	-82.0
2026-06-24T00:48:19.322522	153.0	-82.0
2026-06-24T00:48:19.322549	185.0	-81.5
2026-06-24T00:48:19.322577	178.0	-82.5
2026-06-24T00:48:19.322604	180.0	-83.5
2026-06-24T00:48:28.297942	167.0	-82.0
2026-06-24T00:48:28.298006	155.0	-81.5
2026-06-24T00:48:28.298046	162.0	-82.0
2026-06-24T00:48:28.298077	158.0	-84.5
2026-06-24T00:48:28.298107	164.0	-85.0
2026-06-24T00:48:28.298136	159.0	-85.0
2026-06-24T00:48:28.298164	158.0	-84.5
2026-06-24T00:48:28.298193	168.0	-84.5
2026-06-24T00:48:28.298223	164.0	-84.0
2026-06-24T00:48:28.298251	163.0	-81.5
2026-06-24T00:48:28.298279	161.0	-82.5
2026-06-24T00:48:28.298307	201.0	-79.5
2026-06-24T00:48:37.441712	149.0	-77.5
2026-06-24T00:48:37.441781	150.0	-77.5
2026-06-24T00:48:37.441817	149.0	-77.0
2026-06-24T00:48:37.441847	150.0	-78.0
2026-06-24T00:48:37.441876	147.0	-78.0
2026-06-24T00:48:37.441903	150.0	-78.0
2026-06-24T00:48:37.441931	150.0	-78.0
2026-06-24T00:48:37.441959	151.0	-78.5
2026-06-24T00:48:37.441988	152.0	-78.0
2026-06-24T00:48:37.442016	152.0	-77.0
2026-06-24T00:48:37.442043	151.0	-77.5
2026-06-24T00:48:37.442072	153.0	-80.0
2026-06-24T00:48:46.454159	146.0	-81.0
2026-06-24T00:48:46.454222	148.0	-80.5
2026-06-24T00:48:46.454263	147.0	-80.5
2026-06-24T00:48:46.454294	148.0	-79.5
2026-06-24T00:48:46.454324	149.0	-81.0
2026-06-24T00:48:46.454352	143.0	-81.0
2026-06-24T00:48:46.454380	150.0	-80.5
2026-06-24T00:48:46.454409	148.0	-80.0
2026-06-24T00:48:46.454436	145.0	-80.0
2026-06-24T00:48:46.454463	148.0	-80.0
2026-06-24T00:48:46.454489	147.0	-79.5
2026-06-24T00:48:46.454518	145.0	-81.0
2026-06-24T00:48:55.418840	155.0	-79.0
2026-06-24T00:48:55.418902	158.0	-78.5
2026-06-24T00:48:55.418943	158.0	-79.5
2026-06-24T00:48:55.418974	152.0	-79.0
2026-06-24T00:48:55.419002	156.0	-78.0
2026-06-24T00:48:55.419031	156.0	-78.0
2026-06-24T00:48:55.419058	157.0	-78.5
2026-06-24T00:48:55.419087	155.0	-77.5
2026-06-24T00:48:55.419116	155.0	-77.5
2026-06-24T00:48:55.419145	156.0	-77.0
2026-06-24T00:48:55.419174	153.0	-78.5
2026-06-24T00:48:55.419202	156.0	-78.5
2026-06-24T00:49:04.581158	150.0	-77.0
2026-06-24T00:49:04.581220	149.0	-77.5
2026-06-24T00:49:04.581261	154.0	-76.5
2026-06-24T00:49:04.581292	153.0	-77.5
2026-06-24T00:49:04.581323	154.0	-76.5
2026-06-24T00:49:04.581353	152.0	-78.0
2026-06-24T00:49:04.581382	154.0	-77.5
2026-06-24T00:49:04.581411	154.0	-76.5
2026-06-24T00:49:04.581440	154.0	-77.5
2026-06-24T00:49:04.581469	154.0	-76.5
2026-06-24T00:49:04.581497	152.0	-76.5
2026-06-24T00:49:04.581525	152.0	-77.5
2026-06-24T00:49:13.590999	147.0	-78.5
2026-06-24T00:49:13.591069	148.0	-80.5
2026-06-24T00:49:13.591106	148.0	-80.5
2026-06-24T00:49:13.591137	152.0	-79.0
2026-06-24T00:49:13.591167	151.0	-79.5
2026-06-24T00:49:13.591197	151.0	-81.0
2026-06-24T00:49:13.591226	151.0	-79.5
2026-06-24T00:49:13.591256	150.0	-80.5
2026-06-24T00:49:13.591286	150.0	-78.0
2026-06-24T00:49:13.591313	155.0	-78.0
2026-06-24T00:49:13.591340	154.0	-77.5
2026-06-24T00:49:13.591369	155.0	-79.5
2026-06-24T00:49:22.556615	148.0	-76.5
2026-06-24T00:49:22.556689	150.0	-77.0
2026-06-24T00:49:22.556720	152.0	-77.5
2026-06-24T00:49:22.556750	149.0	-80.0
2026-06-24T00:49:22.556779	139.0	-83.5
2026-06-24T00:49:22.556808	150.0	-82.0
2026-06-24T00:49:22.556836	142.0	-82.0
2026-06-24T00:49:22.556864	146.0	-82.5
2026-06-24T00:49:22.556892	150.0	-77.5
2026-06-24T00:49:22.556922	143.0	-78.0
2026-06-24T00:49:22.556949	145.0	-76.5
2026-06-24T00:49:31.593390	149.0	-73.0
2026-06-24T00:49:31.593457	143.0	-73.0
2026-06-24T00:49:31.593489	146.0	-72.5
2026-06-24T00:49:31.593525	145.0	-71.5
2026-06-24T00:49:31.593556	151.0	-70.0
2026-06-24T00:49:31.593584	152.0	-71.0
2026-06-24T00:49:31.593612	150.0	-71.5
2026-06-24T00:49:31.593640	149.0	-72.0
2026-06-24T00:49:31.593667	153.0	-71.5
2026-06-24T00:49:31.593698	150.0	-71.5
2026-06-24T00:49:31.593727	152.0	-71.5
2026-06-24T00:49:40.727183	88.0	-73.0
2026-06-24T00:49:40.727258	69.0	-70.5
2026-06-24T00:49:40.727302	64.0	-67.0
2026-06-24T00:49:40.727335	56.0	-66.5
2026-06-24T00:49:40.727368	45.0	-64.5
2026-06-24T00:49:40.727400	43.0	-62.5
2026-06-24T00:49:40.727434	41.0	-60.5
2026-06-24T00:49:40.727465	42.0	-62.5
2026-06-24T00:49:40.727497	46.0	-61.5
2026-06-24T00:49:40.727528	46.0	-60.5
2026-06-24T00:49:40.727558	43.0	-63.5
2026-06-24T00:49:49.651611	39.0	-68.5
2026-06-24T00:49:49.651682	44.0	-68.5
2026-06-24T00:49:49.651718	39.0	-69.0
2026-06-24T00:49:49.651749	40.0	-68.0
2026-06-24T00:49:49.651778	41.0	-68.0
2026-06-24T00:49:49.651807	39.0	-68.5
2026-06-24T00:49:49.651836	39.0	-68.5
2026-06-24T00:49:49.651865	40.0	-68.0
2026-06-24T00:49:49.651893	44.0	-68.0
2026-06-24T00:49:49.651965	43.0	-68.5
2026-06-24T00:49:49.651997	41.0	-68.5
2026-06-24T00:49:49.652025	42.0	-68.0
2026-06-24T00:49:58.679597	45.0	-67.5
2026-06-24T00:49:58.679667	41.0	-69.0
2026-06-24T00:49:58.679702	42.0	-68.5
2026-06-24T00:49:58.679733	43.0	-69.0
2026-06-24T00:49:58.679762	42.0	-68.5
2026-06-24T00:49:58.679792	43.0	-68.5
2026-06-24T00:49:58.679822	45.0	-68.5
2026-06-24T00:49:58.679850	44.0	-66.5
2026-06-24T00:49:58.679879	44.0	-67.0
2026-06-24T00:49:58.679976	42.0	-68.0
2026-06-24T00:49:58.680008	45.0	-68.0
2026-06-24T00:49:58.680036	41.0	-66.5
2026-06-24T00:50:07.740124	38.0	-70.5
2026-06-24T00:50:07.740194	40.0	-70.5
2026-06-24T00:50:07.740231	44.0	-71.0
2026-06-24T00:50:07.740261	43.0	-70.0
2026-06-24T00:50:07.740290	40.0	-70.0
2026-06-24T00:50:07.740320	40.0	-70.0
2026-06-24T00:50:07.740348	39.0	-69.5
2026-06-24T00:50:07.740378	44.0	-70.0
2026-06-24T00:50:07.740406	41.0	-70.0
2026-06-24T00:50:07.740434	46.0	-70.5
2026-06-24T00:50:07.740463	39.0	-69.5
2026-06-24T00:50:07.740491	45.0	-69.5
2026-06-24T00:50:16.876399	41.0	-71.5
2026-06-24T00:50:16.876471	39.0	-69.5
2026-06-24T00:50:16.876503	41.0	-69.5
2026-06-24T00:50:16.876534	39.0	-69.5
2026-06-24T00:50:16.876564	41.0	-70.0
2026-06-24T00:50:16.876593	43.0	-70.0
2026-06-24T00:50:16.876622	41.0	-69.5
2026-06-24T00:50:16.876651	43.0	-70.5
2026-06-24T00:50:16.876680	45.0	-69.5
2026-06-24T00:50:16.876709	42.0	-71.0
2026-06-24T00:50:16.876736	39.0	-72.0
2026-06-24T00:50:25.772647	44.0	-72.0
2026-06-24T00:50:25.772708	41.0	-71.5
2026-06-24T00:50:25.772750	40.0	-71.5
2026-06-24T00:50:25.772782	44.0	-72.0
2026-06-24T00:50:25.772811	42.0	-70.5
2026-06-24T00:50:25.772840	44.0	-72.0
2026-06-24T00:50:25.772868	45.0	-71.5
2026-06-24T00:50:25.772896	41.0	-71.0
2026-06-24T00:50:25.772923	44.0	-71.0
2026-06-24T00:50:25.772951	41.0	-71.5
2026-06-24T00:50:25.772979	43.0	-72.0
2026-06-24T00:50:25.773006	44.0	-70.5
2026-06-24T00:50:34.900767	46.0	-65.0
2026-06-24T00:50:34.900829	42.0	-64.5
2026-06-24T00:50:34.900870	40.0	-64.0
2026-06-24T00:50:34.900901	44.0	-65.5
2026-06-24T00:50:34.900932	45.0	-64.5
2026-06-24T00:50:34.900961	42.0	-65.5
2026-06-24T00:50:34.900990	43.0	-65.0
2026-06-24T00:50:34.901018	44.0	-65.0
2026-06-24T00:50:34.901046	42.0	-66.0
2026-06-24T00:50:34.901073	45.0	-65.5
2026-06-24T00:50:34.901102	41.0	-65.5
2026-06-24T00:50:34.901130	45.0	-66.0
2026-06-24T00:50:43.903232	44.0	-65.0
2026-06-24T00:50:43.903297	46.0	-65.0
2026-06-24T00:50:43.903331	43.0	-65.0
2026-06-24T00:50:43.903363	46.0	-65.0
2026-06-24T00:50:43.903391	46.0	-65.0
2026-06-24T00:50:43.903419	44.0	-64.5
2026-06-24T00:50:43.903454	42.0	-64.5
2026-06-24T00:50:43.903482	42.0	-65.5
2026-06-24T00:50:43.903511	44.0	-65.5
2026-06-24T00:50:43.903540	47.0	-65.5
2026-06-24T00:50:43.903567	39.0	-65.5
2026-06-24T00:50:43.903595	43.0	-68.5
2026-06-24T00:50:52.918889	42.0	-65.0
2026-06-24T00:50:52.918951	47.0	-64.5
2026-06-24T00:50:52.918988	46.0	-65.0
2026-06-24T00:50:52.919022	43.0	-65.0
2026-06-24T00:50:52.919050	44.0	-65.0
2026-06-24T00:50:52.919078	44.0	-64.5
2026-06-24T00:50:52.919107	46.0	-65.0
2026-06-24T00:50:52.919135	42.0	-65.0
2026-06-24T00:50:52.919162	43.0	-64.5
2026-06-24T00:50:52.919191	42.0	-64.0
2026-06-24T00:50:52.919218	44.0	-64.5
2026-06-24T00:50:52.919246	46.0	-65.0
2026-06-24T00:50:52.919274	48.0	-64.5
2026-06-24T00:51:02.033954	43.0	-69.0
2026-06-24T00:51:02.034017	40.0	-68.0
2026-06-24T00:51:02.034052	36.0	-66.5
2026-06-24T00:51:02.034089	39.0	-69.0
2026-06-24T00:51:02.034118	36.0	-70.0
2026-06-24T00:51:02.034147	36.0	-69.5
2026-06-24T00:51:02.034176	37.0	-68.5
2026-06-24T00:51:02.034206	35.0	-70.0
2026-06-24T00:51:02.034233	42.0	-69.5
2026-06-24T00:51:02.034262	41.0	-70.5
2026-06-24T00:51:02.034291	41.0	-66.0
2026-06-24T00:51:02.034318	43.0	-66.0
2026-06-24T00:51:11.039975	44.0	-65.0
2026-06-24T00:51:11.040038	44.0	-65.0
2026-06-24T00:51:11.040073	44.0	-64.5
2026-06-24T00:51:11.040109	45.0	-63.5
2026-06-24T00:51:11.040140	42.0	-63.0
2026-06-24T00:51:11.040168	41.0	-63.5
2026-06-24T00:51:11.040197	43.0	-63.5
2026-06-24T00:51:11.040226	44.0	-64.5
2026-06-24T00:51:11.040256	47.0	-63.5
2026-06-24T00:51:11.040285	45.0	-64.0
2026-06-24T00:51:11.040312	42.0	-64.5
2026-06-24T00:51:11.040340	46.0	-63.5
2026-06-24T00:51:20.160506	44.0	-63.5
2026-06-24T00:51:20.160577	46.0	-61.0
2026-06-24T00:51:20.160608	47.0	-61.0
2026-06-24T00:51:20.160637	49.0	-61.5
2026-06-24T00:51:20.160667	44.0	-62.5
2026-06-24T00:51:20.160697	46.0	-62.0
2026-06-24T00:51:20.160725	44.0	-61.0
2026-06-24T00:51:20.160752	45.0	-62.5
2026-06-24T00:51:20.160782	41.0	-63.5
2026-06-24T00:51:20.160811	45.0	-63.0
2026-06-24T00:51:20.160838	48.0	-62.0
2026-06-24T00:51:29.086146	47.0	-65.0
2026-06-24T00:51:29.086209	48.0	-65.5
2026-06-24T00:51:29.086251	51.0	-65.0
2026-06-24T00:51:29.086281	46.0	-66.0
2026-06-24T00:51:29.086310	42.0	-66.5
2026-06-24T00:51:29.086340	47.0	-64.5
2026-06-24T00:51:29.086369	46.0	-64.5
2026-06-24T00:51:29.086398	44.0	-64.5
2026-06-24T00:51:29.086427	43.0	-65.0
2026-06-24T00:51:29.086456	45.0	-64.5
2026-06-24T00:51:29.086484	46.0	-65.5
2026-06-24T00:51:29.086512	49.0	-66.0
2026-06-24T00:51:38.182114	46.0	-64.5
2026-06-24T00:51:38.182182	46.0	-64.5
2026-06-24T00:51:38.182218	44.0	-63.0
2026-06-24T00:51:38.182248	50.0	-59.5
2026-06-24T00:51:38.182278	47.0	-59.0
2026-06-24T00:51:38.182306	44.0	-59.5
2026-06-24T00:51:38.182335	48.0	-59.5
2026-06-24T00:51:38.182363	43.0	-61.5
2026-06-24T00:51:38.182392	45.0	-61.0
2026-06-24T00:51:38.182419	43.0	-61.5
2026-06-24T00:51:38.182447	49.0	-62.5
2026-06-24T00:51:38.182475	54.0	-63.5
2026-06-24T00:51:47.335236	149.0	-76.0
2026-06-24T00:51:47.335367	150.0	-75.5
2026-06-24T00:51:47.335456	147.0	-74.5
2026-06-24T00:51:47.335534	152.0	-75.0
2026-06-24T00:51:47.335607	151.0	-75.5
2026-06-24T00:51:47.335680	147.0	-75.0
2026-06-24T00:51:47.335756	147.0	-75.5
2026-06-24T00:51:47.335827	145.0	-75.0
2026-06-24T00:51:47.335897	143.0	-75.0
2026-06-24T00:51:47.336072	153.0	-74.5
2026-06-24T00:51:56.208301	148.0	-76.0
2026-06-24T00:51:56.208365	145.0	-76.0
2026-06-24T00:51:56.208400	149.0	-76.0
2026-06-24T00:51:56.208431	146.0	-75.0
2026-06-24T00:51:56.208465	142.0	-75.5
2026-06-24T00:51:56.208503	150.0	-75.0
2026-06-24T00:51:56.208532	149.0	-74.5
2026-06-24T00:51:56.208561	147.0	-74.5
2026-06-24T00:51:56.208591	146.0	-73.0
2026-06-24T00:51:56.208619	145.0	-73.5
2026-06-24T00:52:05.228305	146.0	-75.5
2026-06-24T00:52:05.228375	145.0	-75.0
2026-06-24T00:52:05.228409	151.0	-72.5
2026-06-24T00:52:05.228440	149.0	-75.0
2026-06-24T00:52:05.228470	148.0	-76.0
2026-06-24T00:52:05.228499	152.0	-74.5
2026-06-24T00:52:05.228528	150.0	-75.5
2026-06-24T00:52:05.228558	145.0	-75.0
2026-06-24T00:52:05.228586	147.0	-74.0
2026-06-24T00:52:05.228614	148.0	-74.5
2026-06-24T00:52:05.228643	148.0	-75.5
2026-06-24T00:52:05.228671	149.0	-74.5
2026-06-24T00:52:14.339223	142.0	-78.5
2026-06-24T00:52:14.339292	144.0	-77.5
2026-06-24T00:52:14.339328	146.0	-76.0
2026-06-24T00:52:14.339363	146.0	-75.0
2026-06-24T00:52:14.339392	150.0	-77.5
2026-06-24T00:52:14.339422	149.0	-78.0
2026-06-24T00:52:14.339451	151.0	-79.5
2026-06-24T00:52:14.339480	150.0	-77.5
2026-06-24T00:52:14.339509	149.0	-76.5
2026-06-24T00:52:14.339539	146.0	-76.5
2026-06-24T00:52:14.339567	146.0	-77.0
2026-06-24T00:52:23.335735	147.0	-76.0
2026-06-24T00:52:23.335796	147.0	-76.0
2026-06-24T00:52:23.335827	145.0	-76.5
2026-06-24T00:52:23.335863	150.0	-75.0
2026-06-24T00:52:23.335892	144.0	-75.0
2026-06-24T00:52:32.455584	146.0	-77.5
2026-06-24T00:52:32.455653	146.0	-76.0
2026-06-24T00:52:32.455688	146.0	-77.0
2026-06-24T00:52:32.455722	145.0	-75.5
2026-06-24T00:52:32.455752	141.0	-75.5
2026-06-24T00:52:32.455782	143.0	-75.5
2026-06-24T00:52:32.455811	141.0	-76.5
2026-06-24T00:52:32.455839	145.0	-78.5
2026-06-24T00:52:32.455877	145.0	-77.0
2026-06-24T00:52:41.461542	143.0	-78.0
2026-06-24T00:52:41.461605	147.0	-76.0
2026-06-24T00:52:41.461639	145.0	-74.5
2026-06-24T00:52:41.461677	144.0	-76.0
2026-06-24T00:52:41.461705	142.0	-76.0
2026-06-24T00:52:41.461734	143.0	-75.5
2026-06-24T00:52:41.461764	143.0	-78.0
2026-06-24T00:52:41.461796	142.0	-78.0
2026-06-24T00:52:41.461824	146.0	-76.5
2026-06-24T00:52:41.461853	141.0	-77.5
2026-06-24T00:52:41.461885	144.0	-78.5
2026-06-24T00:52:50.430067	152.0	-80.5
2026-06-24T00:52:50.430135	142.0	-79.0
2026-06-24T00:52:50.430171	149.0	-78.0
2026-06-24T00:52:50.430201	146.0	-79.5
2026-06-24T00:52:50.430232	147.0	-80.0
2026-06-24T00:52:50.430262	142.0	-76.5
2026-06-24T00:52:50.430292	148.0	-77.0
2026-06-24T00:52:50.430320	145.0	-81.0
2026-06-24T00:52:50.430348	148.0	-79.5
2026-06-24T00:52:50.430377	148.0	-80.0
2026-06-24T00:52:50.430405	143.0	-76.0
2026-06-24T00:52:50.430432	146.0	-78.5
2026-06-24T00:52:59.592220	149.0	-76.5
2026-06-24T00:52:59.592290	151.0	-77.0
2026-06-24T00:52:59.592325	147.0	-78.5
2026-06-24T00:52:59.592356	145.0	-77.5
2026-06-24T00:52:59.592387	146.0	-78.5
2026-06-24T00:52:59.592416	144.0	-77.5
2026-06-24T00:52:59.592446	148.0	-79.5
2026-06-24T00:52:59.592476	148.0	-77.0
2026-06-24T00:52:59.592505	148.0	-78.0
2026-06-24T00:52:59.592532	146.0	-79.5
2026-06-24T00:52:59.592561	148.0	-76.5
2026-06-24T00:52:59.592589	151.0	-77.0
2026-06-24T00:53:08.576667	159.0	-75.5
2026-06-24T00:53:08.576735	157.0	-74.5
2026-06-24T00:53:08.576771	157.0	-73.5
2026-06-24T00:53:08.576802	157.0	-73.0
2026-06-24T00:53:08.576831	154.0	-73.5
2026-06-24T00:53:08.576860	153.0	-72.5
2026-06-24T00:53:08.576889	157.0	-74.0
2026-06-24T00:53:08.576916	154.0	-75.0
2026-06-24T00:53:08.576943	155.0	-74.0
2026-06-24T00:53:08.576970	154.0	-73.5
2026-06-24T00:53:08.577001	154.0	-73.0
2026-06-24T00:53:17.616670	155.0	-74.5
2026-06-24T00:53:17.616739	152.0	-76.0
2026-06-24T00:53:17.616775	154.0	-74.5
2026-06-24T00:53:17.616805	156.0	-75.0
2026-06-24T00:53:17.616835	154.0	-75.5
2026-06-24T00:53:17.616864	149.0	-74.5
2026-06-24T00:53:17.616893	157.0	-75.0
2026-06-24T00:53:17.616920	156.0	-74.0
2026-06-24T00:53:17.616947	153.0	-73.5
2026-06-24T00:53:17.616976	155.0	-74.0
2026-06-24T00:53:17.617003	155.0	-74.5
2026-06-24T00:53:17.617031	155.0	-75.0
2026-06-24T00:53:26.598833	155.0	-76.0
2026-06-24T00:53:26.598895	152.0	-75.0
2026-06-24T00:53:26.598930	157.0	-76.0
2026-06-24T00:53:26.598960	154.0	-75.5
2026-06-24T00:53:26.598996	155.0	-74.5
2026-06-24T00:53:26.599026	154.0	-74.0
2026-06-24T00:53:26.599055	155.0	-74.5
2026-06-24T00:53:26.599084	155.0	-74.0
2026-06-24T00:53:26.599112	153.0	-75.5
2026-06-24T00:53:26.599140	154.0	-75.5
2026-06-24T00:53:26.599170	155.0	-74.0
2026-06-24T00:53:26.599198	156.0	-74.0
2026-06-24T00:53:35.632733	151.0	-77.0
2026-06-24T00:53:35.632795	156.0	-71.0
2026-06-24T00:53:35.632830	135.0	-71.0
2026-06-24T00:53:35.632860	137.0	-70.0
2026-06-24T00:53:35.632890	139.0	-69.0
2026-06-24T00:53:35.632918	147.0	-72.5
2026-06-24T00:53:35.632953	150.0	-72.5
2026-06-24T00:53:35.632983	144.0	-74.5
2026-06-24T00:53:35.633012	152.0	-73.0
2026-06-24T00:53:35.633045	158.0	-77.5
2026-06-24T00:53:35.633074	152.0	-77.5
2026-06-24T00:53:44.741069	145.0	-71.0
2026-06-24T00:53:44.741132	145.0	-71.0
2026-06-24T00:53:44.741167	149.0	-70.5
2026-06-24T00:53:44.741205	146.0	-70.0
2026-06-24T00:53:44.741236	150.0	-71.0
2026-06-24T00:53:44.741264	147.0	-71.0
2026-06-24T00:53:44.741293	147.0	-71.5
2026-06-24T00:53:44.741323	151.0	-72.0
2026-06-24T00:53:44.741351	152.0	-71.0
2026-06-24T00:53:44.741378	148.0	-71.0
2026-06-24T00:53:44.741405	147.0	-72.0
2026-06-24T00:53:44.741433	150.0	-71.5
2026-06-24T00:53:53.761198	149.0	-71.0
2026-06-24T00:53:53.761259	150.0	-70.5
2026-06-24T00:53:53.761301	150.0	-70.0
2026-06-24T00:53:53.761330	145.0	-71.0
2026-06-24T00:53:53.761360	148.0	-71.5
2026-06-24T00:53:53.761390	146.0	-70.5
2026-06-24T00:53:53.761420	148.0	-71.5
2026-06-24T00:53:53.761449	148.0	-71.5
2026-06-24T00:53:53.761478	145.0	-70.5
2026-06-24T00:53:53.761507	145.0	-70.5
2026-06-24T00:53:53.761536	150.0	-71.5
2026-06-24T00:53:53.761565	147.0	-70.0
2026-06-24T00:54:02.759969	149.0	-71.5
2026-06-24T00:54:02.760039	148.0	-71.0
2026-06-24T00:54:02.760075	149.0	-71.5
2026-06-24T00:54:02.760106	149.0	-71.0
2026-06-24T00:54:02.760135	149.0	-70.5
2026-06-24T00:54:02.760165	155.0	-71.0
2026-06-24T00:54:02.760194	153.0	-71.5
2026-06-24T00:54:02.760223	150.0	-74.0
2026-06-24T00:54:02.760252	154.0	-75.0
2026-06-24T00:54:02.760279	152.0	-73.0
2026-06-24T00:54:02.760308	147.0	-71.0
2026-06-24T00:54:02.760335	146.0	-70.0
2026-06-24T00:54:11.864692	143.0	-74.0
2026-06-24T00:54:11.864755	147.0	-72.0
2026-06-24T00:54:11.864790	144.0	-73.5
2026-06-24T00:54:11.864825	141.0	-75.5
2026-06-24T00:54:11.864854	142.0	-74.5
2026-06-24T00:54:11.864883	141.0	-73.0
2026-06-24T00:54:11.864911	143.0	-74.5
2026-06-24T00:54:11.864940	144.0	-74.0
2026-06-24T00:54:11.864967	146.0	-74.0
2026-06-24T00:54:11.864994	146.0	-73.0
2026-06-24T00:54:11.865021	145.0	-74.0
2026-06-24T00:54:11.865048	146.0	-73.0
2026-06-24T00:54:20.949867	147.0	-74.5
2026-06-24T00:54:20.950000	146.0	-73.0
2026-06-24T00:54:20.950087	144.0	-73.0
2026-06-24T00:54:20.950161	148.0	-73.0
2026-06-24T00:54:20.950231	147.0	-73.5
2026-06-24T00:54:20.950305	146.0	-73.5
2026-06-24T00:54:20.950378	151.0	-74.0
2026-06-24T00:54:20.950448	145.0	-73.5
2026-06-24T00:54:20.950521	147.0	-73.5
2026-06-24T00:54:20.950592	148.0	-72.0
2026-06-24T00:54:20.950661	151.0	-73.0
2026-06-24T00:54:20.950729	151.0	-74.0
2026-06-24T00:54:29.991953	149.0	-73.5
2026-06-24T00:54:29.992027	146.0	-72.0
2026-06-24T00:54:29.992210	150.0	-72.5
2026-06-24T00:54:29.992255	151.0	-73.0
2026-06-24T00:54:29.992287	149.0	-73.5
2026-06-24T00:54:29.992318	147.0	-73.0
2026-06-24T00:54:29.992348	150.0	-72.5
2026-06-24T00:54:29.992379	150.0	-74.5
2026-06-24T00:54:29.992409	149.0	-72.5
2026-06-24T00:54:29.992439	148.0	-73.0
2026-06-24T00:54:29.992467	148.0	-73.0
2026-06-24T00:54:29.992495	150.0	-74.0
2026-06-24T00:54:39.076890	150.0	-76.5
2026-06-24T00:54:39.077027	151.0	-77.0
2026-06-24T00:54:39.077116	151.0	-75.0
2026-06-24T00:54:39.077191	150.0	-76.0
2026-06-24T00:54:39.077265	150.0	-76.0
2026-06-24T00:54:39.077337	151.0	-77.5
2026-06-24T00:54:39.077410	154.0	-76.5
2026-06-24T00:54:39.077481	151.0	-77.0
2026-06-24T00:54:39.077550	152.0	-78.0
2026-06-24T00:54:39.077619	152.0	-76.0
2026-06-24T00:54:39.077689	151.0	-76.5
2026-06-24T00:54:39.077761	152.0	-76.5
2026-06-24T00:54:47.928297	150.0	-72.5
2026-06-24T00:54:47.928367	148.0	-73.5
2026-06-24T00:54:47.928402	151.0	-76.5
2026-06-24T00:54:47.928434	153.0	-75.5
2026-06-24T00:54:47.928464	149.0	-76.0
2026-06-24T00:54:47.928496	152.0	-75.5
2026-06-24T00:54:47.928525	143.0	-74.5
2026-06-24T00:54:47.928555	148.0	-75.5
2026-06-24T00:54:47.928584	141.0	-72.5
2026-06-24T00:54:47.928614	146.0	-73.0
2026-06-24T00:54:47.928641	152.0	-73.5
2026-06-24T00:54:57.040801	148.0	-75.0
2026-06-24T00:54:57.040864	144.0	-79.5
2026-06-24T00:54:57.040906	140.0	-74.0
2026-06-24T00:54:57.040937	140.0	-75.5
2026-06-24T00:54:57.040968	145.0	-74.0
2026-06-24T00:54:57.040997	138.0	-73.5
2026-06-24T00:54:57.041027	138.0	-70.0
2026-06-24T00:54:57.041054	132.0	-70.0
2026-06-24T00:54:57.041082	129.0	-73.5
2026-06-24T00:54:57.041111	129.0	-76.0
2026-06-24T00:54:57.041139	143.0	-80.0
2026-06-24T00:54:57.041166	143.0	-77.0
2026-06-24T00:55:06.033553	158.0	-81.0
2026-06-24T00:55:06.033616	161.0	-80.0
2026-06-24T00:55:06.033650	153.0	-79.0
2026-06-24T00:55:06.033681	157.0	-79.0
2026-06-24T00:55:06.033710	157.0	-81.0
2026-06-24T00:55:06.033739	158.0	-80.0
2026-06-24T00:55:06.033767	159.0	-80.5
2026-06-24T00:55:06.033802	165.0	-82.0
2026-06-24T00:55:06.033830	164.0	-82.0
2026-06-24T00:55:06.033858	161.0	-82.0
2026-06-24T00:55:06.033885	172.0	-79.0
2026-06-24T00:55:06.033913	160.0	-82.0
2026-06-24T00:55:15.169041	168.0	-82.0
2026-06-24T00:55:15.169104	164.0	-82.0
2026-06-24T00:55:15.169139	166.0	-82.0
2026-06-24T00:55:15.169169	168.0	-82.0
2026-06-24T00:55:15.169198	163.0	-82.5
2026-06-24T00:55:15.169233	163.0	-83.0
2026-06-24T00:55:15.169261	169.0	-83.0
2026-06-24T00:55:15.169288	172.0	-82.0
2026-06-24T00:55:15.169316	167.0	-82.0
2026-06-24T00:55:15.169343	167.0	-82.5
2026-06-24T00:55:15.169372	170.0	-82.5
2026-06-24T00:55:15.169400	170.0	-82.5
2026-06-24T00:55:24.182157	164.0	-82.5
2026-06-24T00:55:24.182225	161.0	-82.5
2026-06-24T00:55:24.182261	166.0	-82.5
2026-06-24T00:55:24.182293	164.0	-82.5
2026-06-24T00:55:24.182323	166.0	-82.5
2026-06-24T00:55:24.182353	165.0	-82.5
2026-06-24T00:55:24.182382	166.0	-82.5
2026-06-24T00:55:24.182410	166.0	-82.5
2026-06-24T00:55:24.182439	166.0	-82.5
2026-06-24T00:55:24.182468	163.0	-82.5
2026-06-24T00:55:24.182497	163.0	-82.5
2026-06-24T00:55:24.182525	167.0	-82.5
2026-06-24T00:55:33.150047	163.0	-81.0
2026-06-24T00:55:33.150109	168.0	-81.0
2026-06-24T00:55:33.150144	166.0	-80.5
2026-06-24T00:55:33.150181	163.0	-80.0
2026-06-24T00:55:33.150211	166.0	-80.5
2026-06-24T00:55:33.150241	164.0	-80.0
2026-06-24T00:55:33.150270	167.0	-81.0
2026-06-24T00:55:33.150299	164.0	-78.0
2026-06-24T00:55:33.150326	162.0	-81.5
2026-06-24T00:55:33.150355	165.0	-81.0
2026-06-24T00:55:33.150383	162.0	-81.0
2026-06-24T00:55:33.150410	160.0	-79.5
2026-06-24T00:55:42.203807	62.0	-73.5
2026-06-24T00:55:42.203875	32.0	-73.5
2026-06-24T00:55:42.203957	28.0	-74.5
2026-06-24T00:55:42.203990	38.0	-78.5
2026-06-24T00:55:42.204022	35.0	-77.5
2026-06-24T00:55:42.204051	32.0	-75.5
2026-06-24T00:55:42.204080	49.0	-68.0
2026-06-24T00:55:42.204108	49.0	-64.5
2026-06-24T00:55:42.204136	36.0	-70.5
2026-06-24T00:55:42.204165	47.0	-67.5
2026-06-24T00:55:42.204194	55.0	-69.0
2026-06-24T00:55:42.204221	44.0	-70.5
2026-06-24T00:55:51.298435	51.0	-68.5
2026-06-24T00:55:51.298504	51.0	-66.0
2026-06-24T00:55:51.298538	55.0	-65.0
2026-06-24T00:55:51.298567	57.0	-66.0
2026-06-24T00:55:51.298596	55.0	-66.5
2026-06-24T00:55:51.298626	50.0	-67.0
2026-06-24T00:55:51.298653	52.0	-66.0
2026-06-24T00:55:51.298680	53.0	-67.0
2026-06-24T00:55:51.298708	51.0	-67.0
2026-06-24T00:55:51.298736	53.0	-67.0
2026-06-24T00:55:51.298765	55.0	-66.5
2026-06-24T00:55:51.298793	52.0	-66.5
2026-06-24T00:56:00.326526	48.0	-71.0
2026-06-24T00:56:00.326587	51.0	-70.5
2026-06-24T00:56:00.326628	51.0	-70.5
2026-06-24T00:56:00.326660	50.0	-70.5
2026-06-24T00:56:00.326691	49.0	-70.5
2026-06-24T00:56:00.326721	51.0	-70.5
2026-06-24T00:56:00.326750	48.0	-70.5
2026-06-24T00:56:00.326779	51.0	-70.5
2026-06-24T00:56:00.326808	51.0	-70.5
2026-06-24T00:56:00.326838	51.0	-70.0
2026-06-24T00:56:00.326866	49.0	-70.0
2026-06-24T00:56:00.326893	52.0	-70.5
2026-06-24T00:56:09.315525	52.0	-70.0
2026-06-24T00:56:09.315587	51.0	-69.5
2026-06-24T00:56:09.315628	54.0	-70.0
2026-06-24T00:56:09.315659	53.0	-70.5
2026-06-24T00:56:09.315689	53.0	-70.5
2026-06-24T00:56:09.315719	50.0	-69.5
2026-06-24T00:56:09.315747	52.0	-68.0
2026-06-24T00:56:09.315774	53.0	-70.5
2026-06-24T00:56:09.315802	49.0	-70.5
2026-06-24T00:56:09.315831	52.0	-70.0
2026-06-24T00:56:09.315859	46.0	-70.0
2026-06-24T00:56:09.315885	54.0	-69.5
2026-06-24T00:56:18.357404	43.0	-74.0
2026-06-24T00:56:18.357468	40.0	-72.5
2026-06-24T00:56:18.357509	44.0	-73.5
2026-06-24T00:56:18.357539	42.0	-72.0
2026-06-24T00:56:18.357569	43.0	-72.5
2026-06-24T00:56:18.357598	48.0	-74.0
2026-06-24T00:56:18.357626	45.0	-72.0
2026-06-24T00:56:18.357653	47.0	-74.0
2026-06-24T00:56:18.357681	46.0	-72.5
2026-06-24T00:56:18.357710	49.0	-72.5
2026-06-24T00:56:18.357738	44.0	-73.0
2026-06-24T00:56:18.357766	43.0	-73.0
2026-06-24T00:56:27.613458	39.0	-77.5
2026-06-24T00:56:27.613532	40.0	-75.0
2026-06-24T00:56:27.613563	41.0	-75.0
2026-06-24T00:56:27.613593	41.0	-76.5
2026-06-24T00:56:27.613623	42.0	-77.5
2026-06-24T00:56:27.613653	43.0	-78.5
2026-06-24T00:56:27.613681	37.0	-79.0
2026-06-24T00:56:27.613709	38.0	-79.0
2026-06-24T00:56:27.613737	41.0	-78.0
2026-06-24T00:56:27.613764	39.0	-75.5
2026-06-24T00:56:27.613792	47.0	-75.0
