timestamp	distance_cm	rssi_dbm
2026-06-24T19:07:22.885643	37.0	-64.5
2026-06-24T19:07:22.885872	36.0	-64.5
2026-06-24T19:07:22.885955	37.0	-64.5
2026-06-24T19:07:22.886033	38.0	-63.5
2026-06-24T19:07:22.886120	36.0	-64.5
2026-06-24T19:07:22.886193	35.0	-65.5
2026-06-24T19:07:22.886266	35.0	-66.0
2026-06-24T19:07:22.886337	39.0	-66.0
2026-06-24T19:07:22.886403	37.0	-66.0
2026-06-24T19:07:22.886471	37.0	-65.0
2026-06-24T19:07:22.886538	35.0	-65.5
2026-06-24T19:07:31.944333	45.0	-63.5
2026-06-24T19:07:31.944477	44.0	-65.0
2026-06-24T19:07:31.944552	45.0	-70.5
2026-06-24T19:07:31.944628	45.0	-68.0
2026-06-24T19:07:31.944699	50.0	-68.0
2026-06-24T19:07:31.944767	36.0	-68.5
2026-06-24T19:07:31.944838	43.0	-68.5
2026-06-24T19:07:31.944907	42.0	-70.0
2026-06-24T19:07:31.944980	44.0	-66.5
2026-06-24T19:07:31.945051	33.0	-76.0
2026-06-24T19:07:41.003381	40.0	-58.0
2026-06-24T19:07:41.003504	40.0	-58.0
2026-06-24T19:07:41.003580	38.0	-59.0
2026-06-24T19:07:41.003653	40.0	-58.5
2026-06-24T19:07:41.003732	40.0	-59.0
2026-06-24T19:07:41.003874	39.0	-61.5
2026-06-24T19:07:41.003948	37.0	-61.5
2026-06-24T19:07:41.004018	37.0	-60.5
2026-06-24T19:07:41.004086	42.0	-60.0
2026-06-24T19:07:41.004153	39.0	-63.0
2026-06-24T19:07:50.045357	35.0	-60.0
2026-06-24T19:07:50.045478	36.0	-59.5
2026-06-24T19:07:50.045562	35.0	-60.0
2026-06-24T19:07:50.045633	40.0	-59.0
2026-06-24T19:07:50.045702	37.0	-59.0
2026-06-24T19:07:50.045768	34.0	-60.0
2026-06-24T19:07:50.045834	37.0	-58.5
2026-06-24T19:07:50.045901	34.0	-58.5
2026-06-24T19:07:50.045969	37.0	-59.0
2026-06-24T19:07:50.046037	38.0	-59.0
2026-06-24T19:07:59.091065	33.0	-68.0
2026-06-24T19:07:59.091188	42.0	-68.0
2026-06-24T19:07:59.091262	49.0	-66.0
2026-06-24T19:07:59.091334	42.0	-63.0
2026-06-24T19:07:59.091405	40.0	-62.5
2026-06-24T19:07:59.091487	36.0	-65.5
2026-06-24T19:07:59.091560	38.0	-63.5
2026-06-24T19:07:59.091630	38.0	-61.0
2026-06-24T19:07:59.091698	39.0	-61.5
2026-06-24T19:07:59.091932	40.0	-61.0
2026-06-24T19:08:08.156970	105.0	-81.5
2026-06-24T19:08:08.157104	145.0	-73.5
2026-06-24T19:08:08.157180	141.0	-82.0
2026-06-24T19:08:08.157250	163.0	-76.0
2026-06-24T19:08:08.157317	173.0	-76.0
2026-06-24T19:08:08.157385	198.0	-76.0
2026-06-24T19:08:08.157453	181.0	-79.0
2026-06-24T19:08:08.157522	149.0	-79.5
2026-06-24T19:08:08.157591	117.0	-79.5
2026-06-24T19:08:08.157661	104.0	-79.5
2026-06-24T19:08:17.179015	133.0	-76.0
2026-06-24T19:08:17.179141	178.0	-75.0
2026-06-24T19:08:17.179225	175.0	-75.0
2026-06-24T19:08:17.179297	172.0	-75.5
2026-06-24T19:08:17.179379	154.0	-76.0
2026-06-24T19:08:17.179447	182.0	-76.0
2026-06-24T19:08:17.179524	174.0	-77.0
2026-06-24T19:08:17.179591	176.0	-76.0
2026-06-24T19:08:26.221064	156.0	-75.5
2026-06-24T19:08:26.221200	134.0	-76.5
2026-06-24T19:08:26.221277	127.0	-76.5
2026-06-24T19:08:26.221351	152.0	-75.5
2026-06-24T19:08:26.221424	152.0	-76.0
2026-06-24T19:08:26.221493	183.0	-75.5
2026-06-24T19:08:26.221563	179.0	-75.5
2026-06-24T19:08:26.221632	175.0	-75.0
2026-06-24T19:08:26.221698	194.0	-76.5
2026-06-24T19:08:26.221766	159.0	-75.5
2026-06-24T19:08:35.276037	100.0	-73.5
2026-06-24T19:08:35.276175	108.0	-74.5
2026-06-24T19:08:35.276252	98.0	-73.5
2026-06-24T19:08:35.276329	107.0	-74.0
2026-06-24T19:08:35.276401	101.0	-81.5
2026-06-24T19:08:35.276473	99.0	-78.0
2026-06-24T19:08:35.276544	108.0	-77.0
2026-06-24T19:08:35.276611	107.0	-78.0
2026-06-24T19:08:35.276677	96.0	-77.0
2026-06-24T19:08:35.276745	93.0	-76.0
2026-06-24T19:08:44.320637	153.0	-74.5
2026-06-24T19:08:44.320781	141.0	-78.0
2026-06-24T19:08:44.320854	147.0	-73.0
2026-06-24T19:08:44.320926	143.0	-73.0
2026-06-24T19:08:44.321004	140.0	-73.5
2026-06-24T19:08:44.321076	145.0	-75.5
2026-06-24T19:08:44.321148	157.0	-76.0
2026-06-24T19:08:44.321219	159.0	-77.5
2026-06-24T19:08:44.321288	117.0	-80.0
2026-06-24T19:08:44.321357	102.0	-80.5
2026-06-24T19:08:53.375390	69.0	-61.5
2026-06-24T19:08:53.375523	41.0	-63.0
2026-06-24T19:08:53.375597	44.0	-62.0
2026-06-24T19:08:53.375669	40.0	-59.5
2026-06-24T19:08:53.375741	40.0	-59.0
2026-06-24T19:08:53.375891	41.0	-61.0
2026-06-24T19:08:53.375960	43.0	-61.5
2026-06-24T19:08:53.376031	44.0	-59.0
2026-06-24T19:08:53.376097	45.0	-61.0
2026-06-24T19:08:53.376164	43.0	-68.0
2026-06-24T19:09:02.454947	86.0	-63.5
2026-06-24T19:09:02.455083	67.0	-64.0
2026-06-24T19:09:02.455158	70.0	-63.5
2026-06-24T19:09:02.455234	72.0	-65.5
2026-06-24T19:09:02.455306	60.0	-64.0
2026-06-24T19:09:02.455376	54.0	-67.0
2026-06-24T19:09:02.455445	52.0	-68.0
2026-06-24T19:09:02.455513	66.0	-68.5
2026-06-24T19:09:02.455582	63.0	-66.0
2026-06-24T19:09:02.455649	52.0	-65.5
2026-06-24T19:09:11.502596	60.0	-67.0
2026-06-24T19:09:11.502724	61.0	-67.5
2026-06-24T19:09:11.502812	59.0	-66.0
2026-06-24T19:09:11.502885	61.0	-71.0
2026-06-24T19:09:11.502954	44.0	-70.5
2026-06-24T19:09:11.503025	46.0	-70.5
2026-06-24T19:09:11.503095	46.0	-70.0
2026-06-24T19:09:11.503164	49.0	-70.5
2026-06-24T19:09:11.503235	58.0	-67.0
2026-06-24T19:09:11.503302	61.0	-65.5
2026-06-24T19:09:20.555953	101.0	-68.0
2026-06-24T19:09:20.556088	49.0	-74.5
2026-06-24T19:09:20.556174	59.0	-75.5
2026-06-24T19:09:20.556249	92.0	-76.0
2026-06-24T19:09:20.556317	43.0	-75.5
2026-06-24T19:09:20.556387	75.0	-62.5
2026-06-24T19:09:20.556458	53.0	-60.5
2026-06-24T19:09:20.556529	54.0	-61.0
2026-06-24T19:09:20.556597	65.0	-59.5
2026-06-24T19:09:20.556668	55.0	-71.0
2026-06-24T19:09:29.587857	183.0	-78.5
2026-06-24T19:09:29.588005	136.0	-81.0
2026-06-24T19:09:29.588079	123.0	-82.0
2026-06-24T19:09:29.588153	122.0	-82.5
2026-06-24T19:09:29.588226	143.0	-82.0
2026-06-24T19:09:29.588295	173.0	-80.0
2026-06-24T19:09:29.588362	151.0	-77.5
2026-06-24T19:09:29.588431	145.0	-78.0
2026-06-24T19:09:29.588507	132.0	-74.5
2026-06-24T19:09:29.588577	121.0	-71.0
2026-06-24T19:09:38.638386	112.0	-76.5
2026-06-24T19:09:38.638521	131.0	-74.0
2026-06-24T19:09:38.638604	168.0	-72.0
2026-06-24T19:09:38.638676	121.0	-76.0
2026-06-24T19:09:38.638744	116.0	-72.0
2026-06-24T19:09:38.638810	118.0	-75.0
2026-06-24T19:09:38.638878	114.0	-73.0
2026-06-24T19:09:38.638945	114.0	-72.5
2026-06-24T19:09:38.639014	113.0	-72.0
2026-06-24T19:09:47.672372	124.0	-81.0
2026-06-24T19:09:47.672497	125.0	-78.0
2026-06-24T19:09:47.672570	124.0	-78.5
2026-06-24T19:09:47.672654	123.0	-79.0
2026-06-24T19:09:47.672731	123.0	-78.5
2026-06-24T19:09:47.672801	128.0	-77.5
2026-06-24T19:09:47.672871	140.0	-76.0
2026-06-24T19:09:47.672939	139.0	-79.0
2026-06-24T19:09:47.673006	137.0	-77.5
2026-06-24T19:09:56.708715	153.0	-76.0
2026-06-24T19:09:56.708838	122.0	-76.5
2026-06-24T19:09:56.708923	111.0	-75.0
2026-06-24T19:09:56.708997	114.0	-79.0
2026-06-24T19:09:56.709066	112.0	-78.0
2026-06-24T19:09:56.709132	122.0	-74.5
2026-06-24T19:09:56.709204	134.0	-77.5
2026-06-24T19:09:56.709276	107.0	-80.0
2026-06-24T19:09:56.709344	121.0	-71.5
2026-06-24T19:09:56.709414	80.0	-77.0
2026-06-24T19:10:05.755054	103.0	-65.5
2026-06-24T19:10:05.755187	92.0	-65.0
2026-06-24T19:10:05.755262	69.0	-64.0
2026-06-24T19:10:05.755334	52.0	-63.0
2026-06-24T19:10:05.755403	75.0	-65.0
2026-06-24T19:10:05.755471	42.0	-63.5
2026-06-24T19:10:05.755541	45.0	-62.5
2026-06-24T19:10:05.755614	43.0	-64.5
2026-06-24T19:10:05.755682	39.0	-66.5
2026-06-24T19:10:05.755817	50.0	-64.5
2026-06-24T19:10:14.801414	65.0	-61.0
2026-06-24T19:10:14.801536	63.0	-59.5
2026-06-24T19:10:14.801620	65.0	-59.5
2026-06-24T19:10:14.801696	87.0	-64.0
2026-06-24T19:10:14.801766	76.0	-64.0
2026-06-24T19:10:14.801835	53.0	-62.0
2026-06-24T19:10:14.801902	54.0	-62.0
2026-06-24T19:10:14.801968	57.0	-62.5
2026-06-24T19:10:14.802039	78.0	-64.0
2026-06-24T19:10:14.802106	71.0	-65.5
2026-06-24T19:10:23.851461	70.0	-62.5
2026-06-24T19:10:23.851595	68.0	-62.0
2026-06-24T19:10:23.851670	70.0	-63.5
2026-06-24T19:10:23.851745	75.0	-63.0
2026-06-24T19:10:23.851893	70.0	-63.5
2026-06-24T19:10:23.851965	71.0	-64.0
2026-06-24T19:10:23.852033	85.0	-64.0
2026-06-24T19:10:23.852100	90.0	-63.0
2026-06-24T19:10:23.852166	83.0	-65.0
2026-06-24T19:10:23.852234	81.0	-65.0
2026-06-24T19:10:32.910621	54.0	-63.5
2026-06-24T19:10:32.910754	43.0	-64.5
2026-06-24T19:10:32.910831	43.0	-64.0
2026-06-24T19:10:32.910903	48.0	-62.5
2026-06-24T19:10:32.910975	48.0	-62.0
2026-06-24T19:10:32.911042	42.0	-66.0
2026-06-24T19:10:32.911109	46.0	-67.0
2026-06-24T19:10:32.911174	41.0	-67.5
2026-06-24T19:10:32.911243	45.0	-65.0
2026-06-24T19:10:32.911311	52.0	-61.5
2026-06-24T19:10:41.966983	147.0	-82.0
2026-06-24T19:10:41.967107	182.0	-77.0
2026-06-24T19:10:41.967188	127.0	-77.0
2026-06-24T19:10:41.967260	146.0	-79.5
2026-06-24T19:10:41.967342	128.0	-76.0
2026-06-24T19:10:41.967410	131.0	-69.0
2026-06-24T19:10:41.967478	113.0	-68.5
2026-06-24T19:10:41.967548	114.0	-69.0
2026-06-24T19:10:41.967616	110.0	-68.5
2026-06-24T19:10:50.997703	115.0	-79.5
2026-06-24T19:10:50.997839	113.0	-73.5
2026-06-24T19:10:50.997917	109.0	-74.0
2026-06-24T19:10:50.997989	112.0	-73.5
2026-06-24T19:10:50.998062	126.0	-73.5
2026-06-24T19:10:50.998133	111.0	-77.0
2026-06-24T19:10:50.998200	126.0	-76.5
2026-06-24T19:10:50.998270	127.0	-79.0
2026-06-24T19:10:50.998336	142.0	-76.0
2026-06-24T19:10:50.998405	120.0	-75.5
2026-06-24T19:11:00.044452	143.0	-75.0
2026-06-24T19:11:00.044576	146.0	-75.5
2026-06-24T19:11:00.044671	126.0	-77.5
2026-06-24T19:11:00.044747	147.0	-71.5
2026-06-24T19:11:00.044820	128.0	-76.0
2026-06-24T19:11:00.044887	121.0	-76.5
2026-06-24T19:11:00.044957	82.0	-81.0
2026-06-24T19:11:00.045023	108.0	-78.5
2026-06-24T19:11:00.045090	126.0	-74.0
2026-06-24T19:11:09.100712	98.0	-65.5
2026-06-24T19:11:09.100847	41.0	-64.0
2026-06-24T19:11:09.100922	42.0	-63.0
2026-06-24T19:11:09.100995	45.0	-62.5
2026-06-24T19:11:09.101069	76.0	-65.5
2026-06-24T19:11:09.101140	92.0	-65.5
2026-06-24T19:11:09.101210	87.0	-65.5
2026-06-24T19:11:09.101281	87.0	-65.0
2026-06-24T19:11:09.101347	61.0	-65.0
2026-06-24T19:11:09.101414	89.0	-65.0
2026-06-24T19:11:18.136875	57.0	-65.0
2026-06-24T19:11:18.136998	57.0	-65.0
2026-06-24T19:11:18.137072	56.0	-66.0
2026-06-24T19:11:18.137143	61.0	-64.5
2026-06-24T19:11:18.137223	62.0	-64.5
2026-06-24T19:11:18.137294	64.0	-65.0
2026-06-24T19:11:18.137360	63.0	-65.0
2026-06-24T19:11:18.137424	58.0	-66.0
2026-06-24T19:11:18.137493	56.0	-66.0
2026-06-24T19:11:18.137558	58.0	-66.0
2026-06-24T19:11:27.177638	52.0	-65.5
2026-06-24T19:11:27.177772	52.0	-64.5
2026-06-24T19:11:27.177850	67.0	-66.0
2026-06-24T19:11:27.177922	71.0	-67.0
2026-06-24T19:11:27.177992	41.0	-67.5
2026-06-24T19:11:27.178064	46.0	-64.5
2026-06-24T19:11:27.178135	95.0	-62.5
2026-06-24T19:11:27.178207	61.0	-64.0
2026-06-24T19:11:27.178272	73.0	-64.5
2026-06-24T19:11:27.178342	79.0	-66.5
2026-06-24T19:11:36.231271	138.0	-77.5
2026-06-24T19:11:36.231408	152.0	-77.0
2026-06-24T19:11:36.231483	113.0	-75.0
2026-06-24T19:11:36.231554	167.0	-73.0
2026-06-24T19:11:36.231624	162.0	-77.5
2026-06-24T19:11:36.231696	75.0	-78.5
2026-06-24T19:11:36.231869	151.0	-76.0
2026-06-24T19:11:36.231942	145.0	-73.0
2026-06-24T19:11:45.281136	155.0	-78.0
2026-06-24T19:11:45.281261	265.0	-75.0
2026-06-24T19:11:45.281334	266.0	-76.0
2026-06-24T19:11:45.281406	179.0	-77.0
2026-06-24T19:11:45.281475	186.0	-76.5
2026-06-24T19:11:45.281553	246.0	-74.5
2026-06-24T19:11:45.281625	239.0	-74.0
2026-06-24T19:11:45.281694	239.0	-72.0
2026-06-24T19:11:45.281761	234.0	-73.5
2026-06-24T19:11:54.306638	121.0	-80.5
2026-06-24T19:11:54.306774	122.0	-80.0
2026-06-24T19:11:54.306849	120.0	-75.0
2026-06-24T19:11:54.306921	122.0	-75.0
2026-06-24T19:11:54.306991	127.0	-74.0
2026-06-24T19:11:54.307058	121.0	-75.0
2026-06-24T19:11:54.307124	110.0	-74.0
2026-06-24T19:11:54.307192	108.0	-74.5
2026-06-24T19:11:54.307263	140.0	-75.5
2026-06-24T19:11:54.307335	115.0	-78.0
2026-06-24T19:12:03.354792	49.0	-64.5
2026-06-24T19:12:03.354955	53.0	-65.0
2026-06-24T19:12:03.355033	45.0	-67.0
2026-06-24T19:12:03.355106	45.0	-69.0
2026-06-24T19:12:03.355175	45.0	-66.0
2026-06-24T19:12:03.355243	45.0	-64.5
2026-06-24T19:12:03.355315	45.0	-65.0
2026-06-24T19:12:03.355382	46.0	-64.0
2026-06-24T19:12:03.355448	45.0	-64.0
2026-06-24T19:12:03.355515	43.0	-67.5
2026-06-24T19:12:12.386999	40.0	-70.5
2026-06-24T19:12:12.387145	44.0	-71.0
2026-06-24T19:12:12.387220	44.0	-69.5
2026-06-24T19:12:12.387296	48.0	-68.0
2026-06-24T19:12:12.387366	46.0	-68.5
2026-06-24T19:12:12.387437	38.0	-71.5
2026-06-24T19:12:12.387508	33.0	-71.5
2026-06-24T19:12:12.387577	29.0	-70.0
2026-06-24T19:12:12.387644	26.0	-71.0
2026-06-24T19:12:12.387711	31.0	-70.0
2026-06-24T19:12:12.387846	50.0	-62.5
2026-06-24T19:12:21.469984	133.0	-75.5
2026-06-24T19:12:21.470117	133.0	-74.0
2026-06-24T19:12:21.470192	137.0	-79.0
2026-06-24T19:12:21.470263	143.0	-79.5
2026-06-24T19:12:21.470336	145.0	-76.5
2026-06-24T19:12:21.470407	149.0	-74.5
2026-06-24T19:12:21.470478	148.0	-74.0
2026-06-24T19:12:21.470546	152.0	-77.5
2026-06-24T19:12:21.470615	148.0	-75.0
2026-06-24T19:12:21.470683	145.0	-72.0
2026-06-24T19:12:30.529252	139.0	-78.5
2026-06-24T19:12:30.529387	110.0	-76.5
2026-06-24T19:12:30.529473	113.0	-75.0
2026-06-24T19:12:30.529547	107.0	-68.5
2026-06-24T19:12:30.529620	92.0	-68.0
2026-06-24T19:12:30.529688	89.0	-68.5
2026-06-24T19:12:30.529759	90.0	-64.5
2026-06-24T19:12:30.529830	83.0	-66.5
2026-06-24T19:12:30.529901	74.0	-70.0
2026-06-24T22:59:50.553938	76.0	-71.5
2026-06-24T22:59:50.554039	75.0	-73.0
2026-06-24T22:59:50.554066	75.0	-75.0
2026-06-24T22:59:50.554094	82.0	-71.5
2026-06-24T22:59:50.554119	77.0	-68.0
2026-06-24T22:59:50.554143	73.0	-66.0
2026-06-24T22:59:50.554166	75.0	-66.0
2026-06-24T22:59:50.554286	73.0	-65.0
2026-06-24T22:59:50.554311	74.0	-65.0
2026-06-24T22:59:50.554335	76.0	-65.5
2026-06-24T22:59:50.554359	77.0	-65.5
2026-06-24T22:59:50.554383	79.0	-64.0
2026-06-24T22:59:50.554406	81.0	-68.5
2026-06-24T22:59:59.593707	72.0	-65.0
2026-06-24T22:59:59.593765	68.0	-65.0
2026-06-24T22:59:59.593789	73.0	-65.0
2026-06-24T22:59:59.593817	74.0	-64.5
2026-06-24T22:59:59.593847	73.0	-64.5
2026-06-24T22:59:59.593871	75.0	-65.5
2026-06-24T22:59:59.593894	76.0	-65.0
2026-06-24T22:59:59.593916	72.0	-65.5
2026-06-24T22:59:59.593940	77.0	-64.5
2026-06-24T22:59:59.593964	71.0	-66.0
2026-06-24T22:59:59.593987	76.0	-65.0
2026-06-24T22:59:59.594009	70.0	-65.0
2026-06-24T22:59:59.594032	72.0	-64.5
2026-06-24T23:00:08.653286	69.0	-65.0
2026-06-24T23:00:08.653344	71.0	-65.5
2026-06-24T23:00:08.653377	77.0	-66.0
2026-06-24T23:00:08.653404	71.0	-65.0
2026-06-24T23:00:08.653427	70.0	-65.5
2026-06-24T23:00:08.653452	79.0	-65.0
2026-06-24T23:00:08.653475	73.0	-64.5
2026-06-24T23:00:08.653498	70.0	-65.5
2026-06-24T23:00:08.653522	78.0	-65.0
2026-06-24T23:00:08.653545	75.0	-65.0
2026-06-24T23:00:08.653567	72.0	-65.5
2026-06-24T23:00:08.653590	73.0	-65.0
2026-06-24T23:00:08.653613	71.0	-66.5
2026-06-24T23:00:17.707972	73.0	-66.5
2026-06-24T23:00:17.708036	71.0	-64.5
2026-06-24T23:00:17.708062	72.0	-63.5
2026-06-24T23:00:17.708091	71.0	-64.0
2026-06-24T23:00:17.708114	75.0	-64.0
2026-06-24T23:00:17.708137	77.0	-64.0
2026-06-24T23:00:17.708160	73.0	-64.0
2026-06-24T23:00:17.708183	76.0	-64.5
2026-06-24T23:00:17.708207	81.0	-64.5
2026-06-24T23:00:17.708230	72.0	-65.0
2026-06-24T23:00:17.708253	76.0	-64.5
2026-06-24T23:00:17.708276	74.0	-63.5
2026-06-24T23:00:17.708299	71.0	-63.5
2026-06-24T23:21:25.762854	82.0	-71.5
2026-06-24T23:21:25.763301	83.0	-71.5
2026-06-24T23:21:25.763457	85.0	-72.5
2026-06-24T23:21:25.763591	90.0	-72.5
2026-06-24T23:21:25.763728	84.0	-71.5
2026-06-24T23:21:25.763860	84.0	-72.5
2026-06-24T23:21:25.763997	84.0	-72.5
2026-06-24T23:21:25.764135	83.0	-74.5
2026-06-24T23:21:25.764287	89.0	-75.5
2026-06-24T23:21:25.764406	87.0	-78.5
2026-06-24T23:21:25.764526	84.0	-75.5
2026-06-24T23:21:25.764648	84.0	-76.5
2026-06-24T23:21:34.840996	71.0	-77.5
2026-06-24T23:21:34.841348	71.0	-79.0
2026-06-24T23:21:34.841477	78.0	-77.0
2026-06-24T23:21:34.841593	70.0	-78.0
2026-06-24T23:21:34.841705	60.0	-78.0
2026-06-24T23:21:34.841817	73.0	-79.5
2026-06-24T23:21:34.841932	65.0	-81.0
2026-06-24T23:21:34.842049	64.0	-80.0
2026-06-24T23:21:34.842159	64.0	-79.0
2026-06-24T23:21:34.842351	67.0	-79.0
2026-06-24T23:21:34.842521	62.0	-79.5
2026-06-24T23:21:34.842721	66.0	-77.5
2026-06-24T23:21:43.893250	62.0	-75.0
2026-06-24T23:21:43.893587	68.0	-77.0
2026-06-24T23:21:43.893716	67.0	-75.5
2026-06-24T23:21:43.893841	72.0	-75.5
2026-06-24T23:21:43.893954	69.0	-75.5
2026-06-24T23:21:43.894071	70.0	-76.0
2026-06-24T23:21:43.894182	65.0	-75.5
2026-06-24T23:21:43.894413	66.0	-76.0
2026-06-24T23:21:43.894580	68.0	-76.0
2026-06-24T23:21:43.894757	65.0	-78.0
2026-06-24T23:21:43.894874	64.0	-77.5
2026-06-24T23:21:43.894985	67.0	-76.5
2026-06-24T23:21:52.919831	84.0	-71.5
2026-06-24T23:21:52.920347	93.0	-70.5
2026-06-24T23:21:52.920586	41.0	-71.0
2026-06-24T23:21:52.920808	93.0	-70.5
2026-06-24T23:21:52.921027	52.0	-71.0
2026-06-24T23:21:52.921237	40.0	-70.5
2026-06-24T23:21:52.921451	77.0	-71.0
2026-06-24T23:21:52.921661	61.0	-71.0
2026-06-24T23:21:52.921867	31.0	-70.5
2026-06-24T23:21:52.922082	82.0	-71.0
2026-06-24T23:21:52.922413	15.0	-71.0
2026-06-24T23:21:52.922729	35.0	-71.0
2026-06-24T23:21:52.922987	39.0	-71.5
2026-06-24T23:22:02.001698	102.0	-80.0
2026-06-24T23:22:02.002046	99.0	-79.5
2026-06-24T23:22:02.002227	92.0	-80.0
2026-06-24T23:22:02.002404	81.0	-78.5
2026-06-24T23:22:02.002592	81.0	-80.0
2026-06-24T23:22:02.002723	83.0	-78.5
2026-06-24T23:22:02.002839	74.0	-80.0
2026-06-24T23:22:02.002952	83.0	-80.0
2026-06-24T23:22:02.003062	77.0	-80.5
2026-06-24T23:22:02.003179	79.0	-80.5
2026-06-24T23:22:02.003289	80.0	-79.5
2026-06-24T23:22:02.003399	84.0	-79.0
2026-06-24T23:22:02.003505	82.0	-80.0
2026-06-24T23:22:11.051871	53.0	-81.0
2026-06-24T23:22:11.052219	48.0	-82.0
2026-06-24T23:22:11.052344	68.0	-81.5
2026-06-24T23:22:11.052475	74.0	-79.5
2026-06-24T23:22:11.052588	76.0	-78.5
2026-06-24T23:22:11.052698	75.0	-78.0
2026-06-24T23:22:11.052806	84.0	-75.5
2026-06-24T23:22:11.052920	83.0	-75.5
2026-06-24T23:22:11.053032	84.0	-75.5
2026-06-24T23:22:11.053147	84.0	-75.5
2026-06-24T23:22:11.053257	80.0	-75.0
2026-06-24T23:22:11.053365	76.0	-76.5
2026-06-24T23:22:11.053475	81.0	-73.0
2026-06-24T23:30:33.674960	60.0	-75.5
2026-06-24T23:30:33.675400	71.0	-67.5
2026-06-24T23:30:33.675561	66.0	-66.0
2026-06-24T23:30:33.675696	72.0	-67.5
2026-06-24T23:30:33.675828	62.0	-71.5
2026-06-24T23:30:33.675956	69.0	-69.5
2026-06-24T23:30:33.676097	71.0	-69.0
2026-06-24T23:30:33.676229	77.0	-68.5
2026-06-24T23:30:33.676379	78.0	-70.0
2026-06-24T23:30:33.676498	80.0	-70.5
2026-06-24T23:30:33.676621	79.0	-73.0
2026-06-24T23:30:43.210909	73.0	-73.5
2026-06-24T23:30:43.211266	59.0	-68.0
2026-06-24T23:30:43.211392	60.0	-66.5
2026-06-24T23:30:43.211512	61.0	-66.5
2026-06-24T23:30:43.211627	64.0	-66.0
2026-06-24T23:30:43.211736	63.0	-65.5
2026-06-24T23:30:43.211849	64.0	-65.5
2026-06-24T23:30:43.211962	63.0	-65.5
2026-06-24T23:30:43.212076	63.0	-65.5
2026-06-24T23:30:43.212186	63.0	-66.0
2026-06-24T23:30:43.212303	61.0	-66.0
2026-06-24T23:30:43.212417	60.0	-65.0
2026-06-24T23:30:43.212524	61.0	-66.0
2026-06-24T23:30:52.771173	68.0	-64.0
2026-06-24T23:30:52.771515	67.0	-63.5
2026-06-24T23:30:52.771652	61.0	-63.0
2026-06-24T23:30:52.771769	49.0	-68.0
2026-06-24T23:30:52.771883	97.0	-67.0
2026-06-24T23:30:52.771992	71.0	-65.5
2026-06-24T23:30:52.772107	72.0	-67.0
2026-06-24T23:30:52.772220	76.0	-66.0
2026-06-24T23:30:52.772329	75.0	-68.0
2026-06-24T23:30:52.772444	76.0	-68.0
2026-06-24T23:30:52.772555	69.0	-68.0
2026-06-24T23:30:52.772662	70.0	-68.5
2026-06-24T23:30:52.772773	63.0	-70.0
2026-06-24T23:31:02.323508	75.0	-71.0
2026-06-24T23:31:02.323857	75.0	-73.5
2026-06-24T23:31:02.323994	83.0	-73.0
2026-06-24T23:31:02.324112	78.0	-70.5
2026-06-24T23:31:02.324227	61.0	-72.0
2026-06-24T23:31:02.324340	74.0	-69.0
2026-06-24T23:31:02.324454	62.0	-75.0
2026-06-24T23:31:02.324568	69.0	-68.5
2026-06-24T23:31:02.324683	56.0	-71.5
2026-06-24T23:31:02.324800	61.0	-73.0
2026-06-24T23:31:02.324909	72.0	-70.0
2026-06-24T23:31:02.325017	73.0	-70.0
2026-06-24T23:31:02.325122	80.0	-66.5
2026-06-24T23:31:11.885839	68.0	-64.0
2026-06-24T23:31:11.886270	63.0	-65.0
2026-06-24T23:31:11.886496	61.0	-65.0
2026-06-24T23:31:11.886671	61.0	-64.5
2026-06-24T23:31:11.886840	66.0	-65.0
2026-06-24T23:31:11.886988	70.0	-65.5
2026-06-24T23:31:11.887133	67.0	-65.0
2026-06-24T23:31:11.887275	65.0	-65.5
2026-06-24T23:31:11.887415	57.0	-66.5
2026-06-24T23:31:11.887561	68.0	-66.0
2026-06-24T23:31:11.887695	62.0	-65.5
2026-06-24T23:31:11.887829	74.0	-62.0
2026-06-24T23:31:11.887960	69.0	-64.0
2026-06-24T23:31:21.466060	68.0	-62.5
2026-06-24T23:31:21.466487	59.0	-59.0
2026-06-24T23:31:21.466652	53.0	-62.0
2026-06-24T23:31:21.466801	66.0	-63.5
2026-06-24T23:31:21.466915	75.0	-65.0
2026-06-24T23:31:21.467020	71.0	-65.0
2026-06-24T23:31:21.467125	70.0	-63.5
2026-06-24T23:31:21.467237	93.0	-68.5
2026-06-24T23:31:21.467344	90.0	-67.5
2026-06-24T23:31:21.467455	82.0	-66.0
2026-06-24T23:31:21.467557	77.0	-64.0
2026-06-24T23:31:21.467660	72.0	-67.5
2026-06-24T23:31:31.014425	140.0	-79.0
2026-06-24T23:31:31.014771	134.0	-75.5
2026-06-24T23:31:31.014907	138.0	-76.5
2026-06-24T23:31:31.015024	130.0	-76.0
2026-06-24T23:31:31.015135	130.0	-75.5
2026-06-24T23:31:31.015247	141.0	-76.0
2026-06-24T23:31:31.015355	134.0	-76.0
2026-06-24T23:31:31.015470	141.0	-80.0
2026-06-24T23:31:31.015579	143.0	-75.5
2026-06-24T23:31:31.015692	136.0	-77.5
2026-06-24T23:31:31.015807	144.0	-74.5
2026-06-24T23:31:40.558644	145.0	-80.5
2026-06-24T23:31:40.559028	133.0	-73.5
2026-06-24T23:31:40.559260	134.0	-80.0
2026-06-24T23:31:40.559440	133.0	-76.0
2026-06-24T23:31:40.559596	127.0	-80.5
2026-06-24T23:31:40.559748	123.0	-77.0
2026-06-24T23:31:40.559889	123.0	-76.5
2026-06-24T23:31:40.560039	130.0	-77.0
2026-06-24T23:31:40.560179	130.0	-77.5
2026-06-24T23:31:40.560321	126.0	-74.0
2026-06-24T23:31:40.560459	130.0	-78.5
2026-06-24T23:31:40.560603	132.0	-76.5
2026-06-24T23:31:50.134801	131.0	-76.5
2026-06-24T23:31:50.135184	132.0	-75.0
2026-06-24T23:31:50.135378	134.0	-75.0
2026-06-24T23:31:50.135549	135.0	-74.5
2026-06-24T23:31:50.135716	140.0	-75.5
2026-06-24T23:31:50.135865	130.0	-74.5
2026-06-24T23:31:50.136009	135.0	-75.5
2026-06-24T23:31:50.136153	135.0	-75.0
2026-06-24T23:31:50.136287	134.0	-76.0
2026-06-24T23:31:50.136423	135.0	-79.0
2026-06-24T23:31:50.136564	133.0	-77.0
2026-06-24T23:31:50.136699	131.0	-78.0
2026-06-24T23:31:59.665166	108.0	-72.0
2026-06-24T23:31:59.665550	110.0	-71.5
2026-06-24T23:31:59.665748	107.0	-71.5
2026-06-24T23:31:59.665927	109.0	-72.0
2026-06-24T23:31:59.666083	111.0	-73.5
2026-06-24T23:31:59.666288	117.0	-78.5
2026-06-24T23:31:59.666451	134.0	-78.0
2026-06-24T23:31:59.666598	137.0	-77.5
2026-06-24T23:31:59.666741	132.0	-73.5
2026-06-24T23:31:59.666881	133.0	-75.0
2026-06-24T23:31:59.667025	139.0	-76.0
2026-06-24T23:31:59.667161	130.0	-76.0
2026-06-24T23:32:09.215634	55.0	-70.5
2026-06-24T23:32:09.216029	57.0	-70.5
2026-06-24T23:32:09.216231	67.0	-60.0
2026-06-24T23:32:09.216405	67.0	-59.5
2026-06-24T23:32:09.216566	72.0	-62.0
2026-06-24T23:32:09.216712	56.0	-67.0
2026-06-24T23:32:09.216858	72.0	-69.5
2026-06-24T23:32:09.217006	66.0	-63.5
2026-06-24T23:32:09.217148	68.0	-60.0
2026-06-24T23:32:09.217287	64.0	-61.0
2026-06-24T23:32:09.217432	61.0	-70.0
2026-06-24T23:32:09.217569	63.0	-68.0
2026-06-24T23:32:18.753818	68.0	-63.5
2026-06-24T23:32:18.754249	64.0	-62.0
2026-06-24T23:32:18.754462	62.0	-63.0
2026-06-24T23:32:18.754633	64.0	-65.0
2026-06-24T23:32:18.754786	50.0	-64.0
2026-06-24T23:32:18.754929	54.0	-64.5
2026-06-24T23:32:18.755076	64.0	-63.5
2026-06-24T23:32:18.755220	66.0	-58.5
2026-06-24T23:32:18.755360	63.0	-61.5
2026-06-24T23:32:18.755500	59.0	-61.5
2026-06-24T23:32:18.755645	62.0	-59.5
2026-06-24T23:32:18.755784	63.0	-59.5
2026-06-24T23:32:18.755920	61.0	-64.5
2026-06-24T23:32:28.316054	60.0	-63.5
2026-06-24T23:32:28.316453	68.0	-60.5
2026-06-24T23:32:28.316649	76.0	-64.5
2026-06-24T23:32:28.316830	26.0	-70.5
2026-06-24T23:32:28.316992	40.0	-71.5
2026-06-24T23:32:28.317145	55.0	-67.0
2026-06-24T23:32:28.317288	56.0	-65.0
2026-06-24T23:32:28.317429	58.0	-64.5
2026-06-24T23:32:28.317573	57.0	-64.0
2026-06-24T23:32:28.317720	54.0	-64.5
2026-06-24T23:32:28.317861	57.0	-64.5
2026-06-24T23:32:28.317999	61.0	-63.0
2026-06-24T23:32:37.870282	117.0	-76.5
2026-06-24T23:32:37.870661	115.0	-75.5
2026-06-24T23:32:37.870814	123.0	-76.5
2026-06-24T23:32:37.870941	130.0	-77.0
2026-06-24T23:32:37.871054	121.0	-76.0
2026-06-24T23:32:37.871168	117.0	-74.5
2026-06-24T23:32:37.871283	112.0	-76.5
2026-06-24T23:32:37.871399	114.0	-75.0
2026-06-24T23:32:37.871509	117.0	-76.5
2026-06-24T23:32:37.871627	119.0	-76.5
2026-06-24T23:32:47.436738	141.0	-79.5
2026-06-24T23:32:47.437387	102.0	-80.5
2026-06-24T23:32:47.437599	123.0	-74.5
2026-06-24T23:32:47.437776	111.0	-81.5
2026-06-24T23:32:47.438037	111.0	-77.0
2026-06-24T23:32:47.438235	116.0	-78.0
2026-06-24T23:32:47.438487	108.0	-76.5
2026-06-24T23:32:47.438708	127.0	-76.5
2026-06-24T23:32:47.438912	142.0	-79.0
2026-06-24T23:32:47.439049	136.0	-77.0
2026-06-24T23:32:47.439240	141.0	-76.5
2026-06-24T23:32:47.439433	97.0	-82.0
2026-06-24T23:32:47.439574	128.0	-77.5
2026-06-24T23:32:57.002915	109.0	-78.5
2026-06-24T23:32:57.003561	146.0	-75.5
2026-06-24T23:32:57.003769	123.0	-74.0
2026-06-24T23:32:57.003908	122.0	-75.5
2026-06-24T23:32:57.004163	118.0	-71.0
2026-06-24T23:32:57.004326	116.0	-79.5
2026-06-24T23:32:57.004535	113.0	-75.0
2026-06-24T23:32:57.004749	119.0	-74.5
2026-06-24T23:32:57.004902	119.0	-73.0
2026-06-24T23:32:57.005099	119.0	-75.5
2026-06-24T23:32:57.005310	111.0	-77.0
2026-06-24T23:33:06.559165	111.0	-78.0
2026-06-24T23:33:06.559801	111.0	-74.5
2026-06-24T23:33:06.560015	107.0	-74.5
2026-06-24T23:33:06.560167	108.0	-76.5
2026-06-24T23:33:06.560424	115.0	-76.5
2026-06-24T23:33:06.560591	114.0	-77.0
2026-06-24T23:33:06.560799	113.0	-75.5
2026-06-24T23:33:06.561018	114.0	-75.5
2026-06-24T23:33:06.561167	113.0	-75.0
2026-06-24T23:33:06.561362	110.0	-75.0
2026-06-24T23:33:06.561567	106.0	-75.5
2026-06-24T23:33:06.561714	110.0	-75.5
2026-06-24T23:33:06.561910	111.0	-76.5
2026-06-24T23:33:16.073633	64.0	-65.5
2026-06-24T23:33:16.073987	66.0	-64.0
2026-06-24T23:33:16.074113	66.0	-66.5
2026-06-24T23:33:16.074314	65.0	-64.5
2026-06-24T23:33:16.074487	59.0	-62.0
2026-06-24T23:33:16.074635	59.0	-64.5
2026-06-24T23:33:16.074786	61.0	-65.0
2026-06-24T23:33:16.074908	62.0	-64.5
2026-06-24T23:33:16.075022	56.0	-60.0
2026-06-24T23:33:16.075133	57.0	-64.5
2026-06-24T23:33:16.075245	61.0	-65.5
2026-06-24T23:33:16.075357	63.0	-63.5
2026-06-24T23:33:16.075468	67.0	-60.0
2026-06-24T23:33:25.618160	44.0	-66.5
2026-06-24T23:33:25.618588	44.0	-65.5
2026-06-24T23:33:25.618742	44.0	-68.0
2026-06-24T23:33:25.618864	37.0	-70.5
2026-06-24T23:33:25.618982	32.0	-70.0
2026-06-24T23:33:25.619092	32.0	-68.0
2026-06-24T23:33:25.619202	33.0	-67.0
2026-06-24T23:33:25.619314	32.0	-67.5
2026-06-24T23:33:25.619427	49.0	-68.0
2026-06-24T23:33:25.619542	51.0	-67.5
2026-06-24T23:33:25.619652	43.0	-67.5
2026-06-24T23:33:25.619762	35.0	-68.0
2026-06-24T23:33:25.619871	42.0	-67.5
2026-06-24T23:33:35.182105	67.0	-59.0
2026-06-24T23:33:35.182529	63.0	-62.0
2026-06-24T23:33:35.182688	53.0	-70.5
2026-06-24T23:33:35.182814	53.0	-65.5
2026-06-24T23:33:35.182929	58.0	-63.5
2026-06-24T23:33:35.183042	49.0	-66.5
2026-06-24T23:33:35.183155	99.0	-65.5
2026-06-24T23:33:35.183270	94.0	-65.5
2026-06-24T23:33:35.183381	95.0	-66.5
2026-06-24T23:33:35.183498	34.0	-75.0
2026-06-24T23:33:35.183607	77.0	-69.5
2026-06-24T23:33:35.183717	76.0	-63.0
2026-06-24T23:33:44.722504	81.0	-66.0
2026-06-24T23:33:44.722847	76.0	-65.5
2026-06-24T23:33:44.722982	77.0	-67.0
2026-06-24T23:33:44.723100	99.0	-68.5
2026-06-24T23:33:44.723214	101.0	-69.0
2026-06-24T23:33:44.723322	97.0	-68.0
2026-06-24T23:33:44.723430	89.0	-67.5
2026-06-24T23:33:44.723544	91.0	-68.0
2026-06-24T23:33:44.723652	92.0	-68.5
2026-06-24T23:33:44.723763	97.0	-68.5
2026-06-24T23:33:44.723879	91.0	-68.0
2026-06-24T23:33:44.723994	92.0	-68.0
2026-06-24T23:33:44.724102	90.0	-68.5
2026-06-24T23:33:54.302709	63.0	-64.0
2026-06-24T23:33:54.303050	67.0	-63.0
2026-06-24T23:33:54.303180	66.0	-60.5
2026-06-24T23:33:54.303305	65.0	-63.0
2026-06-24T23:33:54.303416	66.0	-64.0
2026-06-24T23:33:54.303527	65.0	-64.5
2026-06-24T23:33:54.303641	66.0	-64.5
2026-06-24T23:33:54.303755	71.0	-60.5
2026-06-24T23:33:54.303867	69.0	-59.5
2026-06-24T23:33:54.303984	67.0	-60.5
2026-06-24T23:33:54.304095	67.0	-61.5
2026-06-24T23:33:54.304207	60.0	-64.0
2026-06-24T23:34:03.852917	112.0	-78.0
2026-06-24T23:34:03.853259	112.0	-78.0
2026-06-24T23:34:03.853391	120.0	-78.0
2026-06-24T23:34:03.853508	112.0	-79.5
2026-06-24T23:34:03.853629	116.0	-79.0
2026-06-24T23:34:03.853742	111.0	-77.0
2026-06-24T23:34:03.853852	121.0	-76.5
2026-06-24T23:34:03.853969	119.0	-77.0
2026-06-24T23:34:03.854080	115.0	-77.5
2026-06-24T23:34:03.854248	111.0	-75.5
2026-06-24T23:34:03.854491	121.0	-75.5
2026-06-24T23:34:03.854663	117.0	-76.0
2026-06-24T23:34:13.403110	112.0	-74.5
2026-06-24T23:34:13.403463	113.0	-77.0
2026-06-24T23:34:13.403593	110.0	-75.5
2026-06-24T23:34:13.403712	107.0	-79.0
2026-06-24T23:34:13.403824	101.0	-80.0
2026-06-24T23:34:13.403936	101.0	-76.0
2026-06-24T23:34:13.404046	139.0	-77.0
2026-06-24T23:34:13.404156	125.0	-77.5
2026-06-24T23:34:13.404274	118.0	-77.0
2026-06-24T23:34:13.404381	121.0	-79.0
2026-06-24T23:34:22.959439	110.0	-77.0
2026-06-24T23:34:22.959781	111.0	-74.5
2026-06-24T23:34:22.959918	114.0	-76.0
2026-06-24T23:34:22.960036	119.0	-77.5
2026-06-24T23:34:22.960151	131.0	-76.0
2026-06-24T23:34:22.960262	124.0	-77.0
2026-06-24T23:34:22.960372	130.0	-75.5
2026-06-24T23:34:22.960488	123.0	-76.5
2026-06-24T23:34:22.960601	122.0	-75.0
2026-06-24T23:34:22.960710	125.0	-76.5
2026-06-24T23:34:22.960823	118.0	-75.5
2026-06-24T23:34:22.960936	125.0	-75.0
2026-06-24T23:34:22.961047	127.0	-76.0
2026-06-24T23:34:32.524070	137.0	-76.5
2026-06-24T23:34:32.524422	128.0	-76.5
2026-06-24T23:34:32.524551	116.0	-75.0
2026-06-24T23:34:32.524672	123.0	-79.0
2026-06-24T23:34:32.524784	132.0	-78.5
2026-06-24T23:34:32.524899	131.0	-79.5
2026-06-24T23:34:32.525015	126.0	-75.5
2026-06-24T23:34:32.525131	126.0	-76.5
2026-06-24T23:34:32.525245	122.0	-74.0
2026-06-24T23:34:32.525354	121.0	-75.5
2026-06-24T23:34:42.062262	71.0	-69.0
2026-06-24T23:34:42.062632	77.0	-67.0
2026-06-24T23:34:42.062784	77.0	-67.5
2026-06-24T23:34:42.062920	34.0	-74.5
2026-06-24T23:34:42.063038	51.0	-70.5
2026-06-24T23:34:42.063153	55.0	-67.5
2026-06-24T23:34:42.063267	59.0	-64.5
2026-06-24T23:34:42.063384	62.0	-61.0
2026-06-24T23:34:42.063494	74.0	-58.5
2026-06-24T23:34:42.063606	74.0	-59.0
2026-06-24T23:34:42.063716	69.0	-62.5
2026-06-24T23:34:42.063828	72.0	-63.5
2026-06-24T23:34:42.063954	71.0	-58.5
2026-06-24T23:34:51.622779	65.0	-63.5
2026-06-24T23:34:51.623167	66.0	-59.5
2026-06-24T23:34:51.623328	70.0	-60.0
2026-06-24T23:34:51.623449	70.0	-62.5
2026-06-24T23:34:51.623567	65.0	-67.0
2026-06-24T23:34:51.623680	46.0	-66.0
2026-06-24T23:34:51.623789	49.0	-65.0
2026-06-24T23:34:51.623908	50.0	-64.5
2026-06-24T23:34:51.624020	53.0	-65.0
2026-06-24T23:34:51.624130	77.0	-66.0
2026-06-24T23:34:51.624237	79.0	-64.5
2026-06-24T23:35:01.154684	44.0	-66.5
2026-06-24T23:35:01.155195	42.0	-69.0
2026-06-24T23:35:01.155577	35.0	-68.0
2026-06-24T23:35:01.155766	70.0	-61.0
2026-06-24T23:35:01.156015	70.0	-66.5
2026-06-24T23:35:01.156185	63.0	-70.0
2026-06-24T23:35:01.156398	59.0	-69.5
2026-06-24T23:35:01.156608	61.0	-66.5
2026-06-24T23:35:01.156756	61.0	-69.5
2026-06-24T23:35:01.156881	61.0	-72.5
2026-06-24T23:35:01.156999	65.0	-64.5
2026-06-24T23:35:01.157116	66.0	-58.5
2026-06-24T23:35:01.157229	46.0	-68.0
2026-06-24T23:35:10.729227	66.0	-57.0
2026-06-24T23:35:10.729574	71.0	-57.0
2026-06-24T23:35:10.729705	55.0	-58.0
2026-06-24T23:35:10.729819	55.0	-59.5
2026-06-24T23:35:10.729938	51.0	-59.5
2026-06-24T23:35:10.730052	52.0	-59.0
2026-06-24T23:35:10.730160	56.0	-55.5
2026-06-24T23:35:10.730383	62.0	-57.5
2026-06-24T23:35:10.730596	67.0	-56.5
2026-06-24T23:35:10.730777	63.0	-56.0
2026-06-24T23:35:10.730925	61.0	-57.0
2026-06-24T23:35:10.731064	65.0	-53.0
2026-06-24T23:35:20.287239	137.0	-80.5
2026-06-24T23:35:20.287591	152.0	-82.0
2026-06-24T23:35:20.287718	145.0	-81.0
2026-06-24T23:35:20.287833	174.0	-79.5
2026-06-24T23:35:20.287951	143.0	-74.0
2026-06-24T23:35:20.288061	111.0	-76.5
2026-06-24T23:35:20.288176	118.0	-73.5
2026-06-24T23:35:20.288289	122.0	-77.0
2026-06-24T23:35:20.288397	99.0	-77.0
2026-06-24T23:35:29.855601	138.0	-78.0
2026-06-24T23:35:29.855948	134.0	-79.5
2026-06-24T23:35:29.856088	150.0	-76.5
2026-06-24T23:35:29.856206	137.0	-80.0
2026-06-24T23:35:29.856318	137.0	-77.5
2026-06-24T23:35:29.856432	137.0	-77.5
2026-06-24T23:35:29.856546	136.0	-76.5
2026-06-24T23:35:29.856662	160.0	-89.5
2026-06-24T23:35:29.856774	138.0	-78.0
2026-06-24T23:35:29.856885	144.0	-80.0
2026-06-24T23:35:29.856993	130.0	-77.5
2026-06-24T23:35:29.857106	140.0	-74.5
2026-06-24T23:35:39.401761	128.0	-76.0
2026-06-24T23:35:39.402127	126.0	-77.0
2026-06-24T23:35:39.402347	126.0	-79.0
2026-06-24T23:35:39.402560	123.0	-78.5
2026-06-24T23:35:39.402735	130.0	-78.0
2026-06-24T23:35:39.402879	128.0	-78.0
2026-06-24T23:35:39.403011	128.0	-75.0
2026-06-24T23:35:39.403153	125.0	-77.5
2026-06-24T23:35:39.403292	130.0	-79.0
2026-06-24T23:35:39.403425	130.0	-79.5
2026-06-24T23:35:39.403565	127.0	-79.0
2026-06-24T23:35:39.403693	127.0	-76.0
2026-06-24T23:35:39.403808	127.0	-75.0
2026-06-24T23:35:48.964056	130.0	-75.0
2026-06-24T23:35:48.964401	123.0	-74.5
2026-06-24T23:35:48.964538	119.0	-73.0
2026-06-24T23:35:48.964655	122.0	-74.5
2026-06-24T23:35:48.964770	122.0	-78.0
2026-06-24T23:35:48.964879	123.0	-78.0
2026-06-24T23:35:48.964988	127.0	-79.0
2026-06-24T23:35:48.965103	118.0	-80.0
2026-06-24T23:35:48.965213	128.0	-78.5
2026-06-24T23:35:48.965341	119.0	-75.0
2026-06-24T23:35:58.504502	131.0	-75.0
2026-06-24T23:35:58.504850	132.0	-71.0
2026-06-24T23:35:58.504976	134.0	-72.0
2026-06-24T23:35:58.505095	147.0	-73.5
2026-06-24T23:35:58.505217	137.0	-71.0
2026-06-24T23:35:58.505328	150.0	-70.5
2026-06-24T23:35:58.505442	143.0	-69.5
2026-06-24T23:35:58.505559	137.0	-71.0
2026-06-24T23:35:58.505670	136.0	-74.0
2026-06-24T23:35:58.505781	130.0	-73.0
2026-06-24T23:35:58.505888	126.0	-79.0
2026-06-24T23:35:58.505995	125.0	-76.0
2026-06-24T23:35:58.506106	120.0	-74.0
2026-06-24T23:36:08.058326	67.0	-64.5
2026-06-24T23:36:08.058697	67.0	-64.5
2026-06-24T23:54:15.621965	134.0	-71.5
2026-06-24T23:54:15.622492	134.0	-72.5
2026-06-24T23:54:15.622665	136.0	-71.5
2026-06-24T23:54:15.622801	132.0	-72.0
2026-06-24T23:54:15.622935	137.0	-72.5
2026-06-24T23:54:15.623066	135.0	-73.0
2026-06-24T23:54:15.623207	135.0	-73.0
2026-06-24T23:54:15.623343	135.0	-73.5
2026-06-24T23:54:15.623496	135.0	-75.0
2026-06-24T23:54:15.623621	136.0	-73.0
2026-06-24T23:54:15.623741	135.0	-73.5
2026-06-24T23:54:15.623856	137.0	-73.0
2026-06-24T23:54:15.623968	134.0	-74.0
2026-06-24T23:54:25.188217	150.0	-71.5
2026-06-24T23:54:25.188877	143.0	-73.0
2026-06-24T23:54:25.189087	152.0	-73.0
2026-06-24T23:54:25.189232	144.0	-73.0
2026-06-24T23:54:25.189494	130.0	-74.5
2026-06-24T23:54:25.189694	130.0	-75.0
2026-06-24T23:54:25.189911	191.0	-72.5
2026-06-24T23:54:25.190127	150.0	-72.5
2026-06-24T23:54:25.190313	122.0	-72.0
2026-06-24T23:54:25.190532	123.0	-71.0
2026-06-24T23:54:25.190752	110.0	-71.0
2026-06-24T23:54:25.190896	104.0	-69.5
2026-06-24T23:54:25.191108	92.0	-70.5
2026-06-24T23:54:34.734499	159.0	-76.5
2026-06-24T23:54:34.734880	155.0	-74.5
2026-06-24T23:54:34.735297	159.0	-72.5
2026-06-24T23:54:34.735502	159.0	-74.0
2026-06-24T23:54:34.735742	160.0	-75.0
2026-06-24T23:54:34.735899	158.0	-75.5
2026-06-24T23:54:34.736147	153.0	-74.5
2026-06-24T23:54:34.736373	149.0	-78.0
2026-06-24T23:54:34.736529	144.0	-77.5
2026-06-24T23:54:34.736734	144.0	-78.5
2026-06-24T23:54:34.736943	138.0	-77.0
2026-06-24T23:54:34.737100	140.0	-75.0
2026-06-24T23:54:44.284823	182.0	-78.5
2026-06-24T23:54:44.285221	164.0	-77.0
2026-06-24T23:54:44.285641	154.0	-79.5
2026-06-24T23:54:44.285842	149.0	-81.0
2026-06-24T23:54:44.286061	157.0	-79.0
2026-06-24T23:54:44.286272	167.0	-78.0
2026-06-24T23:54:44.286467	158.0	-77.0
2026-06-24T23:54:44.286599	195.0	-75.0
2026-06-24T23:54:44.286715	177.0	-77.0
2026-06-24T23:54:44.286826	179.0	-75.5
2026-06-24T23:54:44.286950	177.0	-73.5
2026-06-24T23:54:53.819022	174.0	-79.0
2026-06-24T23:54:53.819651	167.0	-76.5
2026-06-24T23:54:53.819948	253.0	-75.0
2026-06-24T23:54:53.820209	177.0	-78.5
2026-06-24T23:54:53.820438	157.0	-80.0
2026-06-24T23:54:53.820645	220.0	-79.5
2026-06-24T23:54:53.820853	181.0	-81.5
2026-06-24T23:54:53.821062	255.0	-75.5
2026-06-24T23:54:53.821260	182.0	-76.5
2026-06-24T23:54:53.821463	185.0	-77.0
2026-06-24T23:55:03.387184	188.0	-77.5
2026-06-24T23:55:03.387539	182.0	-72.5
2026-06-24T23:55:03.387673	168.0	-75.5
2026-06-24T23:55:03.387790	187.0	-77.5
2026-06-24T23:55:03.387905	193.0	-75.0
2026-06-24T23:55:03.388015	191.0	-75.5
2026-06-24T23:55:03.388132	196.0	-77.5
2026-06-24T23:55:03.388247	191.0	-80.0
2026-06-24T23:55:03.388356	187.0	-78.5
2026-06-24T23:55:03.388495	185.0	-78.5
2026-06-24T23:55:03.388601	189.0	-80.0
2026-06-24T23:55:03.388706	195.0	-73.5
2026-06-24T23:55:12.959560	76.0	-67.0
2026-06-24T23:55:12.960202	64.0	-64.0
2026-06-24T23:55:12.960481	60.0	-64.0
2026-06-24T23:55:12.960731	62.0	-65.0
2026-06-24T23:55:12.960954	64.0	-61.0
2026-06-24T23:55:12.961160	68.0	-63.0
2026-06-24T23:55:12.961358	74.0	-63.5
2026-06-24T23:55:12.961570	25.0	-70.0
2026-06-24T23:55:12.961765	69.0	-64.0
2026-06-24T23:55:12.961956	61.0	-58.0
2026-06-24T23:55:12.962155	67.0	-60.0
2026-06-24T23:55:12.963307	80.0	-70.5
2026-06-24T23:55:22.489679	61.0	-63.0
2026-06-24T23:55:22.490061	65.0	-62.5
2026-06-24T23:55:22.490268	54.0	-59.5
2026-06-24T23:55:22.490512	56.0	-59.5
2026-06-24T23:55:22.490684	50.0	-63.0
2026-06-24T23:55:22.490834	46.0	-66.5
2026-06-24T23:55:22.490980	33.0	-70.0
2026-06-24T23:55:22.491125	24.0	-70.0
2026-06-24T23:55:22.491259	44.0	-66.0
2026-06-24T23:55:22.491393	54.0	-63.5
2026-06-24T23:55:22.491538	53.0	-63.0
2026-06-24T23:55:22.491671	54.0	-62.5
2026-06-24T23:55:22.491807	51.0	-63.0
2026-06-24T23:55:32.059995	68.0	-61.5
2026-06-24T23:55:32.060390	65.0	-63.5
2026-06-24T23:55:32.060589	66.0	-64.0
2026-06-24T23:55:32.060773	73.0	-70.0
2026-06-24T23:55:32.060929	76.0	-72.0
2026-06-24T23:55:32.061071	76.0	-68.5
2026-06-24T23:55:32.061214	64.0	-64.0
2026-06-24T23:55:32.061352	67.0	-62.5
2026-06-24T23:55:32.061490	69.0	-58.5
2026-06-24T23:55:32.061633	69.0	-61.0
2026-06-24T23:55:32.061768	67.0	-62.0
2026-06-24T23:55:32.061900	70.0	-62.0
2026-06-24T23:55:32.062031	74.0	-65.0
2026-06-24T23:55:41.670754	54.0	-63.0
2026-06-24T23:55:41.671137	34.0	-73.5
2026-06-24T23:55:41.671346	68.0	-61.0
2026-06-24T23:55:41.671524	62.0	-56.5
2026-06-24T23:55:41.671692	62.0	-57.5
2026-06-24T23:55:41.671843	64.0	-56.0
2026-06-24T23:55:41.671987	64.0	-58.5
2026-06-24T23:55:41.672136	36.0	-69.5
2026-06-24T23:55:41.672278	48.0	-65.0
2026-06-24T23:55:41.672421	60.0	-59.5
2026-06-24T23:55:41.672564	57.0	-59.0
2026-06-24T23:55:41.672701	65.0	-61.5
2026-06-24T23:55:51.216625	65.0	-58.0
2026-06-24T23:55:51.217013	62.0	-59.0
2026-06-24T23:55:51.217204	77.0	-63.5
2026-06-24T23:55:51.217390	63.0	-61.5
2026-06-24T23:55:51.217554	64.0	-61.0
2026-06-24T23:55:51.217702	74.0	-65.5
2026-06-24T23:55:51.217847	62.0	-63.0
2026-06-24T23:55:51.217992	58.0	-60.0
2026-06-24T23:55:51.218130	61.0	-61.0
2026-06-24T23:55:51.218312	56.0	-63.0
2026-06-24T23:55:51.218466	66.0	-59.0
2026-06-24T23:55:51.218603	61.0	-62.5
2026-06-24T23:56:00.756971	76.0	-58.5
2026-06-24T23:56:00.757369	77.0	-59.0
2026-06-24T23:56:00.757560	73.0	-58.5
2026-06-24T23:56:00.757747	76.0	-58.0
2026-06-24T23:56:00.757912	73.0	-58.0
2026-06-24T23:56:00.758057	70.0	-58.5
2026-06-24T23:56:00.758238	69.0	-60.0
2026-06-24T23:56:00.758404	63.0	-60.5
2026-06-24T23:56:00.758548	69.0	-60.5
2026-06-24T23:56:00.758688	65.0	-61.0
2026-06-24T23:56:00.758831	66.0	-61.0
2026-06-24T23:56:00.758967	64.0	-61.5
2026-06-24T23:56:00.759107	65.0	-62.0
2026-06-24T23:56:10.303367	76.0	-61.5
2026-06-24T23:56:10.303766	71.0	-58.0
2026-06-24T23:56:10.303952	69.0	-57.0
2026-06-24T23:56:10.304125	90.0	-66.0
2026-06-24T23:56:10.304286	70.0	-61.5
2026-06-24T23:56:10.304440	65.0	-60.0
2026-06-24T23:56:10.304583	69.0	-59.0
2026-06-24T23:56:10.304725	62.0	-60.0
2026-06-24T23:56:10.304861	65.0	-63.5
2026-06-24T23:56:10.305010	76.0	-67.0
2026-06-24T23:56:10.305148	56.0	-66.5
2026-06-24T23:56:10.305287	63.0	-60.0
2026-06-24T23:56:10.305420	67.0	-60.5
2026-06-24T23:56:19.835670	60.0	-63.5
2026-06-24T23:56:19.836026	61.0	-68.0
2026-06-24T23:56:19.836154	57.0	-64.5
2026-06-24T23:56:19.836275	63.0	-59.0
2026-06-24T23:56:19.836386	61.0	-60.0
2026-06-24T23:56:19.836498	67.0	-58.0
2026-06-24T23:56:19.836607	71.0	-57.5
2026-06-24T23:56:19.836722	70.0	-58.0
2026-06-24T23:56:19.836831	74.0	-57.0
2026-06-24T23:56:19.836944	72.0	-58.0
2026-06-24T23:56:19.837053	70.0	-57.5
2026-06-24T23:56:19.837167	72.0	-55.0
2026-06-24T23:56:19.837274	70.0	-57.0
2026-06-24T23:56:29.391974	93.0	-77.0
2026-06-24T23:56:29.392320	147.0	-74.5
2026-06-24T23:56:29.392459	167.0	-75.5
2026-06-24T23:56:29.392582	161.0	-75.0
2026-06-24T23:56:29.392736	120.0	-81.0
2026-06-24T23:56:29.392844	113.0	-78.5
2026-06-24T23:56:29.392954	111.0	-81.0
2026-06-24T23:56:29.393062	112.0	-76.5
2026-06-24T23:56:29.393168	124.0	-76.0
2026-06-24T23:56:29.393276	121.0	-77.0
2026-06-24T23:56:29.393380	125.0	-78.5
2026-06-24T23:56:29.393486	116.0	-80.0
2026-06-24T23:56:29.393588	132.0	-80.0
2026-06-24T23:56:38.974318	141.0	-76.0
2026-06-24T23:56:38.974697	116.0	-78.0
2026-06-24T23:56:38.974855	117.0	-77.0
2026-06-24T23:56:38.974973	117.0	-74.0
2026-06-24T23:56:38.975084	117.0	-73.5
2026-06-24T23:56:38.975204	137.0	-78.0
2026-06-24T23:56:38.975315	134.0	-76.5
2026-06-24T23:56:38.975435	114.0	-72.0
2026-06-24T23:56:38.975545	114.0	-80.0
2026-06-24T23:56:48.516448	120.0	-76.0
2026-06-24T23:56:48.516796	110.0	-76.5
2026-06-24T23:56:48.516936	120.0	-80.0
2026-06-24T23:56:48.517053	117.0	-76.0
2026-06-24T23:56:48.517165	114.0	-78.0
2026-06-24T23:56:48.517274	122.0	-76.5
2026-06-24T23:56:48.517388	127.0	-75.0
2026-06-24T23:56:48.517500	130.0	-73.0
2026-06-24T23:56:48.517611	105.0	-75.5
2026-06-24T23:56:48.517725	110.0	-78.0
2026-06-24T23:56:48.517835	108.0	-75.0
2026-06-24T23:56:48.517943	106.0	-79.5
2026-06-24T23:56:48.518054	114.0	-76.0
2026-06-24T23:56:58.086729	157.0	-76.5
2026-06-24T23:56:58.087127	105.0	-74.5
2026-06-24T23:56:58.087290	210.0	-77.0
2026-06-24T23:56:58.087410	126.0	-78.5
2026-06-24T23:56:58.087527	150.0	-73.0
2026-06-24T23:56:58.087639	112.0	-80.0
2026-06-24T23:56:58.087750	117.0	-81.0
2026-06-24T23:56:58.087864	121.0	-77.0
2026-06-24T23:56:58.087976	116.0	-76.5
2026-06-24T23:56:58.088091	154.0	-74.5
2026-06-24T23:56:58.088203	120.0	-78.0
2026-06-24T23:57:07.647555	118.0	-76.0
2026-06-24T23:57:07.647896	79.0	-78.0
2026-06-24T23:57:07.648026	81.0	-76.0
2026-06-24T23:57:07.648147	110.0	-80.5
2026-06-24T23:57:07.648272	103.0	-82.0
2026-06-24T23:57:07.648386	119.0	-78.5
2026-06-24T23:57:07.648499	112.0	-80.5
2026-06-24T23:57:07.648615	104.0	-81.0
2026-06-24T23:57:07.648727	106.0	-78.0
2026-06-24T23:57:07.648837	77.0	-77.5
2026-06-24T23:57:07.648951	82.0	-77.5
2026-06-24T23:57:07.649061	109.0	-78.0
2026-06-24T23:57:07.649170	152.0	-76.5
2026-06-24T23:57:17.217495	184.0	-83.5
2026-06-24T23:57:17.217893	295.0	-77.0
2026-06-24T23:57:17.218094	186.0	-76.5
2026-06-24T23:57:17.218318	184.0	-74.0
2026-06-24T23:57:17.218487	186.0	-72.0
2026-06-24T23:57:17.218628	188.0	-72.5
2026-06-24T23:57:17.218775	193.0	-72.0
2026-06-24T23:57:17.218915	177.0	-72.0
2026-06-24T23:57:17.219051	173.0	-72.5
2026-06-24T23:57:17.219192	176.0	-74.5
2026-06-24T23:57:17.219329	198.0	-75.5
2026-06-24T23:57:17.219467	198.0	-72.0
2026-06-24T23:57:26.761744	172.0	-77.0
2026-06-24T23:57:26.762438	172.0	-76.0
2026-06-24T23:57:26.762668	191.0	-76.0
2026-06-24T23:57:26.762794	217.0	-74.5
2026-06-24T23:57:26.762922	234.0	-73.0
2026-06-24T23:57:26.763034	207.0	-77.5
2026-06-24T23:57:26.763149	203.0	-76.5
2026-06-24T23:57:26.763264	205.0	-75.0
2026-06-24T23:57:26.763376	198.0	-74.5
2026-06-24T23:57:26.763488	210.0	-74.0
2026-06-24T23:57:36.300140	222.0	-73.5
2026-06-24T23:57:36.300794	220.0	-75.0
2026-06-24T23:57:36.301014	218.0	-73.0
2026-06-24T23:57:36.301158	215.0	-74.0
2026-06-24T23:57:36.301421	219.0	-74.5
2026-06-24T23:57:36.301596	226.0	-74.0
2026-06-24T23:57:36.301807	233.0	-74.0
2026-06-24T23:57:36.302022	221.0	-72.5
2026-06-24T23:57:36.302175	202.0	-72.5
2026-06-24T23:57:36.302388	222.0	-73.0
2026-06-24T23:57:36.302535	225.0	-72.5
2026-06-24T23:57:36.302683	223.0	-74.0
2026-06-24T23:57:45.852563	172.0	-74.0
2026-06-24T23:57:45.853019	168.0	-74.5
2026-06-24T23:57:45.853270	176.0	-76.0
2026-06-24T23:57:45.853447	187.0	-75.5
2026-06-24T23:57:45.853670	194.0	-73.5
2026-06-24T23:57:45.853865	197.0	-69.5
2026-06-24T23:57:45.854177	199.0	-69.5
2026-06-24T23:57:45.854407	198.0	-69.0
2026-06-24T23:57:45.854556	197.0	-69.0
2026-06-24T23:57:45.854696	203.0	-68.5
2026-06-24T23:57:55.412652	190.0	-74.0
2026-06-24T23:57:55.413040	192.0	-74.5
2026-06-24T23:57:55.413247	194.0	-72.5
2026-06-24T23:57:55.413434	197.0	-71.5
2026-06-24T23:57:55.413601	205.0	-72.5
2026-06-24T23:57:55.413750	202.0	-71.0
2026-06-24T23:57:55.413924	198.0	-71.0
2026-06-24T23:57:55.414063	194.0	-71.0
2026-06-24T23:57:55.414226	197.0	-70.5
2026-06-24T23:57:55.414390	195.0	-68.5
2026-06-24T23:57:55.414531	193.0	-69.5
2026-06-24T23:57:55.414666	192.0	-69.0
2026-06-24T23:57:55.414794	191.0	-68.0
2026-06-24T23:58:04.981066	166.0	-71.0
2026-06-24T23:58:04.981456	152.0	-74.5
2026-06-24T23:58:04.981658	148.0	-73.0
2026-06-24T23:58:04.981836	153.0	-72.0
2026-06-24T23:58:04.981996	148.0	-73.0
2026-06-24T23:58:04.982141	152.0	-76.0
2026-06-24T23:58:04.982338	149.0	-72.0
2026-06-24T23:58:04.982500	159.0	-71.0
2026-06-24T23:58:04.982651	171.0	-71.0
2026-06-24T23:58:04.982793	173.0	-71.5
2026-06-24T23:58:04.982943	169.0	-72.0
2026-06-24T23:58:14.525234	183.0	-71.0
2026-06-24T23:58:14.525620	179.0	-73.0
2026-06-24T23:58:14.525803	215.0	-76.5
2026-06-24T23:58:14.526008	180.0	-75.5
2026-06-24T23:58:14.526181	204.0	-76.0
2026-06-24T23:58:14.526377	172.0	-76.5
2026-06-24T23:58:14.526528	172.0	-78.0
2026-06-24T23:58:14.526673	179.0	-78.0
2026-06-24T23:58:14.526819	191.0	-72.5
2026-06-24T23:58:24.107484	135.0	-72.0
2026-06-24T23:58:24.107870	129.0	-75.5
2026-06-24T23:58:24.108084	118.0	-75.5
2026-06-24T23:58:24.108269	127.0	-72.5
2026-06-24T23:58:24.108436	133.0	-72.0
2026-06-24T23:58:24.108584	145.0	-78.0
2026-06-24T23:58:24.108723	118.0	-70.0
2026-06-24T23:58:24.108867	114.0	-70.0
2026-06-24T23:58:24.109007	112.0	-70.0
2026-06-24T23:58:24.109142	107.0	-75.5
2026-06-24T23:58:24.109288	98.0	-80.5
2026-06-24T23:58:24.109434	124.0	-71.5
2026-06-24T23:58:33.665822	103.0	-70.5
2026-06-24T23:58:33.666174	103.0	-70.5
2026-06-24T23:58:33.666411	98.0	-70.0
2026-06-24T23:58:33.666581	100.0	-70.5
2026-06-24T23:58:33.666734	103.0	-70.5
2026-06-24T23:58:33.666856	98.0	-72.0
2026-06-24T23:58:33.666969	99.0	-75.0
2026-06-24T23:58:33.667083	100.0	-76.0
2026-06-24T23:58:33.667193	110.0	-75.0
2026-06-24T23:58:33.667307	102.0	-74.0
2026-06-24T23:58:33.667424	100.0	-71.0
2026-06-24T23:58:33.667533	97.0	-70.5
2026-06-24T23:58:43.218107	98.0	-70.0
2026-06-24T23:58:43.218533	99.0	-69.5
2026-06-24T23:58:43.218704	102.0	-70.0
2026-06-24T23:58:43.218824	98.0	-70.5
2026-06-24T23:58:43.218940	101.0	-70.0
2026-06-24T23:58:43.219051	103.0	-70.0
2026-06-24T23:58:43.219161	103.0	-70.0
2026-06-24T23:58:43.219275	102.0	-75.5
2026-06-24T23:58:43.219391	74.0	-76.5
2026-06-24T23:58:43.219505	91.0	-80.0
2026-06-24T23:58:43.219627	99.0	-78.5
2026-06-24T23:58:52.760241	100.0	-71.0
2026-06-24T23:58:52.760623	89.0	-71.0
2026-06-24T23:58:52.760780	92.0	-75.5
2026-06-24T23:58:52.760916	90.0	-76.0
2026-06-24T23:58:52.761032	97.0	-79.0
2026-06-24T23:58:52.761145	107.0	-72.0
2026-06-24T23:58:52.761255	108.0	-70.5
2026-06-24T23:58:52.761373	113.0	-72.0
2026-06-24T23:58:52.761485	111.0	-70.5
2026-06-24T23:58:52.761600	112.0	-74.5
2026-06-24T23:58:52.761714	109.0	-72.5
2026-06-24T23:58:52.761832	104.0	-74.0
2026-06-24T23:59:02.326744	104.0	-71.0
2026-06-24T23:59:02.327123	99.0	-72.5
2026-06-24T23:59:02.327291	86.0	-79.5
2026-06-24T23:59:02.327417	91.0	-74.0
2026-06-24T23:59:02.327530	101.0	-71.0
2026-06-24T23:59:02.327641	107.0	-70.0
2026-06-24T23:59:02.327750	110.0	-69.5
2026-06-24T23:59:02.327867	107.0	-70.5
2026-06-24T23:59:02.327983	113.0	-68.5
2026-06-24T23:59:02.328096	115.0	-67.5
2026-06-24T23:59:02.328214	115.0	-68.0
2026-06-24T23:59:02.328323	114.0	-68.5
2026-06-24T23:59:02.328434	110.0	-69.0
2026-06-24T23:59:11.866775	111.0	-70.0
2026-06-24T23:59:11.867147	110.0	-70.0
2026-06-24T23:59:11.867301	108.0	-69.5
2026-06-24T23:59:11.867438	100.0	-71.0
2026-06-24T23:59:11.867553	97.0	-72.0
2026-06-24T23:59:11.867665	93.0	-74.5
2026-06-24T23:59:11.867781	90.0	-73.0
2026-06-24T23:59:11.867895	90.0	-75.0
2026-06-24T23:59:11.868007	94.0	-70.5
2026-06-24T23:59:11.868127	97.0	-71.5
2026-06-24T23:59:11.868239	100.0	-70.5
2026-06-24T23:59:11.868352	99.0	-70.5
2026-06-24T23:59:11.868465	105.0	-71.0
2026-06-24T23:59:21.431325	59.0	-62.5
2026-06-24T23:59:21.431687	60.0	-68.0
2026-06-24T23:59:21.431818	62.0	-60.0
2026-06-24T23:59:21.431934	63.0	-58.0
2026-06-24T23:59:21.432045	62.0	-59.5
2026-06-24T23:59:21.432160	56.0	-61.0
2026-06-24T23:59:21.432293	55.0	-63.5
2026-06-24T23:59:21.432405	35.0	-68.0
2026-06-24T23:59:21.432512	54.0	-64.5
2026-06-24T23:59:21.432626	56.0	-60.5
2026-06-24T23:59:21.432733	61.0	-57.5
2026-06-24T23:59:21.432840	68.0	-57.0
2026-06-24T23:59:31.007872	61.0	-65.0
2026-06-24T23:59:31.008216	62.0	-68.5
2026-06-24T23:59:31.008353	60.0	-67.0
2026-06-24T23:59:31.008466	59.0	-67.0
2026-06-24T23:59:31.008572	58.0	-66.0
2026-06-24T23:59:31.008678	72.0	-64.5
2026-06-24T23:59:31.008786	73.0	-65.0
2026-06-24T23:59:31.008897	77.0	-64.0
2026-06-24T23:59:31.009003	76.0	-64.5
2026-06-24T23:59:31.009112	76.0	-64.5
2026-06-24T23:59:31.009224	75.0	-64.0
2026-06-24T23:59:31.009339	67.0	-64.0
2026-06-24T23:59:40.567772	71.0	-64.0
2026-06-24T23:59:40.568108	68.0	-64.0
2026-06-24T23:59:40.568226	68.0	-64.5
2026-06-24T23:59:40.568348	55.0	-69.0
2026-06-24T23:59:40.568456	65.0	-65.0
2026-06-24T23:59:40.568560	60.0	-65.5
2026-06-24T23:59:40.568667	67.0	-66.5
2026-06-24T23:59:40.568780	69.0	-63.5
2026-06-24T23:59:40.568892	69.0	-65.0
2026-06-24T23:59:40.568997	65.0	-65.5
2026-06-24T23:59:40.569110	61.0	-66.0
2026-06-24T23:59:40.569213	68.0	-65.0
2026-06-24T23:59:40.569317	77.0	-64.5
2026-06-24T23:59:50.130261	67.0	-60.5
2026-06-24T23:59:50.130606	68.0	-64.0
2026-06-24T23:59:50.130730	51.0	-68.5
2026-06-24T23:59:50.130844	70.0	-64.0
2026-06-24T23:59:50.130951	65.0	-62.0
2026-06-24T23:59:50.131057	65.0	-61.5
2026-06-24T23:59:50.131166	64.0	-61.5
2026-06-24T23:59:50.131282	66.0	-63.5
2026-06-24T23:59:50.131395	67.0	-63.5
2026-06-24T23:59:50.131508	71.0	-63.0
2026-06-24T23:59:50.131615	67.0	-63.5
2026-06-24T23:59:50.131722	69.0	-63.0
2026-06-24T23:59:59.668539	75.0	-67.0
2026-06-24T23:59:59.668887	70.0	-67.0
2026-06-24T23:59:59.669019	74.0	-66.0
2026-06-24T23:59:59.669133	66.0	-67.5
2026-06-24T23:59:59.669257	71.0	-67.5
2026-06-24T23:59:59.669373	83.0	-65.0
2026-06-24T23:59:59.669487	60.0	-69.0
2026-06-24T23:59:59.669600	78.0	-70.0
2026-06-24T23:59:59.669709	78.0	-69.0
2026-06-24T23:59:59.669818	75.0	-66.5
2026-06-24T23:59:59.669936	79.0	-70.0
2026-06-24T23:59:59.670045	96.0	-71.0
2026-06-25T00:00:09.216542	193.0	-70.0
2026-06-25T00:00:09.216891	198.0	-70.0
2026-06-25T00:00:09.217024	191.0	-70.5
2026-06-25T00:00:09.217149	187.0	-70.5
2026-06-25T00:00:09.217264	184.0	-69.5
2026-06-25T00:00:09.217378	184.0	-68.0
2026-06-25T00:00:09.217489	182.0	-69.0
2026-06-25T00:00:09.217601	182.0	-69.5
2026-06-25T00:00:09.217715	183.0	-70.5
2026-06-25T00:00:09.217827	178.0	-71.0
2026-06-25T00:00:09.217939	174.0	-72.0
2026-06-25T00:00:09.218047	183.0	-70.0
2026-06-25T00:00:18.767041	180.0	-68.0
2026-06-25T00:00:18.767384	184.0	-68.5
2026-06-25T00:00:18.767524	182.0	-68.0
2026-06-25T00:00:18.767638	185.0	-69.0
2026-06-25T00:00:18.767751	179.0	-69.0
2026-06-25T00:00:18.767860	182.0	-69.5
2026-06-25T00:00:18.767974	183.0	-68.5
2026-06-25T00:00:18.768089	183.0	-68.5
2026-06-25T00:00:18.768203	186.0	-68.5
2026-06-25T00:00:18.768315	181.0	-68.5
2026-06-25T00:00:18.768430	182.0	-68.5
2026-06-25T00:00:18.768541	182.0	-68.5
2026-06-25T00:00:28.311191	178.0	-70.5
2026-06-25T00:00:28.311543	179.0	-70.5
2026-06-25T00:00:28.311672	177.0	-70.0
2026-06-25T00:00:28.311791	180.0	-69.5
2026-06-25T00:00:28.311908	179.0	-69.5
2026-06-25T00:00:28.312027	183.0	-70.0
2026-06-25T00:00:28.312140	182.0	-70.0
2026-06-25T00:00:28.312253	183.0	-69.0
2026-06-25T00:00:28.312363	178.0	-69.5
2026-06-25T00:00:28.312475	179.0	-70.0
2026-06-25T00:00:28.312588	176.0	-70.0
2026-06-25T00:00:28.312696	185.0	-69.5
2026-06-25T00:00:28.312806	183.0	-69.5
2026-06-25T00:00:37.875463	183.0	-71.0
2026-06-25T00:00:37.875811	181.0	-69.0
2026-06-25T00:00:37.875935	182.0	-69.5
2026-06-25T00:00:37.876062	181.0	-69.0
2026-06-25T00:00:37.876172	179.0	-69.5
2026-06-25T00:00:37.876285	178.0	-69.5
2026-06-25T00:00:37.876397	180.0	-70.0
2026-06-25T00:00:37.876508	182.0	-70.5
2026-06-25T00:00:37.876620	178.0	-71.0
2026-06-25T00:00:37.876733	181.0	-72.5
2026-06-25T00:00:37.876844	182.0	-70.5
2026-06-25T00:00:37.876954	182.0	-72.5
2026-06-25T00:00:37.877064	190.0	-71.0
2026-06-25T00:00:47.443734	176.0	-71.0
2026-06-25T00:00:47.444110	178.0	-71.0
2026-06-25T00:00:47.444231	178.0	-69.0
2026-06-25T00:00:47.444343	178.0	-70.5
2026-06-25T00:00:47.444460	180.0	-69.5
2026-06-25T00:00:47.444570	184.0	-68.0
2026-06-25T00:00:47.444676	183.0	-68.5
2026-06-25T00:00:47.444786	181.0	-67.0
2026-06-25T00:00:47.444894	177.0	-69.5
2026-06-25T00:00:47.445007	178.0	-69.5
2026-06-25T00:00:47.445116	177.0	-70.0
2026-06-25T00:00:47.445220	175.0	-69.5
2026-06-25T00:00:47.445326	175.0	-69.5
2026-06-25T00:00:56.998087	198.0	-69.5
2026-06-25T00:00:56.998513	194.0	-69.5
2026-06-25T00:00:56.998647	196.0	-69.5
2026-06-25T00:00:56.998764	201.0	-67.0
2026-06-25T00:00:56.998876	201.0	-67.0
2026-06-25T00:00:56.998991	201.0	-67.5
2026-06-25T00:00:56.999099	204.0	-68.0
2026-06-25T00:00:56.999208	195.0	-67.5
2026-06-25T00:00:56.999318	199.0	-66.5
2026-06-25T00:00:56.999429	199.0	-66.0
2026-06-25T00:00:56.999533	201.0	-66.5
2026-06-25T00:00:56.999639	198.0	-68.0
2026-06-25T00:00:56.999741	201.0	-68.5
2026-06-25T00:01:06.558432	192.0	-70.5
2026-06-25T00:01:06.558805	192.0	-69.0
2026-06-25T00:01:06.558950	188.0	-69.0
2026-06-25T00:01:06.559070	185.0	-68.0
2026-06-25T00:01:06.559179	191.0	-66.5
2026-06-25T00:01:06.559292	187.0	-67.0
2026-06-25T00:01:06.559399	184.0	-67.0
2026-06-25T00:01:06.559505	183.0	-68.0
2026-06-25T00:01:06.559611	183.0	-68.0
2026-06-25T00:01:06.559721	183.0	-68.5
2026-06-25T00:01:06.559829	183.0	-66.5
2026-06-25T00:01:06.559935	184.0	-66.0
2026-06-25T00:01:06.560039	189.0	-66.0
2026-06-25T00:01:16.116792	175.0	-70.0
2026-06-25T00:01:16.117142	180.0	-70.0
2026-06-25T00:01:16.117269	175.0	-72.0
2026-06-25T00:01:16.117388	181.0	-72.5
2026-06-25T00:01:16.117513	178.0	-71.5
2026-06-25T00:01:16.117629	175.0	-72.0
2026-06-25T00:01:16.117739	177.0	-73.0
2026-06-25T00:01:16.117849	172.0	-72.5
2026-06-25T00:01:16.117962	175.0	-74.0
2026-06-25T00:01:16.118076	174.0	-76.0
2026-06-25T00:01:16.118231	174.0	-76.5
2026-06-25T00:01:16.118422	170.0	-77.0
2026-06-25T00:01:25.665978	190.0	-72.5
2026-06-25T00:01:25.666418	196.0	-72.5
2026-06-25T00:01:25.666566	190.0	-73.0
2026-06-25T00:01:25.666688	190.0	-74.0
2026-06-25T00:01:25.666801	192.0	-75.0
2026-06-25T00:01:25.666912	186.0	-75.0
2026-06-25T00:01:25.667022	188.0	-74.0
2026-06-25T00:01:25.667136	190.0	-76.0
2026-06-25T00:01:25.667248	186.0	-72.5
2026-06-25T00:01:25.667362	192.0	-72.5
2026-06-25T00:01:25.667478	187.0	-74.0
2026-06-25T00:01:25.667587	190.0	-70.5
2026-06-25T00:01:25.667699	188.0	-69.5
2026-06-25T00:01:35.219097	181.0	-70.0
2026-06-25T00:01:35.219442	174.0	-74.0
2026-06-25T00:01:35.219569	167.0	-77.0
2026-06-25T00:01:35.219684	174.0	-74.5
2026-06-25T00:01:35.219808	179.0	-73.0
2026-06-25T00:01:35.219918	178.0	-73.0
2026-06-25T00:01:35.220028	177.0	-73.0
2026-06-25T00:01:35.220141	177.0	-72.5
2026-06-25T00:01:35.220255	179.0	-72.5
2026-06-25T00:01:35.220373	179.0	-72.0
2026-06-25T00:01:35.220482	176.0	-75.0
2026-06-25T00:01:35.220589	175.0	-74.0
2026-06-25T00:01:44.783518	180.0	-76.0
2026-06-25T00:01:44.783861	192.0	-72.0
2026-06-25T00:01:44.783984	197.0	-71.5
2026-06-25T00:01:44.784110	194.0	-71.0
2026-06-25T00:01:44.784222	196.0	-71.0
2026-06-25T00:01:44.784333	200.0	-70.5
2026-06-25T00:01:44.784446	190.0	-69.5
2026-06-25T00:01:44.784563	191.0	-70.5
2026-06-25T00:01:44.784676	185.0	-71.5
2026-06-25T00:01:44.784786	190.0	-70.5
2026-06-25T00:01:44.784901	186.0	-68.5
2026-06-25T00:01:54.325631	108.0	-72.5
2026-06-25T00:01:54.325988	98.0	-74.5
2026-06-25T00:01:54.326117	90.0	-71.5
2026-06-25T00:01:54.326315	60.0	-64.0
2026-06-25T00:01:54.326472	62.0	-59.0
2026-06-25T00:01:54.326638	59.0	-61.5
2026-06-25T00:01:54.326786	47.0	-67.0
2026-06-25T00:01:54.326910	54.0	-61.0
2026-06-25T00:01:54.327024	60.0	-57.5
2026-06-25T00:01:54.327139	62.0	-54.0
2026-06-25T00:01:54.327247	61.0	-57.0
2026-06-25T00:01:54.327362	61.0	-59.0
2026-06-25T00:01:54.327471	49.0	-67.0
2026-06-25T00:02:03.874113	62.0	-64.5
2026-06-25T00:02:03.874533	78.0	-64.5
2026-06-25T00:02:03.874701	71.0	-62.0
2026-06-25T00:02:03.874827	61.0	-65.0
2026-06-25T00:02:03.874944	63.0	-64.0
2026-06-25T00:02:03.875057	62.0	-64.5
2026-06-25T00:02:03.875202	47.0	-68.5
2026-06-25T00:02:03.875316	39.0	-67.5
2026-06-25T00:02:03.875427	79.0	-66.0
2026-06-25T00:02:03.875538	67.0	-65.0
2026-06-25T00:02:03.875643	44.0	-67.5
2026-06-25T00:02:03.875750	58.0	-67.5
2026-06-25T00:02:03.875859	59.0	-62.0
2026-06-25T00:02:13.422428	63.0	-62.5
2026-06-25T00:02:13.422807	62.0	-62.5
2026-06-25T00:02:13.422959	61.0	-62.5
2026-06-25T00:02:13.423082	62.0	-62.0
2026-06-25T00:02:13.423191	61.0	-63.5
2026-06-25T00:02:13.423302	61.0	-64.0
2026-06-25T00:02:13.423408	69.0	-65.0
2026-06-25T00:02:13.423516	71.0	-60.5
2026-06-25T00:02:13.423626	80.0	-62.0
2026-06-25T00:02:13.423738	84.0	-59.5
2026-06-25T00:02:13.423846	81.0	-60.0
2026-06-25T00:02:13.423951	85.0	-58.5
2026-06-25T00:02:13.424059	84.0	-58.5
2026-06-25T00:02:22.976657	84.0	-59.0
2026-06-25T00:02:22.976996	84.0	-59.5
2026-06-25T00:02:22.977128	85.0	-59.5
2026-06-25T00:02:22.977245	84.0	-59.5
2026-06-25T00:02:22.977357	87.0	-59.0
2026-06-25T00:02:22.977463	83.0	-59.5
2026-06-25T00:02:22.977572	82.0	-59.0
2026-06-25T00:02:22.977679	84.0	-59.0
2026-06-25T00:02:22.977784	83.0	-59.0
2026-06-25T00:02:22.977894	87.0	-59.0
2026-06-25T00:02:22.977999	85.0	-59.0
2026-06-25T00:02:22.978101	82.0	-59.0
2026-06-25T00:02:22.978266	83.0	-59.0
2026-06-25T00:02:32.554987	86.0	-59.0
2026-06-25T00:02:32.555330	82.0	-59.0
2026-06-25T00:02:32.555459	84.0	-59.0
2026-06-25T00:02:32.555577	82.0	-59.0
2026-06-25T00:02:32.555689	84.0	-59.5
2026-06-25T00:02:32.555810	87.0	-59.0
2026-06-25T00:02:32.555920	85.0	-59.0
2026-06-25T00:02:32.556033	85.0	-59.0
2026-06-25T00:02:32.556142	85.0	-59.5
2026-06-25T00:02:32.556260	84.0	-59.0
2026-06-25T00:02:32.556370	84.0	-58.5
2026-06-25T00:02:32.556482	85.0	-59.0
2026-06-25T00:02:32.556590	83.0	-59.5
2026-06-25T00:02:42.097241	84.0	-59.5
2026-06-25T00:02:42.097589	84.0	-59.0
2026-06-25T00:02:42.097717	82.0	-59.5
2026-06-25T00:02:42.097841	84.0	-59.0
2026-06-25T00:02:42.097953	79.0	-60.0
2026-06-25T00:02:42.098064	85.0	-59.5
2026-06-25T00:02:42.098178	82.0	-59.0
2026-06-25T00:02:42.098395	83.0	-59.0
2026-06-25T00:02:42.098566	83.0	-59.0
2026-06-25T00:02:42.098734	85.0	-59.5
2026-06-25T00:02:42.098869	85.0	-59.0
2026-06-25T00:02:42.098980	80.0	-60.0
2026-06-25T00:02:42.099091	82.0	-60.5
2026-06-25T00:02:51.665680	85.0	-59.0
2026-06-25T00:02:51.666018	89.0	-59.0
2026-06-25T00:02:51.666147	87.0	-59.5
2026-06-25T00:02:51.666363	86.0	-60.0
2026-06-25T00:02:51.666486	86.0	-59.0
2026-06-25T00:02:51.666596	81.0	-59.5
2026-06-25T00:02:51.666709	83.0	-59.5
2026-06-25T00:02:51.666825	87.0	-59.5
2026-06-25T00:02:51.666937	83.0	-59.0
2026-06-25T00:02:51.667050	85.0	-58.0
2026-06-25T00:02:51.667159	80.0	-60.0
2026-06-25T00:02:51.667268	84.0	-60.5
2026-06-25T00:02:51.667379	83.0	-60.0
2026-06-25T00:03:01.217830	112.0	-78.5
2026-06-25T00:03:01.218181	109.0	-76.5
2026-06-25T00:03:01.218413	110.0	-73.5
2026-06-25T00:03:01.218648	111.0	-74.5
2026-06-25T00:03:01.218775	107.0	-76.0
2026-06-25T00:03:01.218888	111.0	-78.0
2026-06-25T00:03:01.218999	107.0	-77.5
2026-06-25T00:03:01.219118	109.0	-76.0
2026-06-25T00:03:01.219231	112.0	-75.5
2026-06-25T00:03:01.219351	110.0	-74.5
2026-06-25T00:03:01.219468	109.0	-79.0
2026-06-25T00:03:01.219577	108.0	-76.0
2026-06-25T00:03:10.764295	111.0	-75.0
2026-06-25T00:03:10.764634	115.0	-79.0
2026-06-25T00:03:10.764764	92.0	-81.0
2026-06-25T00:03:10.764878	104.0	-79.5
2026-06-25T00:03:10.765000	109.0	-78.5
2026-06-25T00:03:10.765113	114.0	-78.0
2026-06-25T00:03:10.765222	107.0	-77.5
2026-06-25T00:03:10.765336	108.0	-76.0
2026-06-25T00:03:10.765447	107.0	-76.0
2026-06-25T00:03:10.765555	108.0	-76.0
2026-06-25T00:03:10.765666	108.0	-75.5
2026-06-25T00:03:10.765779	105.0	-74.5
2026-06-25T00:03:20.316554	113.0	-76.0
2026-06-25T00:03:20.316895	114.0	-77.0
2026-06-25T00:03:20.317024	130.0	-76.5
2026-06-25T00:03:20.317155	130.0	-79.5
2026-06-25T00:03:20.317271	138.0	-74.0
2026-06-25T00:03:20.317384	119.0	-73.5
2026-06-25T00:03:20.317498	121.0	-76.5
2026-06-25T00:03:20.317614	118.0	-78.5
2026-06-25T00:03:20.317726	119.0	-79.5
2026-06-25T00:03:20.317837	116.0	-76.5
2026-06-25T00:03:20.317954	114.0	-75.5
2026-06-25T00:03:20.318097	114.0	-77.0
2026-06-25T00:03:29.870739	113.0	-75.5
2026-06-25T00:03:29.871089	118.0	-79.0
2026-06-25T00:03:29.871212	130.0	-80.5
2026-06-25T00:03:29.871330	107.0	-79.0
2026-06-25T00:03:29.871437	107.0	-78.0
2026-06-25T00:03:29.871541	107.0	-79.5
2026-06-25T00:03:29.871651	104.0	-77.0
2026-06-25T00:03:29.871760	101.0	-76.5
2026-06-25T00:03:29.871870	106.0	-73.0
2026-06-25T00:03:29.871976	105.0	-74.5
2026-06-25T00:03:29.872089	103.0	-76.5
2026-06-25T00:03:29.872201	135.0	-76.5
2026-06-25T00:03:29.872309	138.0	-77.5
2026-06-25T00:03:39.433048	113.0	-75.5
2026-06-25T00:03:39.433432	112.0	-75.5
2026-06-25T00:03:39.433586	111.0	-75.5
2026-06-25T00:03:39.433713	107.0	-74.5
2026-06-25T00:03:39.433829	115.0	-74.5
2026-06-25T00:03:39.433939	112.0	-77.0
2026-06-25T00:03:39.434048	111.0	-77.5
2026-06-25T00:03:39.434162	114.0	-78.0
2026-06-25T00:03:39.434363	114.0	-76.5
2026-06-25T00:03:48.993307	75.0	-80.5
2026-06-25T00:03:48.993669	83.0	-80.5
2026-06-25T00:03:48.993803	87.0	-77.5
2026-06-25T00:03:48.993922	89.0	-78.5
2026-06-25T00:03:48.994037	89.0	-78.0
2026-06-25T00:03:48.994149	85.0	-80.5
2026-06-25T00:03:48.994352	92.0	-76.0
2026-06-25T00:03:48.994520	102.0	-77.5
2026-06-25T00:03:48.994678	95.0	-78.5
2026-06-25T00:03:48.994807	94.0	-79.0
2026-06-25T00:03:48.994920	99.0	-75.5
2026-06-25T00:03:48.995033	101.0	-74.5
2026-06-25T00:03:58.557429	98.0	-72.5
2026-06-25T00:03:58.557783	93.0	-73.0
2026-06-25T00:03:58.557912	95.0	-75.5
2026-06-25T00:03:58.558033	97.0	-76.0
2026-06-25T00:03:58.558151	95.0	-75.5
2026-06-25T00:03:58.558383	77.0	-78.0
2026-06-25T00:03:58.558661	75.0	-77.5
2026-06-25T00:03:58.558809	84.0	-79.0
2026-06-25T00:03:58.558923	94.0	-79.5
2026-06-25T00:03:58.559038	100.0	-73.5
2026-06-25T00:03:58.559153	96.0	-72.5
2026-06-25T00:04:08.105857	91.0	-74.5
2026-06-25T00:04:08.106260	98.0	-75.0
2026-06-25T00:04:08.106515	104.0	-74.5
2026-06-25T00:04:08.106696	113.0	-75.5
2026-06-25T00:04:08.106820	117.0	-76.0
2026-06-25T00:04:08.106934	100.0	-75.5
2026-06-25T00:04:08.107051	98.0	-73.5
2026-06-25T00:04:08.107170	85.0	-78.0
2026-06-25T00:04:08.107288	89.0	-79.0
2026-06-25T00:04:08.107399	92.0	-78.5
2026-06-25T00:04:08.107511	93.0	-75.0
2026-06-25T00:04:17.638112	87.0	-75.5
2026-06-25T00:04:17.638527	84.0	-76.0
2026-06-25T00:04:17.638665	85.0	-75.5
2026-06-25T00:04:17.638790	92.0	-75.0
2026-06-25T00:04:17.638904	94.0	-73.0
2026-06-25T00:04:17.639020	93.0	-73.5
2026-06-25T00:04:17.639135	97.0	-73.5
2026-06-25T00:04:17.639252	100.0	-73.0
2026-06-25T00:04:17.639363	120.0	-79.0
2026-06-25T00:04:17.639485	125.0	-76.0
2026-06-25T00:04:27.236562	87.0	-79.5
2026-06-25T00:04:27.236930	127.0	-77.5
2026-06-25T00:04:27.237063	132.0	-78.0
2026-06-25T00:04:27.237179	128.0	-77.0
2026-06-25T00:04:27.237293	127.0	-76.0
2026-06-25T00:04:27.237406	126.0	-75.5
2026-06-25T00:04:27.237523	122.0	-75.0
2026-06-25T00:04:27.237635	127.0	-74.5
2026-06-25T00:04:27.237748	129.0	-76.5
2026-06-25T00:04:27.237860	138.0	-76.0
2026-06-25T00:04:27.237967	141.0	-80.5
2026-06-25T00:04:36.778908	198.0	-74.0
2026-06-25T00:04:36.779248	175.0	-75.0
2026-06-25T00:04:36.779379	194.0	-72.5
2026-06-25T00:04:36.779508	175.0	-73.5
2026-06-25T00:04:36.779627	168.0	-72.5
2026-06-25T00:04:36.779740	185.0	-74.5
2026-06-25T00:04:36.779854	193.0	-73.0
2026-06-25T00:04:36.779966	188.0	-72.0
2026-06-25T00:04:36.780075	186.0	-72.5
2026-06-25T00:04:36.780187	193.0	-71.0
2026-06-25T00:04:36.780296	184.0	-73.5
2026-06-25T00:04:46.303243	177.0	-71.5
2026-06-25T00:04:46.303893	178.0	-73.5
2026-06-25T00:04:46.304105	176.0	-73.5
2026-06-25T00:04:46.304259	177.0	-74.5
2026-06-25T00:04:46.304527	179.0	-72.0
2026-06-25T00:04:46.304697	181.0	-74.0
2026-06-25T00:04:46.304905	175.0	-73.0
2026-06-25T00:04:46.305123	173.0	-74.0
2026-06-25T00:04:46.305272	180.0	-72.0
2026-06-25T00:04:46.305475	178.0	-73.5
2026-06-25T00:04:46.305689	178.0	-73.5
2026-06-25T00:04:46.305844	180.0	-71.5
2026-06-25T00:04:46.306044	176.0	-73.5
2026-06-25T00:04:55.873428	176.0	-74.5
2026-06-25T00:04:55.874047	175.0	-75.0
2026-06-25T00:04:55.874301	175.0	-74.5
2026-06-25T00:04:55.874472	175.0	-73.0
2026-06-25T00:04:55.874788	178.0	-73.5
2026-06-25T00:04:55.874953	176.0	-74.5
2026-06-25T00:04:55.875161	175.0	-74.5
2026-06-25T00:04:55.875372	178.0	-75.0
2026-06-25T00:04:55.875565	174.0	-74.5
2026-06-25T00:04:55.875714	175.0	-75.0
2026-06-25T00:04:55.875910	176.0	-74.5
2026-06-25T00:04:55.876108	177.0	-74.5
2026-06-25T00:05:05.439723	169.0	-68.0
2026-06-25T00:05:05.440103	149.0	-77.5
2026-06-25T00:05:05.440505	170.0	-74.0
2026-06-25T00:05:05.440680	171.0	-76.0
2026-06-25T00:05:05.440797	173.0	-75.5
2026-06-25T00:05:05.440916	171.0	-76.0
2026-06-25T00:05:05.441027	170.0	-76.5
2026-06-25T00:05:05.441146	171.0	-74.5
2026-06-25T00:05:05.441258	171.0	-73.5
2026-06-25T00:05:05.441370	171.0	-73.5
2026-06-25T00:05:05.441486	168.0	-77.5
2026-06-25T00:05:05.441601	166.0	-78.0
2026-06-25T00:05:14.981911	172.0	-73.0
2026-06-25T00:05:14.982550	172.0	-72.5
2026-06-25T00:05:14.982786	174.0	-73.0
2026-06-25T00:05:14.982930	172.0	-73.0
2026-06-25T00:05:14.983182	169.0	-74.0
2026-06-25T00:05:14.983344	173.0	-71.5
2026-06-25T00:05:14.983562	167.0	-72.0
2026-06-25T00:05:14.983775	175.0	-73.0
2026-06-25T00:05:14.983921	173.0	-72.5
2026-06-25T00:05:14.984124	173.0	-72.0
2026-06-25T00:05:14.984330	172.0	-71.0
2026-06-25T00:05:14.984523	174.0	-71.0
2026-06-25T00:05:24.534444	170.0	-75.0
2026-06-25T00:05:24.534786	172.0	-76.5
2026-06-25T00:05:24.534927	167.0	-75.5
2026-06-25T00:05:24.535050	165.0	-75.5
2026-06-25T00:05:24.535165	166.0	-74.5
2026-06-25T00:05:24.535286	167.0	-73.5
2026-06-25T00:05:24.535402	167.0	-75.5
2026-06-25T00:05:34.082614	172.0	-74.0
2026-06-25T00:05:34.082950	173.0	-73.0
2026-06-25T00:05:34.083078	173.0	-74.0
2026-06-25T00:05:34.083201	172.0	-74.0
2026-06-25T00:05:34.083310	170.0	-74.0
2026-06-25T00:05:34.083422	165.0	-72.5
2026-06-25T00:05:34.083544	162.0	-73.5
2026-06-25T00:05:34.083660	167.0	-73.5
2026-06-25T00:05:34.083772	165.0	-72.0
2026-06-25T00:05:34.083879	164.0	-72.5
2026-06-25T00:05:34.084009	166.0	-73.0
2026-06-25T00:05:34.084122	165.0	-75.5
2026-06-25T00:05:34.084235	168.0	-74.5
2026-06-25T00:05:43.642952	130.0	-73.5
2026-06-25T00:05:43.643304	143.0	-74.0
2026-06-25T00:05:43.643433	149.0	-75.5
2026-06-25T00:05:43.643557	158.0	-77.0
2026-06-25T00:05:43.643671	163.0	-77.0
2026-06-25T00:05:43.643781	165.0	-75.0
2026-06-25T00:05:43.643890	171.0	-72.5
2026-06-25T00:05:43.644006	176.0	-71.0
2026-06-25T00:05:43.644118	175.0	-70.5
2026-06-25T00:05:43.644237	180.0	-70.5
2026-06-25T00:05:43.644350	179.0	-70.5
2026-06-25T00:05:43.644461	183.0	-70.5
2026-06-25T00:05:43.644574	183.0	-70.5
2026-06-25T00:05:53.219220	186.0	-76.0
2026-06-25T00:05:53.219606	167.0	-74.5
2026-06-25T00:05:53.219777	169.0	-74.0
2026-06-25T00:05:53.219898	170.0	-74.0
2026-06-25T00:05:53.220013	173.0	-73.5
2026-06-25T00:05:53.220128	175.0	-72.0
2026-06-25T00:05:53.220240	175.0	-72.5
2026-06-25T00:05:53.220361	173.0	-73.0
2026-06-25T00:05:53.220474	170.0	-74.0
2026-06-25T00:05:53.220587	169.0	-73.5
2026-06-25T00:05:53.220700	171.0	-73.5
2026-06-25T00:06:02.757578	172.0	-72.5
2026-06-25T00:06:02.757969	173.0	-73.0
2026-06-25T00:06:02.758128	177.0	-75.0
2026-06-25T00:06:02.758316	181.0	-73.5
2026-06-25T00:06:02.758512	175.0	-75.5
2026-06-25T00:06:02.758678	168.0	-76.0
2026-06-25T00:06:02.758820	165.0	-77.0
2026-06-25T00:06:02.758961	164.0	-76.0
2026-06-25T00:06:02.759102	156.0	-74.5
2026-06-25T00:06:02.759243	160.0	-74.5
2026-06-25T00:06:12.273713	163.0	-74.0
2026-06-25T00:06:12.274091	162.0	-72.0
2026-06-25T00:06:12.274305	160.0	-74.5
2026-06-25T00:06:12.274524	157.0	-70.5
2026-06-25T00:06:12.274705	153.0	-70.5
2026-06-25T00:06:12.274855	158.0	-71.0
2026-06-25T00:06:12.274999	162.0	-70.0
2026-06-25T00:06:12.275139	159.0	-70.5
2026-06-25T00:06:12.275261	150.0	-71.5
2026-06-25T00:06:12.275374	141.0	-70.5
2026-06-25T00:06:12.275485	136.0	-73.5
2026-06-25T00:06:12.275601	139.0	-70.5
2026-06-25T00:06:12.275712	129.0	-73.5
2026-06-25T00:06:21.823987	122.0	-75.5
2026-06-25T00:06:21.824349	122.0	-75.5
2026-06-25T00:06:21.824483	116.0	-77.0
2026-06-25T00:06:21.824601	109.0	-74.5
2026-06-25T00:06:21.824716	112.0	-74.0
2026-06-25T00:06:21.824826	109.0	-75.5
2026-06-25T00:06:21.824973	115.0	-78.0
2026-06-25T00:06:21.825085	101.0	-78.5
2026-06-25T00:06:21.825195	100.0	-79.5
2026-06-25T00:06:21.825307	106.0	-78.0
2026-06-25T00:06:21.825410	99.0	-77.5
2026-06-25T00:06:31.400385	98.0	-74.0
2026-06-25T00:06:31.400766	110.0	-72.0
2026-06-25T00:06:31.400943	113.0	-78.0
2026-06-25T00:06:31.401109	110.0	-77.5
2026-06-25T00:06:31.401255	114.0	-76.5
2026-06-25T00:06:31.401371	116.0	-74.5
2026-06-25T00:06:31.401480	121.0	-72.5
2026-06-25T00:06:31.401590	115.0	-75.0
2026-06-25T00:06:31.401695	125.0	-75.0
2026-06-25T00:06:31.401802	113.0	-77.0
2026-06-25T00:06:31.401906	167.0	-78.0
2026-06-25T00:06:31.402017	137.0	-76.5
2026-06-25T00:06:40.950548	110.0	-74.0
2026-06-25T00:06:40.950879	87.0	-79.0
2026-06-25T00:06:40.951002	130.0	-74.5
2026-06-25T00:06:40.951121	128.0	-73.5
2026-06-25T00:06:40.951231	130.0	-74.0
2026-06-25T00:06:40.951339	131.0	-75.0
2026-06-25T00:06:40.951444	136.0	-78.0
2026-06-25T00:06:40.951553	113.0	-73.0
2026-06-25T00:06:40.951657	108.0	-74.0
2026-06-25T00:06:40.951759	108.0	-74.5
2026-06-25T00:06:40.951870	111.0	-73.5
2026-06-25T00:06:50.490843	70.0	-65.0
2026-06-25T00:06:50.491207	66.0	-66.0
2026-06-25T00:06:50.491349	71.0	-66.0
2026-06-25T00:06:50.491466	66.0	-59.5
2026-06-25T00:06:50.491584	72.0	-62.0
2026-06-25T00:06:50.491690	69.0	-61.5
2026-06-25T00:06:50.491800	69.0	-60.5
2026-06-25T00:06:50.491911	68.0	-61.5
2026-06-25T00:06:50.492018	81.0	-64.0
2026-06-25T00:06:50.492124	91.0	-64.5
2026-06-25T00:06:50.492231	74.0	-65.5
2026-06-25T00:06:50.492341	52.0	-62.5
2026-06-25T00:06:50.492450	29.0	-69.5
2026-06-25T00:07:00.049178	64.0	-63.0
2026-06-25T00:07:00.049521	64.0	-61.0
2026-06-25T00:07:00.049648	73.0	-61.0
2026-06-25T00:07:00.049767	39.0	-68.0
2026-06-25T00:07:00.049878	48.0	-65.5
2026-06-25T00:07:00.049999	49.0	-64.5
2026-06-25T00:07:00.050113	44.0	-64.5
2026-06-25T00:07:00.050297	73.0	-65.0
2026-06-25T00:07:00.050455	63.0	-65.5
2026-06-25T00:07:00.050635	67.0	-66.5
2026-06-25T00:07:00.050795	64.0	-66.0
2026-06-25T00:07:00.050938	62.0	-63.0
2026-06-25T00:07:00.051073	64.0	-54.5
2026-06-25T00:07:09.611503	78.0	-66.5
2026-06-25T00:07:09.611854	55.0	-65.5
2026-06-25T00:07:09.611984	62.0	-64.5
2026-06-25T00:07:09.612105	32.0	-68.0
2026-06-25T00:07:09.612217	51.0	-64.5
2026-06-25T00:07:09.612329	55.0	-62.0
2026-06-25T00:07:09.612440	55.0	-60.5
2026-06-25T00:07:09.612554	60.0	-59.0
2026-06-25T00:07:09.612664	62.0	-59.0
2026-06-25T00:07:09.612776	62.0	-58.0
2026-06-25T00:07:09.612883	63.0	-58.0
2026-06-25T00:07:09.612989	63.0	-58.0
2026-06-25T00:07:09.613095	58.0	-59.5
2026-06-25T00:07:19.176004	62.0	-63.0
2026-06-25T00:07:19.176357	65.0	-63.0
2026-06-25T00:07:19.176489	66.0	-63.0
2026-06-25T00:07:19.176608	65.0	-64.5
2026-06-25T00:07:19.176732	67.0	-66.0
2026-06-25T00:07:19.176843	68.0	-69.0
2026-06-25T00:07:19.176953	89.0	-68.0
2026-06-25T00:07:19.177065	69.0	-69.0
2026-06-25T00:07:19.177174	75.0	-68.0
2026-06-25T00:07:19.177287	67.0	-64.5
2026-06-25T00:07:19.177400	65.0	-64.5
2026-06-25T00:07:28.702025	38.0	-66.0
2026-06-25T00:07:28.702444	54.0	-68.0
2026-06-25T00:07:28.702609	57.0	-64.5
2026-06-25T00:07:28.702745	67.0	-59.0
2026-06-25T00:07:28.702859	66.0	-58.5
2026-06-25T00:07:28.702974	69.0	-58.5
2026-06-25T00:07:28.703088	64.0	-58.5
2026-06-25T00:07:28.703204	60.0	-59.5
2026-06-25T00:07:28.703318	56.0	-65.0
2026-06-25T00:07:28.703426	46.0	-69.5
2026-06-25T00:07:28.703539	60.0	-67.5
2026-06-25T00:07:28.703654	56.0	-66.0
2026-06-25T00:07:28.703765	61.0	-65.0
2026-06-25T00:07:38.246261	61.0	-61.0
2026-06-25T00:07:38.246606	65.0	-61.0
2026-06-25T00:07:38.246732	62.0	-61.0
2026-06-25T00:07:38.246852	61.0	-60.5
2026-06-25T00:07:38.246972	62.0	-60.0
2026-06-25T00:07:38.247084	62.0	-61.5
2026-06-25T00:07:38.247197	61.0	-62.0
2026-06-25T00:07:38.247312	61.0	-60.5
2026-06-25T00:07:38.247424	62.0	-61.0
2026-06-25T00:07:38.247540	61.0	-60.5
2026-06-25T00:07:38.247651	62.0	-61.5
2026-06-25T00:07:38.247764	61.0	-60.0
2026-06-25T00:07:38.247874	61.0	-61.0
2026-06-25T00:07:47.760671	244.0	-78.0
2026-06-25T00:07:47.761022	195.0	-79.5
2026-06-25T00:07:47.761167	194.0	-71.0
2026-06-25T00:07:47.761309	191.0	-73.0
2026-06-25T00:07:47.761419	189.0	-71.0
2026-06-25T00:07:47.761527	189.0	-72.0
2026-06-25T00:07:47.761635	179.0	-73.5
2026-06-25T00:07:47.761748	179.0	-73.0
2026-06-25T00:07:47.761855	151.0	-74.0
2026-06-25T00:07:47.761967	175.0	-72.5
2026-06-25T00:07:47.762077	174.0	-71.5
2026-06-25T00:07:57.314975	169.0	-70.5
2026-06-25T00:07:57.315320	168.0	-71.5
2026-06-25T00:07:57.315452	174.0	-73.5
2026-06-25T00:07:57.315567	167.0	-73.5
2026-06-25T00:07:57.315678	168.0	-71.0
2026-06-25T00:07:57.315784	172.0	-71.5
2026-06-25T00:07:57.315892	168.0	-74.5
2026-06-25T00:07:57.316003	170.0	-74.0
2026-06-25T00:07:57.316108	167.0	-73.0
2026-06-25T00:07:57.316212	168.0	-71.0
2026-06-25T00:07:57.316315	168.0	-72.5
2026-06-25T00:07:57.316427	166.0	-72.0
2026-06-25T00:08:07.099393	153.0	-75.0
2026-06-25T00:08:07.099737	158.0	-73.0
2026-06-25T00:08:07.099860	164.0	-73.5
2026-06-25T00:08:07.099983	167.0	-71.5
2026-06-25T00:08:07.100097	170.0	-71.0
2026-06-25T00:08:07.100204	169.0	-71.5
2026-06-25T00:08:07.100313	169.0	-71.0
2026-06-25T00:08:07.100423	172.0	-71.0
2026-06-25T00:08:07.100539	170.0	-70.5
2026-06-25T00:08:07.100650	172.0	-70.5
2026-06-25T00:08:16.415435	172.0	-71.0
2026-06-25T00:08:16.415782	163.0	-73.5
2026-06-25T00:08:16.415925	149.0	-71.5
2026-06-25T00:08:16.416043	148.0	-71.0
2026-06-25T00:08:16.416156	137.0	-71.0
2026-06-25T00:08:16.416267	156.0	-74.5
2026-06-25T00:08:16.416380	179.0	-72.0
2026-06-25T00:08:16.416492	190.0	-71.0
2026-06-25T00:08:16.416602	194.0	-72.5
2026-06-25T00:08:16.416713	198.0	-72.0
2026-06-25T00:08:16.416821	192.0	-73.5
2026-06-25T00:08:16.417196	139.0	-71.0
2026-06-25T00:08:25.975697	169.0	-71.5
2026-06-25T00:08:25.976094	167.0	-71.0
2026-06-25T00:08:25.976286	170.0	-73.0
2026-06-25T00:08:25.976468	163.0	-73.5
2026-06-25T00:08:25.976644	160.0	-78.0
2026-06-25T00:08:25.976795	165.0	-76.0
2026-06-25T00:08:25.976934	163.0	-73.5
2026-06-25T00:08:25.977084	160.0	-75.5
2026-06-25T00:08:25.977228	160.0	-74.0
2026-06-25T00:08:25.977364	164.0	-72.5
2026-06-25T00:08:25.977504	166.0	-74.0
2026-06-25T00:08:25.977640	165.0	-71.0
2026-06-25T00:08:25.977774	167.0	-72.0
2026-06-25T00:08:35.540081	154.0	-78.5
2026-06-25T00:08:35.540728	146.0	-77.5
2026-06-25T00:08:35.540941	155.0	-76.0
2026-06-25T00:08:35.541087	157.0	-78.0
2026-06-25T00:08:35.541343	158.0	-75.5
2026-06-25T00:08:35.541509	155.0	-76.5
2026-06-25T00:08:35.541723	163.0	-69.5
2026-06-25T00:08:35.541938	168.0	-70.5
2026-06-25T00:08:35.542085	172.0	-70.5
2026-06-25T00:08:35.542382	165.0	-70.5
2026-06-25T00:08:45.106448	140.0	-75.0
2026-06-25T00:08:45.107072	142.0	-77.0
2026-06-25T00:08:45.107274	143.0	-76.0
2026-06-25T00:08:45.107416	141.0	-73.5
2026-06-25T00:08:45.107691	145.0	-76.0
2026-06-25T00:08:45.107862	140.0	-74.0
2026-06-25T00:08:45.108071	140.0	-76.5
2026-06-25T00:08:45.108294	140.0	-72.0
2026-06-25T00:08:45.108449	138.0	-72.5
2026-06-25T00:08:54.630733	137.0	-80.0
2026-06-25T00:08:54.631376	152.0	-74.5
2026-06-25T00:08:54.631595	131.0	-77.0
2026-06-25T00:08:54.631746	134.0	-76.0
2026-06-25T00:08:54.632005	139.0	-75.0
2026-06-25T00:08:54.632174	135.0	-75.0
2026-06-25T00:08:54.632382	145.0	-73.0
2026-06-25T00:08:54.632594	137.0	-73.5
2026-06-25T00:08:54.632747	139.0	-71.5
2026-06-25T00:08:54.632944	141.0	-74.5
2026-06-25T00:08:54.633148	132.0	-75.0
2026-06-25T00:09:04.194867	171.0	-75.0
2026-06-25T00:09:04.195244	167.0	-72.5
2026-06-25T00:09:04.195418	161.0	-71.5
2026-06-25T00:09:04.195547	148.0	-70.5
2026-06-25T00:09:04.195666	135.0	-74.5
2026-06-25T00:09:04.195781	163.0	-71.0
2026-06-25T00:09:04.195892	141.0	-73.5
2026-06-25T00:09:04.196008	146.0	-74.0
2026-06-25T00:09:04.196119	145.0	-72.5
2026-06-25T00:09:04.196233	150.0	-71.5
2026-06-25T00:09:04.196349	150.0	-72.0
2026-06-25T00:09:04.196462	146.0	-72.0
2026-06-25T00:09:04.196573	146.0	-72.5
2026-06-25T00:09:13.739389	75.0	-64.5
2026-06-25T00:09:13.739741	82.0	-65.5
2026-06-25T00:09:13.739876	82.0	-65.5
2026-06-25T00:09:13.739995	70.0	-67.5
2026-06-25T00:09:13.740112	66.0	-68.0
2026-06-25T00:09:13.740224	69.0	-67.0
2026-06-25T00:09:13.740334	45.0	-67.5
2026-06-25T00:09:13.740450	53.0	-63.5
2026-06-25T00:09:13.740598	51.0	-64.5
2026-06-25T00:09:13.740714	20.0	-64.5
2026-06-25T00:09:13.740821	43.0	-65.5
2026-06-25T00:09:13.740929	47.0	-64.0
2026-06-25T00:09:23.275585	55.0	-64.0
2026-06-25T00:09:23.275969	57.0	-63.5
2026-06-25T00:09:23.276197	63.0	-62.5
2026-06-25T00:09:23.276373	62.0	-63.5
2026-06-25T00:09:23.276529	58.0	-63.5
2026-06-25T00:09:23.276669	62.0	-61.0
2026-06-25T00:09:23.276806	61.0	-62.0
2026-06-25T00:09:23.276941	54.0	-61.0
2026-06-25T00:09:23.277074	65.0	-58.0
2026-06-25T00:09:23.277204	62.0	-57.5
2026-06-25T00:09:23.277343	65.0	-56.5
2026-06-25T00:09:23.277481	64.0	-57.5
2026-06-25T00:09:32.837945	66.0	-64.0
2026-06-25T00:09:32.838371	62.0	-60.0
2026-06-25T00:09:32.838620	61.0	-59.5
2026-06-25T00:09:32.838811	59.0	-61.0
2026-06-25T00:09:32.838971	59.0	-61.5
2026-06-25T00:09:32.839128	60.0	-63.0
2026-06-25T00:09:32.839274	60.0	-63.0
2026-06-25T00:09:32.839420	57.0	-62.0
2026-06-25T00:09:32.839560	55.0	-62.5
2026-06-25T00:09:32.839702	58.0	-62.0
2026-06-25T00:09:32.839847	57.0	-62.0
2026-06-25T00:09:32.839986	46.0	-67.0
2026-06-25T00:09:42.382167	60.0	-66.0
2026-06-25T00:09:42.382590	76.0	-63.0
2026-06-25T00:09:42.382825	57.0	-63.5
2026-06-25T00:09:42.383013	64.0	-61.5
2026-06-25T00:09:42.383175	66.0	-60.5
2026-06-25T00:09:42.383330	70.0	-59.0
2026-06-25T00:09:42.383469	70.0	-60.0
2026-06-25T00:09:42.383613	68.0	-59.5
2026-06-25T00:09:42.383758	68.0	-59.5
2026-06-25T00:09:42.383896	65.0	-62.0
2026-06-25T00:09:42.384037	66.0	-62.5
2026-06-25T00:09:42.384179	60.0	-65.5
2026-06-25T00:09:51.940362	65.0	-62.0
2026-06-25T00:09:51.940749	69.0	-62.0
2026-06-25T00:09:51.940989	67.0	-63.5
2026-06-25T00:09:51.941181	71.0	-61.0
2026-06-25T00:09:51.941340	70.0	-62.5
2026-06-25T00:09:51.941492	76.0	-64.0
2026-06-25T00:09:51.941632	83.0	-67.5
2026-06-25T00:09:51.941780	72.0	-66.5
2026-06-25T00:09:51.941922	66.0	-65.0
2026-06-25T00:09:51.942063	69.0	-60.5
2026-06-25T00:09:51.942245	63.0	-60.5
2026-06-25T00:09:51.942407	63.0	-61.5
2026-06-25T00:10:01.484879	109.0	-75.0
2026-06-25T00:10:01.485267	111.0	-74.5
2026-06-25T00:10:01.485517	108.0	-73.5
2026-06-25T00:10:01.485708	109.0	-74.5
2026-06-25T00:10:01.485872	106.0	-74.5
2026-06-25T00:10:01.486023	107.0	-74.5
2026-06-25T00:10:01.486167	104.0	-74.5
2026-06-25T00:10:01.486358	105.0	-74.0
2026-06-25T00:10:01.486503	109.0	-73.0
2026-06-25T00:10:01.486639	107.0	-73.5
2026-06-25T00:10:01.486785	105.0	-72.5
2026-06-25T00:10:01.486925	108.0	-74.0
2026-06-25T00:10:01.487061	110.0	-73.5
2026-06-25T00:10:11.063000	114.0	-76.5
2026-06-25T00:10:11.063354	116.0	-78.0
2026-06-25T00:10:11.063483	112.0	-77.0
2026-06-25T00:10:11.063602	124.0	-78.5
2026-06-25T00:10:11.063719	119.0	-77.0
2026-06-25T00:10:11.063831	119.0	-78.5
2026-06-25T00:10:11.063945	115.0	-79.5
2026-06-25T00:10:11.064060	94.0	-79.0
2026-06-25T00:10:11.064169	116.0	-77.0
2026-06-25T00:10:11.064282	122.0	-77.0
2026-06-25T00:10:11.064391	114.0	-75.5
2026-06-25T00:10:11.064502	107.0	-77.0
2026-06-25T00:10:11.064610	111.0	-78.5
2026-06-25T00:10:20.607521	110.0	-72.5
2026-06-25T00:10:20.608139	114.0	-77.5
2026-06-25T00:10:20.608373	115.0	-75.0
2026-06-25T00:10:20.608522	110.0	-78.0
2026-06-25T00:10:20.608789	105.0	-74.0
2026-06-25T00:10:20.608956	109.0	-76.0
2026-06-25T00:10:20.609167	108.0	-76.0
2026-06-25T00:10:20.609382	110.0	-74.0
2026-06-25T00:10:20.609531	102.0	-74.0
2026-06-25T00:10:30.151656	112.0	-76.0
2026-06-25T00:10:30.152035	113.0	-78.0
2026-06-25T00:10:30.152429	111.0	-77.0
2026-06-25T00:10:30.152632	114.0	-74.0
2026-06-25T00:10:30.152858	114.0	-75.5
2026-06-25T00:10:30.153025	112.0	-80.5
2026-06-25T00:10:30.153272	121.0	-79.5
2026-06-25T00:10:30.153508	119.0	-79.5
2026-06-25T00:10:30.153662	118.0	-79.5
2026-06-25T00:10:30.153864	119.0	-79.5
2026-06-25T00:10:30.154071	116.0	-78.0
2026-06-25T00:10:39.690129	114.0	-78.0
2026-06-25T00:10:39.690549	115.0	-77.0
2026-06-25T00:10:39.690712	116.0	-78.0
2026-06-25T00:10:39.690839	117.0	-80.5
2026-06-25T00:10:39.690964	120.0	-78.0
2026-06-25T00:10:39.691077	117.0	-79.5
2026-06-25T00:10:39.691191	116.0	-75.5
2026-06-25T00:10:39.691309	122.0	-75.5
2026-06-25T00:10:39.691452	123.0	-81.0
2026-06-25T00:10:39.691559	120.0	-79.0
2026-06-25T00:10:39.691664	129.0	-80.0
2026-06-25T00:10:39.691771	130.0	-75.5
2026-06-25T00:10:39.691880	141.0	-75.5
2026-06-25T00:10:49.258287	120.0	-77.5
2026-06-25T00:10:49.258668	127.0	-77.0
2026-06-25T00:10:49.258867	118.0	-78.5
2026-06-25T00:10:49.259052	124.0	-76.0
2026-06-25T00:10:49.259216	130.0	-76.5
2026-06-25T00:10:49.259367	114.0	-75.5
2026-06-25T00:10:49.259513	112.0	-77.0
2026-06-25T00:10:49.259658	111.0	-76.5
2026-06-25T00:10:49.259799	110.0	-75.0
2026-06-25T00:10:49.259943	112.0	-75.0
2026-06-25T00:10:49.260078	111.0	-74.5
2026-06-25T00:10:49.260215	118.0	-76.0
2026-06-25T00:10:58.792606	78.0	-63.5
2026-06-25T00:10:58.793000	65.0	-64.0
2026-06-25T00:10:58.793188	61.0	-64.0
2026-06-25T00:10:58.793357	61.0	-63.5
2026-06-25T00:10:58.793529	65.0	-63.0
2026-06-25T00:10:58.793674	69.0	-63.0
2026-06-25T00:10:58.793814	61.0	-66.5
2026-06-25T00:10:58.793959	59.0	-62.0
2026-06-25T00:10:58.794097	58.0	-62.5
2026-06-25T00:10:58.794274	60.0	-61.0
2026-06-25T00:10:58.794428	55.0	-59.0
2026-06-25T00:10:58.794566	53.0	-61.0
2026-06-25T00:11:08.332751	59.0	-63.0
2026-06-25T00:11:08.333129	61.0	-61.0
2026-06-25T00:11:08.333323	60.0	-61.5
2026-06-25T00:11:08.333515	58.0	-62.5
2026-06-25T00:11:08.333684	61.0	-62.0
2026-06-25T00:11:08.333830	60.0	-61.0
2026-06-25T00:11:08.333969	60.0	-61.5
2026-06-25T00:11:08.334115	58.0	-61.5
2026-06-25T00:11:08.334297	59.0	-61.5
2026-06-25T00:11:08.334447	61.0	-62.0
2026-06-25T00:11:08.334591	59.0	-62.5
2026-06-25T00:11:08.334735	57.0	-61.5
2026-06-25T00:11:08.334875	56.0	-62.5
2026-06-25T00:11:17.888973	60.0	-60.5
2026-06-25T00:11:17.889365	61.0	-61.0
2026-06-25T00:11:17.889788	58.0	-60.5
2026-06-25T00:11:17.889995	61.0	-61.0
2026-06-25T00:11:17.890258	62.0	-60.5
2026-06-25T00:11:17.890432	63.0	-60.5
2026-06-25T00:11:17.890554	61.0	-59.5
2026-06-25T00:11:17.890675	61.0	-59.5
2026-06-25T00:11:17.890789	58.0	-60.0
2026-06-25T00:11:17.890904	58.0	-60.5
2026-06-25T00:11:17.891019	54.0	-62.5
2026-06-25T00:11:17.891133	53.0	-62.0
2026-06-25T00:11:17.891243	49.0	-64.0
2026-06-25T00:11:27.453489	68.0	-59.0
2026-06-25T00:11:27.454129	69.0	-59.0
2026-06-25T00:11:27.454477	65.0	-61.0
2026-06-25T00:11:27.454762	63.0	-60.5
2026-06-25T00:11:27.455007	66.0	-60.5
2026-06-25T00:11:27.455220	64.0	-62.5
2026-06-25T00:11:27.455422	59.0	-61.5
2026-06-25T00:11:27.455623	62.0	-61.0
2026-06-25T00:11:27.455818	66.0	-61.0
2026-06-25T00:11:27.456017	64.0	-60.0
2026-06-25T00:11:27.456216	62.0	-62.5
2026-06-25T00:11:27.456415	62.0	-62.5
2026-06-25T00:11:36.999738	61.0	-60.5
2026-06-25T00:11:37.000381	57.0	-64.0
2026-06-25T00:11:37.000662	57.0	-62.0
2026-06-25T00:11:37.000915	56.0	-62.5
2026-06-25T00:11:37.001149	60.0	-60.5
2026-06-25T00:11:37.001363	60.0	-59.5
2026-06-25T00:11:37.001572	61.0	-60.0
2026-06-25T00:11:37.001772	60.0	-61.5
2026-06-25T00:11:37.001976	61.0	-59.0
2026-06-25T00:11:37.002172	63.0	-59.0
2026-06-25T00:11:37.002433	62.0	-58.5
2026-06-25T00:11:37.002645	59.0	-59.5
2026-06-25T00:11:37.002890	69.0	-64.0
2026-06-25T00:11:46.558095	41.0	-67.5
2026-06-25T00:11:46.558527	43.0	-67.5
2026-06-25T00:11:46.558699	46.0	-67.0
2026-06-25T00:11:46.558827	40.0	-68.0
2026-06-25T00:11:46.558943	42.0	-68.5
2026-06-25T00:11:46.559060	46.0	-68.0
2026-06-25T00:11:46.559170	46.0	-68.0
2026-06-25T00:11:46.559284	46.0	-67.0
2026-06-25T00:11:46.559394	40.0	-68.0
2026-06-25T00:11:46.559508	40.0	-68.5
2026-06-25T00:11:46.559621	44.0	-67.5
2026-06-25T00:11:46.559734	46.0	-67.0
2026-06-25T00:11:46.559842	41.0	-67.5
2026-06-25T00:11:56.122269	85.0	-62.0
2026-06-25T00:11:56.122642	84.0	-60.0
2026-06-25T00:11:56.122799	82.0	-61.5
2026-06-25T00:11:56.122936	83.0	-62.0
2026-06-25T00:11:56.123051	86.0	-62.0
2026-06-25T00:11:56.123164	82.0	-61.0
2026-06-25T00:11:56.123273	81.0	-62.5
2026-06-25T00:11:56.123390	84.0	-62.0
2026-06-25T00:11:56.123501	75.0	-62.5
2026-06-25T00:11:56.123619	78.0	-59.5
2026-06-25T00:11:56.123731	79.0	-60.5
2026-06-25T00:11:56.123844	82.0	-62.0
2026-06-25T00:11:56.123953	83.0	-64.0
2026-06-25T00:12:05.692687	70.0	-58.5
2026-06-25T00:12:05.693072	64.0	-59.0
2026-06-25T00:12:05.693198	67.0	-58.5
2026-06-25T00:12:05.693312	71.0	-59.0
2026-06-25T00:12:05.693420	69.0	-58.5
2026-06-25T00:12:05.693531	72.0	-59.0
2026-06-25T00:12:05.693637	68.0	-58.5
2026-06-25T00:12:05.693747	71.0	-58.5
2026-06-25T00:12:05.693854	73.0	-60.0
2026-06-25T00:12:05.693965	67.0	-62.0
2026-06-25T00:12:05.694069	72.0	-64.5
2026-06-25T00:12:05.694177	39.0	-69.5
2026-06-25T00:12:15.234838	75.0	-63.0
2026-06-25T00:12:15.235209	77.0	-62.5
2026-06-25T00:12:15.235354	65.0	-61.0
2026-06-25T00:12:15.235473	71.0	-63.5
2026-06-25T00:12:15.235588	75.0	-63.5
2026-06-25T00:12:15.235703	74.0	-62.0
2026-06-25T00:12:15.235813	65.0	-64.5
2026-06-25T00:12:15.235929	71.0	-64.0
2026-06-25T00:12:15.236039	68.0	-64.0
2026-06-25T00:12:15.236147	70.0	-63.5
2026-06-25T00:12:15.236264	74.0	-64.0
2026-06-25T00:12:15.236374	71.0	-64.5
2026-06-25T00:12:24.757277	170.0	-73.5
2026-06-25T00:12:24.757636	166.0	-73.0
2026-06-25T00:12:24.757772	163.0	-75.5
2026-06-25T00:12:24.757892	161.0	-76.5
2026-06-25T00:12:24.758008	163.0	-75.5
2026-06-25T00:12:24.758122	167.0	-76.5
2026-06-25T00:12:24.758312	165.0	-77.5
2026-06-25T00:12:24.758478	165.0	-75.0
2026-06-25T00:12:24.758720	164.0	-75.5
2026-06-25T00:12:24.758876	167.0	-75.5
2026-06-25T00:12:24.759040	167.0	-74.5
2026-06-25T00:12:24.759183	167.0	-73.5
2026-06-25T00:12:34.313347	172.0	-71.0
2026-06-25T00:12:34.313691	178.0	-71.0
2026-06-25T00:12:34.313820	173.0	-71.0
2026-06-25T00:12:34.313934	175.0	-72.0
2026-06-25T00:12:34.314045	175.0	-72.0
2026-06-25T00:12:34.314154	173.0	-71.0
2026-06-25T00:12:34.314359	172.0	-71.5
2026-06-25T00:12:34.314558	175.0	-71.5
2026-06-25T00:12:34.314714	175.0	-71.5
2026-06-25T00:12:34.314832	172.0	-72.0
2026-06-25T00:12:34.314950	172.0	-72.5
2026-06-25T00:12:34.315065	164.0	-76.5
2026-06-25T00:12:43.859770	175.0	-71.0
2026-06-25T00:12:43.860122	171.0	-70.0
2026-06-25T00:12:43.860252	173.0	-71.0
2026-06-25T00:12:43.860373	173.0	-70.5
2026-06-25T00:12:43.860495	172.0	-71.0
2026-06-25T00:12:43.860607	173.0	-70.0
2026-06-25T00:12:43.860717	172.0	-71.0
2026-06-25T00:12:43.860828	174.0	-71.0
2026-06-25T00:12:43.860938	171.0	-70.0
2026-06-25T00:12:43.861045	174.0	-71.0
2026-06-25T00:12:43.861158	175.0	-70.0
2026-06-25T00:12:43.861265	175.0	-71.0
2026-06-25T00:12:43.861371	174.0	-71.0
2026-06-25T00:12:53.422230	176.0	-71.0
2026-06-25T00:12:53.422738	173.0	-70.0
2026-06-25T00:12:53.423105	177.0	-70.5
2026-06-25T00:12:53.423310	173.0	-69.5
2026-06-25T00:12:53.423568	177.0	-71.0
2026-06-25T00:12:53.423733	174.0	-70.5
2026-06-25T00:12:53.423948	175.0	-70.5
2026-06-25T00:12:53.424168	175.0	-70.5
2026-06-25T00:12:53.424320	173.0	-71.0
2026-06-25T00:12:53.424520	177.0	-71.0
2026-06-25T00:12:53.424648	173.0	-70.0
2026-06-25T00:12:53.424763	173.0	-71.0
2026-06-25T00:13:02.946432	169.0	-70.0
2026-06-25T00:13:02.946774	173.0	-71.0
2026-06-25T00:13:02.946903	174.0	-70.5
2026-06-25T00:13:02.947033	172.0	-70.5
2026-06-25T00:13:02.947153	172.0	-69.5
2026-06-25T00:13:02.947271	180.0	-71.0
2026-06-25T00:13:02.947383	176.0	-71.0
2026-06-25T00:13:02.947497	174.0	-71.0
2026-06-25T00:13:02.947607	170.0	-70.5
2026-06-25T00:13:02.947719	174.0	-71.0
2026-06-25T00:13:02.947832	175.0	-70.5
2026-06-25T00:13:02.947943	171.0	-70.0
2026-06-25T00:13:02.948049	174.0	-70.5
2026-06-25T00:13:12.526344	167.0	-74.0
2026-06-25T00:14:28.945824	60.0	-56.0
2026-06-25T00:14:28.946344	61.0	-55.5
2026-06-25T00:14:28.946628	60.0	-57.5
2026-06-25T00:14:28.946834	61.0	-56.0
2026-06-25T00:14:28.947015	58.0	-57.0
2026-06-25T00:14:28.947193	59.0	-57.5
2026-06-25T00:14:28.947380	56.0	-57.0
2026-06-25T00:14:28.947542	61.0	-57.5
2026-06-25T00:14:28.947722	58.0	-56.5
2026-06-25T00:14:28.947880	57.0	-58.0
2026-06-25T00:14:28.948019	63.0	-58.0
2026-06-25T00:14:28.948159	64.0	-57.5
2026-06-25T00:14:28.948302	61.0	-58.0
2026-06-25T00:14:38.487940	60.0	-64.5
2026-06-25T00:14:38.488339	57.0	-64.0
2026-06-25T00:14:38.488527	60.0	-64.0
2026-06-25T00:14:38.488703	59.0	-64.5
2026-06-25T00:14:38.488872	56.0	-64.0
2026-06-25T00:14:38.489017	56.0	-64.0
2026-06-25T00:14:38.489160	59.0	-64.5
2026-06-25T00:14:38.489336	56.0	-64.5
2026-06-25T00:14:38.489471	61.0	-64.0
2026-06-25T00:14:38.489606	58.0	-64.0
2026-06-25T00:14:38.489735	60.0	-63.5
2026-06-25T00:14:38.489867	61.0	-64.0
2026-06-25T00:14:38.489993	57.0	-64.0
2026-06-25T00:14:48.068458	78.0	-60.5
2026-06-25T00:14:48.068823	77.0	-60.5
2026-06-25T00:14:48.068953	78.0	-60.5
2026-06-25T00:14:48.069071	81.0	-61.5
2026-06-25T00:14:48.069185	77.0	-61.5
2026-06-25T00:14:48.069296	74.0	-62.5
2026-06-25T00:14:48.069409	71.0	-62.5
2026-06-25T00:14:48.069523	73.0	-63.0
2026-06-25T00:14:48.069636	77.0	-61.5
2026-06-25T00:14:48.069753	73.0	-62.5
2026-06-25T00:14:48.069864	72.0	-63.0
2026-06-25T00:14:57.614862	63.0	-59.5
2026-06-25T00:14:57.615242	66.0	-58.0
2026-06-25T00:14:57.615628	63.0	-58.5
2026-06-25T00:14:57.615825	62.0	-62.0
2026-06-25T00:14:57.616043	57.0	-62.5
2026-06-25T00:14:57.616202	54.0	-62.0
2026-06-25T00:14:57.616442	59.0	-59.5
2026-06-25T00:14:57.616610	60.0	-58.5
2026-06-25T00:14:57.616820	58.0	-60.0
2026-06-25T00:14:57.617023	61.0	-59.0
2026-06-25T00:14:57.617219	57.0	-59.5
2026-06-25T00:14:57.617367	53.0	-65.0
2026-06-25T00:15:07.159014	78.0	-61.5
2026-06-25T00:15:07.159401	77.0	-61.0
2026-06-25T00:15:07.159790	74.0	-60.5
2026-06-25T00:15:07.159998	74.0	-59.5
2026-06-25T00:15:07.160138	72.0	-60.0
2026-06-25T00:15:07.160383	78.0	-59.0
2026-06-25T00:15:07.160544	73.0	-60.0
2026-06-25T00:15:07.160753	77.0	-60.5
2026-06-25T00:15:07.160966	72.0	-61.0
2026-06-25T00:15:07.161166	75.0	-60.5
2026-06-25T00:15:07.161318	75.0	-59.5
2026-06-25T00:15:07.161512	72.0	-61.0
2026-06-25T00:15:16.689358	67.0	-63.5
2026-06-25T00:15:16.689748	59.0	-65.0
2026-06-25T00:15:16.690135	64.0	-65.5
2026-06-25T00:15:16.690396	81.0	-60.5
2026-06-25T00:15:16.690550	87.0	-63.0
2026-06-25T00:15:16.690820	87.0	-63.5
2026-06-25T00:15:16.690993	86.0	-63.5
2026-06-25T00:15:16.691204	87.0	-63.0
2026-06-25T00:15:16.691415	79.0	-65.0
2026-06-25T00:15:16.691613	76.0	-67.5
2026-06-25T00:15:16.691761	72.0	-66.5
2026-06-25T00:15:16.691957	72.0	-64.0
2026-06-25T00:15:16.692150	70.0	-64.5
2026-06-25T00:15:26.257346	107.0	-72.5
2026-06-25T00:15:26.257702	106.0	-75.0
2026-06-25T00:15:26.257832	99.0	-77.0
2026-06-25T00:15:26.257944	91.0	-76.0
2026-06-25T00:15:26.258052	86.0	-75.5
2026-06-25T00:15:26.258164	82.0	-75.5
2026-06-25T00:15:26.258367	84.0	-76.0
2026-06-25T00:15:26.258524	84.0	-74.0
2026-06-25T00:15:26.258687	87.0	-75.5
2026-06-25T00:15:26.258845	88.0	-72.5
2026-06-25T00:15:26.258988	84.0	-74.0
2026-06-25T00:15:26.259131	81.0	-72.5
2026-06-25T00:15:35.791726	95.0	-74.0
2026-06-25T00:15:35.792067	94.0	-74.5
2026-06-25T00:15:35.792205	95.0	-72.5
2026-06-25T00:15:35.792319	99.0	-75.0
2026-06-25T00:15:35.792430	96.0	-74.0
2026-06-25T00:15:35.792537	96.0	-73.5
2026-06-25T00:15:35.792650	96.0	-76.5
2026-06-25T00:15:35.792762	98.0	-74.5
2026-06-25T00:15:35.792872	98.0	-77.0
2026-06-25T00:15:35.792978	97.0	-77.5
2026-06-25T00:15:35.793092	99.0	-76.5
2026-06-25T00:15:35.793199	93.0	-74.0
2026-06-25T00:15:45.345869	91.0	-69.5
2026-06-25T00:15:45.346296	92.0	-71.0
2026-06-25T00:15:45.346512	90.0	-70.5
2026-06-25T00:15:45.346687	97.0	-73.5
2026-06-25T00:15:45.346841	99.0	-71.5
2026-06-25T00:15:45.346986	99.0	-75.0
2026-06-25T00:15:45.347124	103.0	-75.5
2026-06-25T00:15:45.347272	106.0	-74.5
2026-06-25T00:15:45.347411	104.0	-73.0
2026-06-25T00:15:45.347544	102.0	-71.5
2026-06-25T00:15:45.347688	102.0	-72.5
2026-06-25T00:15:54.890114	90.0	-75.0
2026-06-25T00:15:54.890552	96.0	-75.0
2026-06-25T00:15:54.890742	100.0	-74.0
2026-06-25T00:15:54.890916	106.0	-75.5
2026-06-25T00:15:54.891081	109.0	-74.5
2026-06-25T00:15:54.891230	104.0	-74.0
2026-06-25T00:15:54.891371	101.0	-73.0
2026-06-25T00:15:54.891510	105.0	-75.0
2026-06-25T00:15:54.891643	108.0	-74.0
2026-06-25T00:15:54.891774	108.0	-74.5
2026-06-25T00:15:54.891913	112.0	-74.0
2026-06-25T00:15:54.892050	110.0	-74.0
2026-06-25T00:15:54.892184	107.0	-74.5
2026-06-25T00:16:04.432662	93.0	-75.0
2026-06-25T00:16:04.433044	89.0	-74.0
2026-06-25T00:16:04.433224	94.0	-73.5
2026-06-25T00:16:04.433413	91.0	-72.5
2026-06-25T00:16:04.433574	94.0	-73.0
2026-06-25T00:16:04.433718	92.0	-72.0
2026-06-25T00:16:04.433894	92.0	-72.0
2026-06-25T00:16:04.434028	92.0	-73.5
2026-06-25T00:16:04.434159	97.0	-73.0
2026-06-25T00:16:04.434334	98.0	-71.5
2026-06-25T00:16:04.434484	103.0	-71.0
2026-06-25T00:16:04.434613	104.0	-71.5
2026-06-25T00:16:04.434743	100.0	-75.0
2026-06-25T00:16:13.988976	101.0	-75.0
2026-06-25T00:16:13.989352	102.0	-72.0
2026-06-25T00:16:13.989504	102.0	-71.0
2026-06-25T00:16:13.989625	103.0	-73.5
2026-06-25T00:16:13.989746	103.0	-74.0
2026-06-25T00:16:13.989854	106.0	-72.5
2026-06-25T00:16:13.989966	106.0	-72.0
2026-06-25T00:16:13.990077	98.0	-73.0
2026-06-25T00:16:13.990229	99.0	-74.5
2026-06-25T00:16:13.990412	102.0	-75.5
2026-06-25T00:16:13.990590	101.0	-74.5
2026-06-25T00:16:13.990720	79.0	-76.0
2026-06-25T00:16:23.555063	93.0	-73.5
2026-06-25T00:16:23.555411	96.0	-73.5
2026-06-25T00:16:23.555540	91.0	-73.5
2026-06-25T00:16:23.555661	92.0	-76.0
2026-06-25T00:16:23.555773	85.0	-72.5
2026-06-25T00:16:23.555885	86.0	-75.5
2026-06-25T00:16:23.555996	82.0	-77.5
2026-06-25T00:16:23.556108	84.0	-80.0
2026-06-25T00:16:23.556217	81.0	-75.0
2026-06-25T00:16:23.556324	85.0	-74.5
2026-06-25T00:16:23.556439	85.0	-74.5
2026-06-25T00:16:23.556548	84.0	-74.5
2026-06-25T00:16:23.556658	87.0	-73.0
2026-06-25T00:16:33.099526	101.0	-72.0
2026-06-25T00:16:33.099867	99.0	-71.0
2026-06-25T00:16:33.099990	96.0	-74.0
2026-06-25T00:16:33.100106	89.0	-78.0
2026-06-25T00:16:33.100215	100.0	-71.0
2026-06-25T00:16:33.100323	102.0	-70.5
2026-06-25T00:16:33.100442	97.0	-71.5
2026-06-25T00:16:33.100554	99.0	-73.0
2026-06-25T00:16:33.100662	85.0	-73.0
2026-06-25T00:16:33.100774	85.0	-73.5
2026-06-25T00:16:33.100884	82.0	-74.0
2026-06-25T00:16:33.100990	85.0	-74.5
2026-06-25T00:16:33.101097	85.0	-76.5
2026-06-25T00:16:42.677819	88.0	-75.0
2026-06-25T00:16:42.678163	83.0	-73.5
2026-06-25T00:16:42.678393	79.0	-75.0
2026-06-25T00:16:42.678579	76.0	-74.0
2026-06-25T00:16:42.678709	77.0	-74.5
2026-06-25T00:16:42.678827	82.0	-73.0
2026-06-25T00:16:42.678938	79.0	-73.5
2026-06-25T00:16:42.679056	75.0	-73.0
2026-06-25T00:16:42.679171	77.0	-74.5
2026-06-25T00:16:42.679291	78.0	-74.0
2026-06-25T00:16:52.221824	220.0	-81.0
2026-06-25T00:16:52.222164	272.0	-82.5
2026-06-25T00:16:52.222398	227.0	-80.5
2026-06-25T00:16:52.222590	172.0	-81.0
2026-06-25T00:16:52.222718	228.0	-78.0
2026-06-25T00:16:52.222829	167.0	-82.5
2026-06-25T00:16:52.222941	190.0	-81.5
2026-06-25T00:16:52.223059	253.0	-84.5
2026-06-25T00:16:52.223173	296.0	-79.0
2026-06-25T00:16:52.223283	231.0	-81.5
2026-06-25T00:16:52.223394	222.0	-81.5
2026-06-25T00:16:52.223504	218.0	-79.5
2026-06-25T00:17:01.742355	168.0	-73.0
2026-06-25T00:17:01.742689	169.0	-72.0
2026-06-25T00:17:01.742813	169.0	-72.5
2026-06-25T00:17:01.742940	170.0	-72.0
2026-06-25T00:17:01.743051	171.0	-72.0
2026-06-25T00:17:01.743161	173.0	-71.0
2026-06-25T00:17:01.743269	171.0	-72.0
2026-06-25T00:17:01.743379	170.0	-70.5
2026-06-25T00:17:01.743492	173.0	-72.0
2026-06-25T00:17:01.743602	169.0	-71.5
2026-06-25T00:17:01.743712	172.0	-72.0
2026-06-25T00:17:01.743819	169.0	-71.5
2026-06-25T00:17:01.743930	168.0	-71.5
2026-06-25T00:17:11.276417	170.0	-68.5
2026-06-25T00:17:11.276775	165.0	-69.5
2026-06-25T00:17:11.276910	182.0	-71.5
2026-06-25T00:17:11.277025	189.0	-71.0
2026-06-25T00:17:11.277134	183.0	-71.0
2026-06-25T00:17:11.277243	183.0	-76.5
2026-06-25T00:17:11.277356	176.0	-73.5
2026-06-25T00:17:11.277468	179.0	-73.5
2026-06-25T00:17:11.277586	185.0	-77.0
2026-06-25T00:17:11.277694	179.0	-75.5
2026-06-25T00:17:20.846717	170.0	-75.0
2026-06-25T00:17:20.847089	171.0	-74.5
2026-06-25T00:17:20.847251	170.0	-73.5
2026-06-25T00:17:20.847377	179.0	-71.5
2026-06-25T00:17:20.847491	183.0	-72.5
2026-06-25T00:17:20.847607	165.0	-75.5
2026-06-25T00:17:20.847720	193.0	-79.0
2026-06-25T00:17:20.847830	195.0	-75.5
2026-06-25T00:17:20.847949	190.0	-80.5
2026-06-25T00:17:20.848061	164.0	-76.5
2026-06-25T00:17:20.848172	175.0	-74.5
2026-06-25T00:17:20.848280	175.0	-71.0
2026-06-25T00:17:30.406955	173.0	-71.5
2026-06-25T00:17:30.407301	170.0	-71.5
2026-06-25T00:17:30.407433	168.0	-71.0
2026-06-25T00:17:30.407545	161.0	-73.5
2026-06-25T00:17:30.407687	171.0	-73.0
2026-06-25T00:17:30.407792	171.0	-70.5
2026-06-25T00:17:30.407901	169.0	-71.5
2026-06-25T00:17:30.408009	181.0	-76.5
2026-06-25T00:17:30.408116	177.0	-74.5
2026-06-25T00:17:30.408222	169.0	-74.0
2026-06-25T00:17:30.408329	161.0	-74.5
2026-06-25T00:17:30.408433	170.0	-71.5
2026-06-25T00:17:39.941174	170.0	-80.0
2026-06-25T00:17:39.941513	175.0	-71.0
2026-06-25T00:17:39.941641	176.0	-74.5
2026-06-25T00:17:39.941769	173.0	-74.0
2026-06-25T00:17:39.941879	183.0	-74.5
2026-06-25T00:17:39.941991	181.0	-74.5
2026-06-25T00:17:39.942104	230.0	-73.5
2026-06-25T00:17:39.942300	197.0	-74.5
2026-06-25T00:17:39.942468	194.0	-73.5
2026-06-25T00:17:39.942663	186.0	-75.0
2026-06-25T00:17:39.942823	182.0	-72.0
2026-06-25T00:17:49.515553	177.0	-70.5
2026-06-25T00:17:49.515904	186.0	-70.0
2026-06-25T00:17:49.516038	181.0	-70.5
2026-06-25T00:17:49.516156	182.0	-69.5
2026-06-25T00:17:49.516268	186.0	-70.0
2026-06-25T00:17:49.516379	188.0	-70.5
2026-06-25T00:17:49.516489	184.0	-70.5
2026-06-25T00:17:49.516604	180.0	-74.0
2026-06-25T00:17:49.516711	179.0	-73.0
2026-06-25T00:17:49.516818	181.0	-71.0
2026-06-25T00:17:49.516924	183.0	-73.0
2026-06-25T00:17:49.517035	188.0	-73.0
2026-06-25T00:17:59.045800	195.0	-79.0
2026-06-25T00:17:59.046136	189.0	-75.0
2026-06-25T00:17:59.046354	190.0	-75.0
2026-06-25T00:17:59.046541	188.0	-80.0
2026-06-25T00:17:59.046673	201.0	-80.5
2026-06-25T00:17:59.046798	182.0	-75.0
2026-06-25T00:17:59.046909	172.0	-78.5
2026-06-25T00:17:59.047027	206.0	-73.5
2026-06-25T00:17:59.047143	192.0	-71.5
2026-06-25T00:17:59.047254	183.0	-73.0
2026-06-25T00:17:59.047367	180.0	-71.5
2026-06-25T00:17:59.047478	189.0	-71.5
2026-06-25T00:18:08.616104	181.0	-70.5
2026-06-25T00:18:08.616458	173.0	-73.5
2026-06-25T00:18:08.616585	176.0	-72.5
2026-06-25T00:18:08.616705	154.0	-76.5
2026-06-25T00:18:08.616818	150.0	-76.0
2026-06-25T00:18:08.616930	192.0	-76.0
2026-06-25T00:18:08.617039	197.0	-76.0
2026-06-25T00:18:08.617151	198.0	-74.5
2026-06-25T00:18:08.617262	176.0	-75.0
2026-06-25T00:18:08.617371	163.0	-77.0
2026-06-25T00:18:08.617486	159.0	-77.0
2026-06-25T00:18:08.617595	167.0	-74.0
2026-06-25T00:18:08.617701	175.0	-72.5
2026-06-25T00:18:18.180268	68.0	-59.0
2026-06-25T00:18:18.180610	64.0	-64.0
2026-06-25T00:18:18.180738	74.0	-60.0
2026-06-25T00:18:18.180853	69.0	-62.5
2026-06-25T00:18:18.180975	70.0	-60.5
2026-06-25T00:18:18.181087	69.0	-60.0
2026-06-25T00:18:18.181196	69.0	-62.0
2026-06-25T00:18:18.181308	79.0	-62.5
2026-06-25T00:18:18.181419	73.0	-64.5
2026-06-25T00:18:18.181535	76.0	-65.0
2026-06-25T00:18:18.181642	79.0	-64.0
2026-06-25T00:18:18.181748	69.0	-66.0
2026-06-25T00:18:27.696571	57.0	-61.0
2026-06-25T00:18:27.696912	56.0	-61.0
2026-06-25T00:18:27.697040	62.0	-59.5
2026-06-25T00:18:27.697162	65.0	-63.5
2026-06-25T00:18:27.697278	56.0	-66.5
2026-06-25T00:18:27.697390	65.0	-64.5
2026-06-25T00:18:27.697501	64.0	-65.5
2026-06-25T00:18:27.697614	68.0	-65.5
2026-06-25T00:18:27.697726	69.0	-65.5
2026-06-25T00:18:27.697839	70.0	-64.0
2026-06-25T00:18:27.697953	71.0	-60.0
2026-06-25T00:18:27.698062	64.0	-62.0
2026-06-25T00:18:37.238780	60.0	-61.0
2026-06-25T00:18:37.239150	61.0	-61.5
2026-06-25T00:18:37.239314	63.0	-59.0
2026-06-25T00:18:37.239436	61.0	-60.0
2026-06-25T00:18:37.239548	58.0	-62.0
2026-06-25T00:18:37.239659	60.0	-61.0
2026-06-25T00:18:37.239768	61.0	-59.5
2026-06-25T00:18:37.239882	60.0	-60.0
2026-06-25T00:18:37.239990	61.0	-59.5
2026-06-25T00:18:37.240102	61.0	-60.0
2026-06-25T00:18:37.240215	61.0	-58.5
2026-06-25T00:18:37.240323	61.0	-59.0
2026-06-25T00:18:37.240446	60.0	-61.0
2026-06-25T00:18:46.803191	58.0	-62.0
2026-06-25T00:18:46.803537	61.0	-59.5
2026-06-25T00:18:46.803674	60.0	-60.0
2026-06-25T00:18:46.803787	60.0	-58.5
2026-06-25T00:18:46.803901	60.0	-60.5
2026-06-25T00:18:46.804012	61.0	-59.5
2026-06-25T00:18:46.804123	62.0	-60.0
2026-06-25T00:18:46.804232	60.0	-60.0
2026-06-25T00:18:46.804337	58.0	-60.5
2026-06-25T00:18:46.804452	59.0	-61.0
2026-06-25T00:18:46.804561	60.0	-60.0
2026-06-25T00:18:46.804667	59.0	-60.0
2026-06-25T00:18:56.329369	62.0	-56.0
2026-06-25T00:18:56.329735	59.0	-58.5
2026-06-25T00:18:56.329865	54.0	-64.0
2026-06-25T00:18:56.329979	64.0	-58.5
2026-06-25T00:18:56.330088	67.0	-56.5
2026-06-25T00:18:56.330249	67.0	-57.0
2026-06-25T00:18:56.330419	71.0	-57.0
2026-06-25T00:18:56.330632	69.0	-57.5
2026-06-25T00:18:56.330763	71.0	-53.5
2026-06-25T00:18:56.330874	68.0	-51.0
2026-06-25T00:18:56.330983	68.0	-56.5
2026-06-25T00:18:56.331091	56.0	-61.0
2026-06-25T00:18:56.331195	53.0	-64.5
2026-06-25T00:19:05.893580	67.0	-60.0
2026-06-25T00:19:05.893919	68.0	-60.0
2026-06-25T00:19:05.894045	73.0	-60.5
2026-06-25T00:19:05.894172	68.0	-64.0
2026-06-25T00:19:05.894372	72.0	-63.0
2026-06-25T00:19:05.894522	71.0	-64.0
2026-06-25T00:19:05.894704	71.0	-62.5
2026-06-25T00:19:05.894871	75.0	-62.0
2026-06-25T00:19:05.895017	77.0	-63.5
2026-06-25T00:19:05.895165	80.0	-62.0
2026-06-25T00:19:05.895305	81.0	-62.5
2026-06-25T00:19:05.895441	82.0	-63.0
2026-06-25T00:19:05.895573	75.0	-63.0
2026-06-25T00:19:15.439978	72.0	-58.0
2026-06-25T00:19:15.440319	74.0	-59.0
2026-06-25T00:19:15.440446	72.0	-58.5
2026-06-25T00:19:15.440568	74.0	-58.0
2026-06-25T00:19:15.440678	73.0	-57.0
2026-06-25T00:19:15.440788	75.0	-57.0
2026-06-25T00:19:15.440896	75.0	-58.0
2026-06-25T00:19:15.441006	72.0	-58.5
2026-06-25T00:19:15.441118	72.0	-57.5
2026-06-25T00:19:15.441235	69.0	-58.0
2026-06-25T00:19:15.441342	73.0	-58.0
2026-06-25T00:19:15.441448	73.0	-60.0
2026-06-25T00:19:25.002183	78.0	-64.0
2026-06-25T00:19:25.002602	72.0	-63.5
2026-06-25T00:19:25.002766	73.0	-63.5
2026-06-25T00:19:25.002892	66.0	-66.0
2026-06-25T00:19:25.003006	77.0	-64.0
2026-06-25T00:19:25.003117	74.0	-64.5
2026-06-25T00:19:25.003230	74.0	-63.0
2026-06-25T00:19:25.003342	75.0	-64.5
2026-06-25T00:19:25.003455	78.0	-64.5
2026-06-25T00:19:25.003567	71.0	-64.5
2026-06-25T00:19:25.003684	77.0	-63.5
2026-06-25T00:19:25.003795	78.0	-63.5
2026-06-25T00:19:25.003903	81.0	-64.0
2026-06-25T00:19:34.532637	75.0	-66.0
2026-06-25T00:19:34.532980	72.0	-65.0
2026-06-25T00:19:34.533108	78.0	-65.5
2026-06-25T00:19:34.533236	75.0	-65.0
2026-06-25T00:19:34.533347	70.0	-65.0
2026-06-25T00:19:34.533457	77.0	-66.0
2026-06-25T00:19:34.533566	74.0	-67.5
2026-06-25T00:19:34.533680	75.0	-67.5
2026-06-25T00:19:34.533791	73.0	-68.0
2026-06-25T00:19:34.533903	75.0	-66.5
2026-06-25T00:19:34.534013	73.0	-67.0
2026-06-25T00:19:34.534119	74.0	-66.5
2026-06-25T00:19:34.534316	78.0	-65.5
2026-06-25T00:19:44.102822	60.0	-63.5
2026-06-25T00:19:44.103205	63.0	-65.5
2026-06-25T00:19:44.103366	63.0	-62.0
2026-06-25T00:19:44.103487	61.0	-58.0
2026-06-25T00:19:44.103596	62.0	-58.0
2026-06-25T00:19:44.103706	61.0	-58.0
2026-06-25T00:19:44.103816	65.0	-61.0
2026-06-25T00:19:44.103928	43.0	-69.0
2026-06-25T00:19:44.104037	34.0	-70.0
2026-06-25T00:19:44.104150	42.0	-66.5
2026-06-25T00:19:44.104262	42.0	-66.0
2026-06-25T00:19:44.104370	39.0	-67.0
2026-06-25T00:19:53.653119	132.0	-79.5
2026-06-25T00:19:53.653468	128.0	-80.5
2026-06-25T00:19:53.653601	129.0	-76.5
2026-06-25T00:19:53.653718	107.0	-81.5
2026-06-25T00:19:53.653832	117.0	-77.0
2026-06-25T00:19:53.653942	107.0	-77.0
2026-06-25T00:19:53.654051	115.0	-75.0
2026-06-25T00:19:53.654163	110.0	-79.0
2026-06-25T00:19:53.654371	73.0	-76.5
2026-06-25T00:19:53.654540	149.0	-76.0
2026-06-25T00:19:53.654736	130.0	-77.5
2026-06-25T00:19:53.654891	128.0	-77.0
2026-06-25T00:20:03.189196	68.0	-79.0
2026-06-25T00:20:03.189538	146.0	-78.5
2026-06-25T00:20:03.189674	139.0	-79.0
2026-06-25T00:20:03.189791	113.0	-81.5
2026-06-25T00:20:03.189904	107.0	-78.0
2026-06-25T00:20:03.190014	98.0	-77.5
2026-06-25T00:20:03.190126	92.0	-77.5
2026-06-25T00:20:03.190315	101.0	-74.5
2026-06-25T00:20:03.190474	107.0	-74.5
2026-06-25T00:20:03.190661	151.0	-77.5
2026-06-25T00:20:03.190825	110.0	-76.5
2026-06-25T00:20:03.190974	99.0	-71.0
2026-06-25T00:20:03.191125	90.0	-76.0
2026-06-25T00:20:12.733473	149.0	-78.5
2026-06-25T00:20:12.733822	144.0	-74.5
2026-06-25T00:20:12.733956	136.0	-74.5
2026-06-25T00:20:12.734074	130.0	-76.0
2026-06-25T00:20:12.734237	126.0	-77.0
2026-06-25T00:20:12.734401	123.0	-76.5
2026-06-25T00:20:12.734588	122.0	-74.0
2026-06-25T00:20:12.734792	128.0	-75.0
2026-06-25T00:20:12.734932	127.0	-76.5
2026-06-25T00:20:12.735086	129.0	-79.0
2026-06-25T00:20:12.735220	143.0	-80.5
2026-06-25T00:20:12.735352	131.0	-76.0
2026-06-25T00:20:22.279800	135.0	-79.0
2026-06-25T00:20:22.280154	111.0	-75.0
2026-06-25T00:20:22.280284	106.0	-77.0
2026-06-25T00:20:22.280405	111.0	-79.0
2026-06-25T00:20:22.280518	121.0	-77.0
2026-06-25T00:20:22.280629	123.0	-77.5
2026-06-25T00:20:22.280750	126.0	-77.5
2026-06-25T00:20:22.280865	95.0	-78.0
2026-06-25T00:20:22.280973	102.0	-78.5
2026-06-25T00:20:31.830011	101.0	-77.5
2026-06-25T00:20:31.830437	114.0	-78.5
2026-06-25T00:20:31.830602	120.0	-77.0
2026-06-25T00:20:31.830727	115.0	-75.0
2026-06-25T00:20:31.830839	116.0	-73.0
2026-06-25T00:20:31.830951	112.0	-73.0
2026-06-25T00:20:31.831065	104.0	-74.5
2026-06-25T00:20:31.831182	103.0	-73.5
2026-06-25T00:20:31.831294	107.0	-72.0
2026-06-25T00:20:31.831403	109.0	-71.0
2026-06-25T00:20:31.831511	110.0	-76.5
2026-06-25T00:20:31.831624	160.0	-75.5
2026-06-25T00:20:31.831939	121.0	-79.0
2026-06-25T00:20:41.394413	109.0	-80.0
2026-06-25T00:20:41.394784	103.0	-75.0
2026-06-25T00:20:41.394939	105.0	-75.5
2026-06-25T00:20:41.395069	102.0	-74.0
2026-06-25T00:20:41.395182	104.0	-77.0
2026-06-25T00:20:41.395292	106.0	-78.0
2026-06-25T00:20:41.395402	104.0	-76.5
2026-06-25T00:20:41.395516	106.0	-74.5
2026-06-25T00:20:41.395630	100.0	-78.0
2026-06-25T00:20:41.395744	108.0	-76.5
2026-06-25T00:20:41.395855	107.0	-77.0
2026-06-25T00:20:41.395961	109.0	-75.0
2026-06-25T00:20:50.920750	106.0	-75.0
2026-06-25T00:20:50.921091	107.0	-76.0
2026-06-25T00:20:50.921216	107.0	-75.5
2026-06-25T00:20:50.921341	104.0	-75.0
2026-06-25T00:20:50.921452	103.0	-74.5
2026-06-25T00:20:50.921568	106.0	-76.5
2026-06-25T00:20:50.921679	112.0	-78.0
2026-06-25T00:20:50.921788	106.0	-77.0
2026-06-25T00:20:50.921895	110.0	-77.0
2026-06-25T00:20:50.922002	107.0	-75.0
2026-06-25T00:20:50.922113	109.0	-77.0
2026-06-25T00:20:50.922311	104.0	-77.0
2026-06-25T00:21:00.494757	135.0	-73.5
2026-06-25T00:21:00.495103	128.0	-74.0
2026-06-25T00:21:00.495230	114.0	-75.5
2026-06-25T00:21:00.495347	128.0	-74.0
2026-06-25T00:21:00.495459	121.0	-75.0
2026-06-25T00:21:00.495569	112.0	-75.5
2026-06-25T00:21:00.495681	107.0	-74.5
2026-06-25T00:21:00.495794	116.0	-75.5
2026-06-25T00:21:00.495906	114.0	-74.0
2026-06-25T00:21:00.496012	120.0	-77.0
2026-06-25T00:21:00.496123	114.0	-76.5
2026-06-25T00:21:00.496234	109.0	-74.0
2026-06-25T00:21:10.045259	100.0	-74.5
2026-06-25T00:21:10.045612	102.0	-71.5
2026-06-25T00:21:10.045744	96.0	-72.5
2026-06-25T00:21:10.045868	87.0	-74.5
2026-06-25T00:21:10.045987	97.0	-74.0
2026-06-25T00:21:10.046097	66.0	-79.5
2026-06-25T00:21:10.046287	130.0	-76.0
2026-06-25T00:21:10.046466	98.0	-75.5
2026-06-25T00:21:10.046641	98.0	-71.5
2026-06-25T00:21:10.046767	99.0	-71.5
2026-06-25T00:21:10.046886	83.0	-76.5
2026-06-25T00:21:10.046999	90.0	-68.5
2026-06-25T00:21:19.587655	80.0	-60.5
2026-06-25T00:21:19.588009	77.0	-59.0
2026-06-25T00:21:19.588135	69.0	-59.0
2026-06-25T00:21:19.588253	69.0	-70.0
2026-06-25T00:21:19.588364	66.0	-73.0
2026-06-25T00:21:19.588473	62.0	-75.5
2026-06-25T00:21:19.588585	105.0	-70.5
2026-06-25T00:21:19.588698	83.0	-69.5
2026-06-25T00:21:19.588808	41.0	-70.0
2026-06-25T00:21:19.588915	39.0	-71.0
2026-06-25T00:21:19.589026	68.0	-69.5
2026-06-25T00:21:19.589137	86.0	-70.5
2026-06-25T00:21:19.589245	62.0	-70.0
2026-06-25T00:21:29.133638	51.0	-65.0
2026-06-25T00:21:29.133981	51.0	-65.0
2026-06-25T00:21:29.134108	52.0	-65.0
2026-06-25T00:21:29.134290	52.0	-65.0
2026-06-25T00:21:29.134466	53.0	-65.0
2026-06-25T00:21:29.134664	52.0	-65.5
2026-06-25T00:21:29.134836	54.0	-65.0
2026-06-25T00:21:29.134980	51.0	-65.0
2026-06-25T00:21:29.135118	50.0	-65.5
2026-06-25T00:21:29.135269	53.0	-65.0
2026-06-25T00:21:29.135403	50.0	-65.0
2026-06-25T00:21:29.135533	53.0	-64.5
2026-06-25T00:21:29.135664	55.0	-64.5
2026-06-25T00:21:38.690064	69.0	-57.0
2026-06-25T00:21:38.690466	72.0	-58.0
2026-06-25T00:21:38.690598	70.0	-63.5
2026-06-25T00:21:38.690724	74.0	-65.0
2026-06-25T00:21:38.690835	77.0	-65.0
2026-06-25T00:21:38.690972	77.0	-65.5
2026-06-25T00:21:38.691081	76.0	-64.0
2026-06-25T00:21:38.691188	76.0	-64.0
2026-06-25T00:21:38.691292	71.0	-64.0
2026-06-25T00:21:38.691400	69.0	-64.5
2026-06-25T00:21:38.691506	77.0	-64.5
2026-06-25T00:21:38.691611	77.0	-63.0
2026-06-25T00:21:38.691713	82.0	-64.0
2026-06-25T00:21:48.228561	61.0	-60.5
2026-06-25T00:21:48.228910	56.0	-63.0
2026-06-25T00:21:48.229036	48.0	-67.0
2026-06-25T00:21:48.229155	53.0	-66.0
2026-06-25T00:21:48.229265	59.0	-62.0
2026-06-25T00:21:48.229374	60.0	-59.0
2026-06-25T00:21:48.229482	61.0	-58.5
2026-06-25T00:21:48.229598	62.0	-58.5
2026-06-25T00:21:48.229709	59.0	-59.5
2026-06-25T00:21:48.229827	60.0	-60.5
2026-06-25T00:21:48.229938	60.0	-60.0
2026-06-25T00:21:48.230043	63.0	-58.5
2026-06-25T00:21:48.230153	64.0	-58.0
2026-06-25T00:21:57.782849	73.0	-67.5
2026-06-25T00:21:57.783195	76.0	-61.5
2026-06-25T00:21:57.783326	65.0	-65.0
2026-06-25T00:21:57.783440	62.0	-66.0
2026-06-25T00:21:57.783550	62.0	-65.5
2026-06-25T00:21:57.783662	69.0	-63.5
2026-06-25T00:21:57.783773	68.0	-65.0
2026-06-25T00:21:57.783883	75.0	-61.5
2026-06-25T00:21:57.783994	74.0	-64.0
2026-06-25T00:21:57.784106	72.0	-65.0
2026-06-25T00:21:57.784213	75.0	-63.0
2026-06-25T00:21:57.784318	72.0	-62.5
2026-06-25T00:22:07.318917	99.0	-76.0
2026-06-25T00:22:07.319517	106.0	-75.0
2026-06-25T00:22:07.319730	107.0	-74.0
2026-06-25T00:22:07.319871	104.0	-74.5
2026-06-25T00:22:07.320138	106.0	-74.5
2026-06-25T00:22:07.320301	107.0	-72.0
2026-06-25T00:22:07.320507	106.0	-71.5
2026-06-25T00:22:07.320725	107.0	-72.0
2026-06-25T00:22:07.320873	105.0	-71.5
2026-06-25T00:22:07.321073	105.0	-71.5
2026-06-25T00:22:07.321285	106.0	-71.5
2026-06-25T00:22:07.321431	106.0	-72.5
2026-06-25T00:22:16.879092	107.0	-71.5
2026-06-25T00:22:16.879440	106.0	-71.5
2026-06-25T00:22:16.879568	105.0	-72.0
2026-06-25T00:22:16.879686	110.0	-72.0
2026-06-25T00:22:16.879797	107.0	-72.0
2026-06-25T00:22:16.879906	105.0	-72.0
2026-06-25T00:22:16.880013	106.0	-72.0
2026-06-25T00:22:16.880123	104.0	-71.0
2026-06-25T00:22:16.880231	108.0	-71.0
2026-06-25T00:22:16.880338	108.0	-71.5
2026-06-25T00:22:16.880453	106.0	-71.0
2026-06-25T00:22:16.880559	107.0	-72.0
2026-06-25T00:22:16.880664	106.0	-71.5
2026-06-25T00:22:26.417392	108.0	-68.5
2026-06-25T00:22:26.417740	113.0	-68.0
2026-06-25T00:22:26.417870	111.0	-68.5
2026-06-25T00:22:26.417988	107.0	-68.0
2026-06-25T00:22:26.418098	107.0	-69.0
2026-06-25T00:22:26.418266	104.0	-71.0
2026-06-25T00:22:26.418425	103.0	-70.5
2026-06-25T00:22:26.418658	102.0	-72.0
2026-06-25T00:22:26.418783	99.0	-71.5
2026-06-25T00:22:26.418903	105.0	-71.0
2026-06-25T00:22:26.419013	106.0	-72.0
2026-06-25T00:22:26.419122	112.0	-76.0
2026-06-25T00:22:35.973564	128.0	-78.0
2026-06-25T00:22:35.973901	194.0	-81.0
2026-06-25T00:22:35.974026	215.0	-78.0
2026-06-25T00:22:35.974143	118.0	-73.5
2026-06-25T00:22:35.974351	121.0	-79.5
2026-06-25T00:22:35.974534	115.0	-79.0
2026-06-25T00:22:35.974684	119.0	-79.0
2026-06-25T00:22:35.974808	111.0	-74.0
2026-06-25T00:22:35.974920	116.0	-76.0
2026-06-25T00:22:35.975029	120.0	-76.0
2026-06-25T00:22:35.975147	113.0	-77.5
2026-06-25T00:22:35.975261	101.0	-78.0
2026-06-25T00:22:45.519926	108.0	-80.0
2026-06-25T00:22:45.520260	106.0	-80.5
2026-06-25T00:22:45.520394	104.0	-79.0
2026-06-25T00:22:45.520510	105.0	-80.5
2026-06-25T00:22:45.520627	109.0	-80.0
2026-06-25T00:22:45.520737	107.0	-79.0
2026-06-25T00:22:45.520846	101.0	-80.5
2026-06-25T00:22:45.520959	101.0	-80.0
2026-06-25T00:22:45.521067	101.0	-79.0
2026-06-25T00:22:45.521175	100.0	-80.0
2026-06-25T00:22:45.521286	96.0	-77.5
2026-06-25T00:22:45.521396	106.0	-78.5
2026-06-25T00:22:45.521504	107.0	-77.0
2026-06-25T00:22:55.070277	103.0	-78.5
2026-06-25T00:22:55.070657	107.0	-78.0
2026-06-25T00:22:55.070806	113.0	-76.0
2026-06-25T00:22:55.070927	113.0	-76.5
2026-06-25T00:22:55.071048	113.0	-76.0
2026-06-25T00:22:55.071161	112.0	-76.0
2026-06-25T00:22:55.071269	110.0	-78.0
2026-06-25T00:22:55.071381	107.0	-78.5
2026-06-25T00:22:55.071496	108.0	-77.0
2026-06-25T00:22:55.071610	107.0	-77.5
2026-06-25T00:22:55.071722	111.0	-77.5
2026-06-25T00:22:55.071859	110.0	-79.0
2026-06-25T00:23:04.618683	191.0	-80.0
2026-06-25T00:23:04.619044	181.0	-78.5
2026-06-25T00:23:04.619199	177.0	-79.0
2026-06-25T00:23:04.619313	301.0	-77.0
2026-06-25T00:23:04.619421	211.0	-80.5
2026-06-25T00:23:04.619531	237.0	-78.0
2026-06-25T00:23:04.619635	229.0	-82.5
2026-06-25T00:23:04.619746	300.0	-79.5
2026-06-25T00:23:04.619855	249.0	-78.5
2026-06-25T00:23:04.619962	252.0	-82.5
2026-06-25T00:23:04.620072	253.0	-82.5
2026-06-25T00:23:04.620177	308.0	-80.5
2026-06-25T00:23:14.169061	190.0	-66.5
2026-06-25T00:23:14.169402	192.0	-67.0
2026-06-25T00:23:14.169524	189.0	-67.0
2026-06-25T00:23:14.169633	192.0	-67.0
2026-06-25T00:23:14.169739	188.0	-68.5
2026-06-25T00:23:14.169848	191.0	-67.5
2026-06-25T00:23:14.169958	195.0	-67.0
2026-06-25T00:23:14.170065	188.0	-67.0
2026-06-25T00:23:14.170170	191.0	-66.5
2026-06-25T00:23:14.170411	193.0	-66.5
2026-06-25T00:23:14.170611	192.0	-67.0
2026-06-25T00:23:14.170761	193.0	-67.0
2026-06-25T00:23:23.701255	188.0	-73.5
2026-06-25T00:23:23.701595	174.0	-74.0
2026-06-25T00:23:23.701716	175.0	-73.0
2026-06-25T00:23:23.701825	188.0	-72.0
2026-06-25T00:23:23.701932	179.0	-71.5
2026-06-25T00:23:23.702041	189.0	-72.0
2026-06-25T00:23:23.702145	201.0	-75.0
2026-06-25T00:23:23.702353	184.0	-73.5
2026-06-25T00:23:23.702573	180.0	-74.5
2026-06-25T00:23:23.702734	177.0	-72.5
2026-06-25T00:23:23.702877	179.0	-72.5
2026-06-25T00:23:33.249705	174.0	-73.5
2026-06-25T00:23:33.250052	180.0	-72.5
2026-06-25T00:23:33.250182	185.0	-72.5
2026-06-25T00:23:33.250437	185.0	-71.5
2026-06-25T00:23:33.250639	181.0	-70.5
2026-06-25T00:23:33.250814	170.0	-74.0
2026-06-25T00:23:33.250961	172.0	-73.0
2026-06-25T00:23:33.251104	167.0	-75.0
2026-06-25T00:23:33.251245	174.0	-74.5
2026-06-25T00:23:33.251387	176.0	-75.0
2026-06-25T00:23:33.251522	171.0	-70.5
2026-06-25T00:23:42.801659	165.0	-73.5
2026-06-25T00:23:42.802010	168.0	-74.0
2026-06-25T00:23:42.802140	170.0	-74.5
2026-06-25T00:23:42.802343	170.0	-74.0
2026-06-25T00:23:42.802501	183.0	-74.5
2026-06-25T00:23:42.802677	168.0	-74.5
2026-06-25T00:23:42.802817	172.0	-75.0
2026-06-25T00:23:42.802936	167.0	-73.0
2026-06-25T00:23:42.803049	172.0	-74.0
2026-06-25T00:23:42.803158	165.0	-74.0
2026-06-25T00:23:42.803267	184.0	-75.0
2026-06-25T00:23:42.803381	170.0	-75.0
2026-06-25T00:23:52.342122	175.0	-78.0
2026-06-25T00:23:52.342543	177.0	-72.0
2026-06-25T00:23:52.342678	176.0	-73.0
2026-06-25T00:23:52.342795	167.0	-76.0
2026-06-25T00:23:52.342907	177.0	-77.0
2026-06-25T00:23:52.343017	172.0	-73.0
2026-06-25T00:23:52.343127	169.0	-70.5
2026-06-25T00:23:52.343252	171.0	-71.5
2026-06-25T00:23:52.343365	172.0	-73.0
2026-06-25T00:23:52.343472	176.0	-72.0
2026-06-25T00:24:01.890338	159.0	-74.0
2026-06-25T00:24:01.890706	161.0	-74.0
2026-06-25T00:24:01.890858	159.0	-74.0
2026-06-25T00:24:01.890983	159.0	-73.0
2026-06-25T00:24:01.891096	157.0	-73.5
2026-06-25T00:24:01.891218	160.0	-73.5
2026-06-25T00:24:01.891332	157.0	-73.0
2026-06-25T00:24:01.891444	161.0	-73.5
2026-06-25T00:24:01.891558	161.0	-73.5
2026-06-25T00:24:01.891669	162.0	-74.0
2026-06-25T00:24:01.891779	162.0	-74.5
2026-06-25T00:24:01.891894	160.0	-74.5
2026-06-25T00:24:11.422569	156.0	-73.5
2026-06-25T00:24:11.423199	161.0	-72.0
2026-06-25T00:24:11.423394	158.0	-73.5
2026-06-25T00:24:11.423544	160.0	-74.5
2026-06-25T00:24:11.423797	162.0	-74.5
2026-06-25T00:24:11.423962	157.0	-75.0
2026-06-25T00:24:11.424167	159.0	-74.5
2026-06-25T00:24:11.424379	158.0	-74.5
2026-06-25T00:24:11.424526	160.0	-75.5
2026-06-25T00:24:11.424727	159.0	-75.5
2026-06-25T00:24:11.424928	159.0	-75.0
2026-06-25T00:24:11.425065	162.0	-75.0
2026-06-25T00:24:11.425253	157.0	-74.0
2026-06-25T00:24:20.994761	188.0	-69.5
2026-06-25T00:24:20.995102	188.0	-70.5
2026-06-25T00:24:20.995230	185.0	-71.5
2026-06-25T00:24:20.995352	182.0	-73.0
2026-06-25T00:24:20.995463	183.0	-74.5
2026-06-25T00:24:20.995576	182.0	-72.5
2026-06-25T00:24:20.995689	183.0	-73.5
2026-06-25T00:24:20.995804	181.0	-75.0
2026-06-25T00:24:20.995915	173.0	-75.5
2026-06-25T00:24:20.996029	171.0	-74.5
2026-06-25T00:24:20.996139	176.0	-73.0
2026-06-25T00:24:20.996277	177.0	-75.5
2026-06-25T00:24:20.996384	177.0	-74.5
2026-06-25T00:24:30.535021	171.0	-73.0
2026-06-25T00:24:30.535350	176.0	-74.5
2026-06-25T00:24:30.535479	179.0	-73.5
2026-06-25T00:24:30.535596	176.0	-73.5
2026-06-25T00:24:30.535707	183.0	-73.5
2026-06-25T00:24:30.535821	181.0	-75.0
2026-06-25T00:24:30.535928	183.0	-75.0
2026-06-25T00:24:30.536036	177.0	-75.0
2026-06-25T00:24:30.536141	186.0	-73.5
2026-06-25T00:24:30.536248	181.0	-73.5
2026-06-25T00:24:30.536354	182.0	-73.5
2026-06-25T00:24:30.536461	180.0	-74.0
2026-06-25T00:24:30.536566	185.0	-75.5
2026-06-25T00:24:40.081294	159.0	-73.0
2026-06-25T00:24:40.081668	160.0	-72.5
2026-06-25T00:24:40.081864	161.0	-76.5
2026-06-25T00:24:40.082030	160.0	-75.0
2026-06-25T00:24:40.082177	161.0	-77.5
2026-06-25T00:24:40.082387	158.0	-76.5
2026-06-25T00:24:40.082529	157.0	-77.0
2026-06-25T00:24:40.082665	163.0	-75.0
2026-06-25T00:24:40.082795	160.0	-72.0
2026-06-25T00:24:40.082929	160.0	-70.5
2026-06-25T00:24:40.083062	164.0	-72.0
2026-06-25T00:24:40.083185	162.0	-70.0
2026-06-25T00:24:49.667030	77.0	-59.5
2026-06-25T00:24:49.667422	42.0	-65.5
2026-06-25T00:24:49.667614	37.0	-67.5
2026-06-25T00:24:49.667907	47.0	-65.0
2026-06-25T00:24:49.668100	77.0	-65.0
2026-06-25T00:24:49.668351	49.0	-68.5
2026-06-25T00:24:49.668530	76.0	-65.0
2026-06-25T00:24:49.668773	73.0	-68.5
2026-06-25T00:24:49.668944	30.0	-70.0
2026-06-25T00:24:49.669179	61.0	-67.5
2026-06-25T00:24:49.669443	56.0	-64.5
2026-06-25T00:24:59.197816	64.0	-66.5
2026-06-25T00:24:59.198236	65.0	-65.0
2026-06-25T00:24:59.198446	67.0	-59.5
2026-06-25T00:24:59.198636	66.0	-61.5
2026-06-25T00:24:59.198798	66.0	-59.5
2026-06-25T00:24:59.198948	64.0	-64.5
2026-06-25T00:24:59.199090	69.0	-60.0
2026-06-25T00:24:59.199230	71.0	-58.5
2026-06-25T00:24:59.199373	68.0	-60.5
2026-06-25T00:24:59.199512	67.0	-61.0
2026-06-25T00:24:59.199645	61.0	-64.5
2026-06-25T00:24:59.199789	60.0	-64.0
2026-06-25T00:25:08.706431	62.0	-64.5
2026-06-25T00:25:08.706806	60.0	-68.0
2026-06-25T00:25:08.706995	53.0	-69.5
2026-06-25T00:25:08.707178	46.0	-70.0
2026-06-25T00:25:08.707339	46.0	-70.5
2026-06-25T00:25:08.707490	62.0	-69.0
2026-06-25T00:25:08.707628	96.0	-68.0
2026-06-25T00:25:08.707765	47.0	-72.5
2026-06-25T00:25:08.707904	60.0	-70.5
2026-06-25T00:25:08.708041	59.0	-69.5
2026-06-25T00:25:08.708183	61.0	-69.0
2026-06-25T00:25:08.708314	55.0	-70.5
2026-06-25T00:25:18.268791	63.0	-60.5
2026-06-25T00:25:18.269181	61.0	-60.0
2026-06-25T00:25:18.269381	63.0	-60.0
2026-06-25T00:25:18.269553	65.0	-61.0
2026-06-25T00:25:18.269710	61.0	-62.0
2026-06-25T00:25:18.269856	61.0	-61.5
2026-06-25T00:25:18.270006	62.0	-60.0
2026-06-25T00:25:18.270148	59.0	-62.5
2026-06-25T00:25:18.270327	61.0	-60.0
2026-06-25T00:25:18.270470	62.0	-62.0
2026-06-25T00:25:18.270612	62.0	-62.0
2026-06-25T00:25:18.270745	62.0	-62.0
2026-06-25T00:25:27.780831	70.0	-59.0
2026-06-25T00:25:27.781213	62.0	-62.0
2026-06-25T00:25:27.781412	65.0	-62.5
2026-06-25T00:25:27.781592	63.0	-62.0
2026-06-25T00:25:27.781719	62.0	-62.5
2026-06-25T00:25:27.781835	61.0	-64.5
2026-06-25T00:25:27.781951	60.0	-63.5
2026-06-25T00:25:27.782067	61.0	-64.5
2026-06-25T00:25:27.782221	68.0	-63.0
2026-06-25T00:25:27.782377	67.0	-61.0
2026-06-25T00:25:27.782517	76.0	-60.0
2026-06-25T00:25:27.782626	76.0	-59.5
2026-06-25T00:25:37.329110	61.0	-58.5
2026-06-25T00:25:37.329455	57.0	-61.5
2026-06-25T00:25:37.329584	70.0	-67.0
2026-06-25T00:25:37.329702	40.0	-69.0
2026-06-25T00:25:37.329811	47.0	-68.0
2026-06-25T00:25:37.329920	53.0	-67.0
2026-06-25T00:25:37.330029	53.0	-66.5
2026-06-25T00:25:37.330143	48.0	-66.0
2026-06-25T00:25:37.330325	61.0	-65.0
2026-06-25T00:25:37.330475	59.0	-65.0
2026-06-25T00:25:37.330636	57.0	-65.5
2026-06-25T00:25:37.330764	56.0	-65.5
2026-06-25T00:25:37.330895	61.0	-64.0
2026-06-25T00:25:46.861273	63.0	-58.5
2026-06-25T00:25:46.861618	63.0	-58.5
2026-06-25T00:25:46.861747	62.0	-59.0
2026-06-25T00:25:46.861863	67.0	-59.0
2026-06-25T00:25:46.861974	64.0	-59.0
2026-06-25T00:25:46.862082	69.0	-59.0
2026-06-25T00:25:46.862239	65.0	-59.5
2026-06-25T00:25:46.862411	61.0	-57.5
2026-06-25T00:25:46.862616	59.0	-60.5
2026-06-25T00:25:46.862746	60.0	-62.0
2026-06-25T00:25:46.862854	62.0	-64.0
2026-06-25T00:25:46.862961	78.0	-66.0
2026-06-25T00:25:46.863066	92.0	-69.5
2026-06-25T00:25:56.431268	180.0	-74.0
2026-06-25T00:25:56.431640	186.0	-71.0
2026-06-25T00:25:56.431814	192.0	-70.0
2026-06-25T00:25:56.431982	184.0	-69.0
2026-06-25T00:25:56.432130	183.0	-70.0
2026-06-25T00:25:56.432268	183.0	-70.0
2026-06-25T00:25:56.432398	182.0	-70.5
2026-06-25T00:25:56.432542	179.0	-70.0
2026-06-25T00:25:56.432676	174.0	-70.0
2026-06-25T00:25:56.432813	173.0	-70.5
2026-06-25T00:25:56.432951	174.0	-70.5
2026-06-25T00:25:56.433082	172.0	-71.0
2026-06-25T00:25:56.433210	173.0	-70.5
2026-06-25T00:26:05.984089	193.0	-67.5
2026-06-25T00:26:05.984478	194.0	-68.5
2026-06-25T00:26:05.984636	197.0	-70.0
2026-06-25T00:26:05.984761	196.0	-70.5
2026-06-25T00:26:05.984879	197.0	-70.0
2026-06-25T00:26:05.984990	198.0	-70.0
2026-06-25T00:26:05.985100	195.0	-70.0
2026-06-25T00:26:05.985213	194.0	-69.5
2026-06-25T00:26:05.985328	190.0	-70.0
2026-06-25T00:26:05.985443	189.0	-70.5
2026-06-25T00:26:05.985558	187.0	-70.0
2026-06-25T00:26:05.985665	180.0	-70.5
2026-06-25T00:26:05.985775	167.0	-74.0
2026-06-25T00:26:15.516250	179.0	-72.5
2026-06-25T00:26:15.516877	171.0	-75.0
2026-06-25T00:26:15.517169	184.0	-74.5
2026-06-25T00:26:15.517339	176.0	-72.5
2026-06-25T00:26:15.517589	179.0	-73.0
2026-06-25T00:26:15.517754	175.0	-73.0
2026-06-25T00:26:15.517964	169.0	-72.5
2026-06-25T00:26:15.518182	201.0	-78.0
2026-06-25T00:26:15.518378	197.0	-77.5
2026-06-25T00:26:15.518592	193.0	-77.0
2026-06-25T00:26:15.518794	187.0	-78.0
2026-06-25T00:26:15.518990	170.0	-76.0
2026-06-25T00:26:15.519126	159.0	-79.0
2026-06-25T00:26:25.086306	179.0	-71.5
2026-06-25T00:26:25.086933	170.0	-72.5
2026-06-25T00:26:25.087137	176.0	-71.5
2026-06-25T00:26:25.087288	165.0	-71.5
2026-06-25T00:26:25.087544	160.0	-73.5
2026-06-25T00:26:25.087711	175.0	-78.5
2026-06-25T00:26:25.087922	185.0	-75.5
2026-06-25T00:26:25.088142	183.0	-76.0
2026-06-25T00:26:25.088288	190.0	-71.0
2026-06-25T00:26:25.088492	185.0	-75.5
2026-06-25T00:26:25.088697	180.0	-78.5
2026-06-25T00:26:25.088839	182.0	-75.0
2026-06-25T00:26:25.089029	173.0	-73.5
2026-06-25T00:26:34.647025	190.0	-71.5
2026-06-25T00:26:34.647408	192.0	-72.5
2026-06-25T00:26:34.647650	191.0	-71.5
2026-06-25T00:26:34.647830	193.0	-72.5
2026-06-25T00:26:34.647994	190.0	-72.0
2026-06-25T00:26:34.648142	195.0	-75.0
2026-06-25T00:26:34.648283	194.0	-74.5
2026-06-25T00:26:34.648432	192.0	-72.5
2026-06-25T00:26:34.648577	189.0	-74.5
2026-06-25T00:26:34.648725	190.0	-74.5
2026-06-25T00:26:34.648866	194.0	-73.5
2026-06-25T00:26:34.649003	193.0	-72.5
2026-06-25T00:26:44.199010	183.0	-69.0
2026-06-25T00:26:44.199387	190.0	-67.5
2026-06-25T00:26:44.199630	186.0	-67.0
2026-06-25T00:26:44.199806	183.0	-67.0
2026-06-25T00:26:44.199961	180.0	-68.0
2026-06-25T00:26:44.200105	186.0	-67.5
2026-06-25T00:26:44.200249	185.0	-68.0
2026-06-25T00:26:44.200390	187.0	-67.5
2026-06-25T00:26:44.200529	187.0	-68.0
2026-06-25T00:26:44.200663	188.0	-67.5
2026-06-25T00:26:44.200810	184.0	-67.0
2026-06-25T00:26:44.200945	185.0	-67.0
2026-06-25T00:26:53.725216	184.0	-68.5
2026-06-25T00:26:53.725599	187.0	-68.0
2026-06-25T00:26:53.725789	189.0	-68.5
2026-06-25T00:26:53.725968	189.0	-68.5
2026-06-25T00:26:53.726132	188.0	-67.5
2026-06-25T00:26:53.726327	186.0	-67.5
2026-06-25T00:26:53.726477	188.0	-67.5
2026-06-25T00:26:53.726623	188.0	-67.5
2026-06-25T00:26:53.726762	185.0	-68.0
2026-06-25T00:26:53.726896	187.0	-67.0
2026-06-25T00:26:53.727036	188.0	-67.5
2026-06-25T00:26:53.727174	187.0	-67.5
2026-06-25T00:27:03.283470	164.0	-70.5
2026-06-25T00:27:03.283858	164.0	-71.0
2026-06-25T00:27:03.284045	165.0	-70.5
2026-06-25T00:27:03.284225	166.0	-70.5
2026-06-25T00:27:03.284395	166.0	-71.0
2026-06-25T00:27:03.284540	164.0	-71.0
2026-06-25T00:27:03.284677	165.0	-71.0
2026-06-25T00:27:03.284818	167.0	-70.5
2026-06-25T00:27:03.284958	169.0	-71.0
2026-06-25T00:27:03.285092	166.0	-70.5
2026-06-25T00:27:03.285239	162.0	-71.0
2026-06-25T00:27:03.285373	166.0	-70.5
2026-06-25T00:27:03.285543	164.0	-70.5
2026-06-25T00:27:12.815937	202.0	-74.0
2026-06-25T00:27:12.816315	205.0	-73.0
2026-06-25T00:27:12.816492	198.0	-72.5
2026-06-25T00:27:12.816667	196.0	-73.5
2026-06-25T00:27:12.816822	200.0	-75.5
2026-06-25T00:27:12.816967	200.0	-77.5
2026-06-25T00:27:12.817099	196.0	-72.5
2026-06-25T00:27:12.817234	202.0	-72.5
2026-06-25T00:27:12.817364	203.0	-73.5
2026-06-25T00:27:12.817501	205.0	-73.5
2026-06-25T00:27:12.817635	213.0	-73.5
2026-06-25T00:27:22.362163	161.0	-74.5
2026-06-25T00:27:22.362868	162.0	-71.0
2026-06-25T00:27:22.363070	165.0	-74.5
2026-06-25T00:27:22.363215	183.0	-73.5
2026-06-25T00:27:22.363475	176.0	-72.0
2026-06-25T00:27:22.363640	190.0	-76.5
2026-06-25T00:27:22.363849	167.0	-72.5
2026-06-25T00:27:22.364065	172.0	-71.0
2026-06-25T00:27:22.364210	175.0	-71.0
2026-06-25T00:27:22.364402	163.0	-73.0
2026-06-25T00:27:22.364597	189.0	-72.0
2026-06-25T00:27:31.912293	167.0	-75.0
2026-06-25T00:27:31.912921	167.0	-74.5
2026-06-25T00:27:31.913135	167.0	-73.0
2026-06-25T00:27:31.913275	167.0	-72.5
2026-06-25T00:27:31.913534	171.0	-71.5
2026-06-25T00:27:31.913699	170.0	-73.0
2026-06-25T00:27:31.913906	167.0	-73.5
2026-06-25T00:27:31.914118	167.0	-72.5
2026-06-25T00:27:31.914309	166.0	-72.5
2026-06-25T00:27:31.914527	167.0	-72.5
2026-06-25T00:27:31.914734	171.0	-76.5
2026-06-25T00:27:41.442769	126.0	-77.0
2026-06-25T00:27:41.443389	109.0	-78.5
2026-06-25T00:27:41.443602	130.0	-75.5
2026-06-25T00:27:41.443746	115.0	-76.5
2026-06-25T00:27:41.444006	112.0	-78.0
2026-06-25T00:27:41.444167	103.0	-80.5
2026-06-25T00:27:41.444380	111.0	-74.5
2026-06-25T00:27:41.444591	114.0	-75.5
2026-06-25T00:27:41.444740	122.0	-79.5
2026-06-25T00:27:41.444937	119.0	-76.0
2026-06-25T00:27:41.445135	122.0	-75.5
2026-06-25T00:27:41.445288	113.0	-73.5
2026-06-25T00:27:50.999018	107.0	-74.0
2026-06-25T00:27:50.999642	107.0	-73.0
2026-06-25T00:27:50.999919	107.0	-73.5
2026-06-25T00:27:51.000183	114.0	-75.0
2026-06-25T00:27:51.000406	116.0	-74.0
2026-06-25T00:27:51.000615	110.0	-73.0
2026-06-25T00:27:51.000815	107.0	-75.5
2026-06-25T00:27:51.001021	106.0	-76.0
2026-06-25T00:27:51.001214	107.0	-74.5
2026-06-25T00:27:51.001414	108.0	-74.5
2026-06-25T00:27:51.001619	101.0	-73.5
2026-06-25T00:27:51.001818	106.0	-72.5
2026-06-25T00:28:00.551555	105.0	-72.5
2026-06-25T00:28:00.552194	104.0	-73.0
2026-06-25T00:28:00.552485	107.0	-73.5
2026-06-25T00:28:00.552751	108.0	-74.5
2026-06-25T00:28:00.552984	108.0	-74.5
2026-06-25T00:28:00.553197	104.0	-74.0
2026-06-25T00:28:00.553398	107.0	-74.5
2026-06-25T00:28:00.553604	108.0	-75.0
2026-06-25T00:28:00.553804	107.0	-73.5
2026-06-25T00:28:00.554005	108.0	-73.5
2026-06-25T00:28:00.554662	106.0	-74.0
2026-06-25T00:28:00.555536	104.0	-73.0
2026-06-25T00:28:00.555873	107.0	-75.0
2026-06-25T00:28:10.087529	105.0	-78.5
2026-06-25T00:28:10.087916	113.0	-75.5
2026-06-25T00:28:10.088341	110.0	-78.5
2026-06-25T00:28:10.088542	129.0	-74.5
2026-06-25T00:28:10.088760	118.0	-75.5
2026-06-25T00:28:10.088918	113.0	-73.5
2026-06-25T00:28:10.089163	121.0	-75.0
2026-06-25T00:28:10.089329	111.0	-78.5
2026-06-25T00:28:10.089540	109.0	-81.5
2026-06-25T00:28:10.089759	110.0	-80.5
2026-06-25T00:28:10.089962	107.0	-83.0
2026-06-25T00:28:10.090104	107.0	-82.0
2026-06-25T00:28:19.633975	94.0	-76.5
2026-06-25T00:28:19.634387	74.0	-76.0
2026-06-25T00:28:19.634527	70.0	-76.0
2026-06-25T00:28:19.634642	75.0	-77.5
2026-06-25T00:28:19.634757	77.0	-77.0
2026-06-25T00:28:19.634866	82.0	-76.5
2026-06-25T00:28:19.634978	83.0	-78.0
2026-06-25T00:28:19.635091	92.0	-78.5
2026-06-25T00:28:19.635220	95.0	-76.0
2026-06-25T00:28:19.635334	105.0	-74.5
2026-06-25T00:28:19.635452	106.0	-76.0
2026-06-25T00:28:29.162121	110.0	-79.5
2026-06-25T00:28:29.162536	113.0	-78.5
2026-06-25T00:28:29.162674	112.0	-80.0
2026-06-25T00:28:29.162794	108.0	-74.5
2026-06-25T00:28:29.162909	109.0	-75.0
2026-06-25T00:28:29.163018	106.0	-73.5
2026-06-25T00:28:29.163130	104.0	-76.0
2026-06-25T00:28:29.163241	102.0	-76.0
2026-06-25T00:28:29.163347	106.0	-76.5
2026-06-25T00:28:29.163460	109.0	-80.0
2026-06-25T00:28:29.163566	109.0	-73.5
2026-06-25T00:28:29.163936	110.0	-77.0
2026-06-25T00:28:38.722653	118.0	-77.0
2026-06-25T00:28:38.722990	120.0	-79.0
2026-06-25T00:28:38.723121	123.0	-78.0
2026-06-25T00:28:38.723234	119.0	-81.5
2026-06-25T00:28:38.723354	109.0	-81.5
2026-06-25T00:28:38.723467	107.0	-81.5
2026-06-25T00:28:38.723578	115.0	-79.0
2026-06-25T00:28:38.723689	111.0	-79.0
2026-06-25T00:28:38.723796	107.0	-79.0
2026-06-25T00:28:38.723902	109.0	-80.0
2026-06-25T00:28:38.724013	109.0	-80.0
2026-06-25T00:28:38.724119	127.0	-77.5
2026-06-25T00:28:48.262749	61.0	-62.0
2026-06-25T00:28:48.263087	58.0	-63.5
2026-06-25T00:28:48.263227	59.0	-64.5
2026-06-25T00:28:48.263343	64.0	-65.0
2026-06-25T00:28:48.263456	67.0	-65.5
2026-06-25T00:28:48.263568	67.0	-67.5
2026-06-25T00:28:48.263682	60.0	-67.0
2026-06-25T00:28:48.263792	60.0	-63.0
2026-06-25T00:28:48.263901	61.0	-63.0
2026-06-25T00:28:48.264009	61.0	-61.0
2026-06-25T00:28:48.264123	62.0	-61.0
2026-06-25T00:28:48.264231	66.0	-60.0
2026-06-25T00:28:57.785142	45.0	-77.5
2026-06-25T00:28:57.785493	85.0	-73.5
2026-06-25T00:28:57.785624	61.0	-67.5
2026-06-25T00:28:57.785742	63.0	-64.5
2026-06-25T00:28:57.785856	64.0	-64.5
2026-06-25T00:28:57.785969	63.0	-66.0
2026-06-25T00:28:57.786078	64.0	-70.0
2026-06-25T00:28:57.786229	71.0	-67.5
2026-06-25T00:28:57.786394	80.0	-67.5
2026-06-25T00:28:57.786545	59.0	-71.0
2026-06-25T00:28:57.786713	45.0	-74.0
2026-06-25T00:28:57.786859	49.0	-71.0
2026-06-25T00:29:07.327183	56.0	-63.0
2026-06-25T00:29:07.327820	58.0	-63.0
2026-06-25T00:29:07.328030	61.0	-60.5
2026-06-25T00:29:07.328186	61.0	-62.5
2026-06-25T00:29:07.328446	62.0	-60.0
2026-06-25T00:29:07.328611	60.0	-60.5
2026-06-25T00:29:07.328823	62.0	-61.5
2026-06-25T00:29:07.329039	60.0	-62.0
2026-06-25T00:29:07.329181	61.0	-60.5
2026-06-25T00:29:07.329380	61.0	-61.0
2026-06-25T00:29:07.329589	59.0	-59.0
2026-06-25T00:29:07.329782	59.0	-58.5
2026-06-25T00:29:07.329927	60.0	-60.0
2026-06-25T00:29:16.859551	59.0	-61.5
2026-06-25T00:29:16.859910	57.0	-62.0
2026-06-25T00:29:16.860039	55.0	-61.5
2026-06-25T00:29:16.860160	54.0	-64.0
2026-06-25T00:29:16.860272	51.0	-65.0
2026-06-25T00:29:16.860383	52.0	-65.0
2026-06-25T00:29:16.860492	46.0	-67.0
2026-06-25T00:29:16.860602	27.0	-67.5
2026-06-25T00:29:16.860715	39.0	-65.0
2026-06-25T00:29:16.860830	68.0	-63.5
2026-06-25T00:29:16.860941	77.0	-61.5
2026-06-25T00:29:16.861053	71.0	-59.5
2026-06-25T00:29:16.861163	66.0	-56.0
2026-06-25T00:29:26.391787	69.0	-59.5
2026-06-25T00:29:26.392141	75.0	-56.5
2026-06-25T00:29:26.392276	78.0	-59.5
2026-06-25T00:29:26.392394	78.0	-58.5
2026-06-25T00:29:26.392509	78.0	-57.5
2026-06-25T00:29:26.392623	73.0	-57.0
2026-06-25T00:29:26.392731	69.0	-58.0
2026-06-25T00:29:26.392844	67.0	-57.0
2026-06-25T00:29:26.392955	69.0	-56.0
2026-06-25T00:29:26.393067	67.0	-58.0
2026-06-25T00:29:26.393175	66.0	-58.5
2026-06-25T00:29:26.393286	66.0	-59.0
2026-06-25T00:29:35.953999	61.0	-58.5
2026-06-25T00:29:35.954679	57.0	-59.0
2026-06-25T00:29:35.954898	37.0	-68.0
2026-06-25T00:29:35.955036	84.0	-64.0
2026-06-25T00:29:35.955290	80.0	-62.0
2026-06-25T00:29:35.955455	69.0	-59.5
2026-06-25T00:29:35.955672	66.0	-59.0
2026-06-25T00:29:35.955881	65.0	-56.5
2026-06-25T00:29:35.956030	66.0	-56.0
2026-06-25T00:29:35.956226	61.0	-57.5
2026-06-25T00:29:35.956433	68.0	-58.0
2026-06-25T00:29:35.956573	69.0	-59.5
2026-06-25T00:29:45.504448	69.0	-61.0
2026-06-25T00:29:45.505077	71.0	-62.0
2026-06-25T00:29:45.505285	71.0	-65.0
2026-06-25T00:29:45.505429	73.0	-65.5
2026-06-25T00:29:45.505700	70.0	-66.0
2026-06-25T00:29:45.505861	68.0	-66.5
2026-06-25T00:29:45.506076	62.0	-67.5
2026-06-25T00:29:45.506358	62.0	-68.5
2026-06-25T00:29:45.506527	58.0	-68.5
2026-06-25T00:29:45.506729	59.0	-68.0
2026-06-25T00:29:45.506945	67.0	-66.5
2026-06-25T00:29:45.507089	64.0	-67.0
2026-06-25T00:29:55.028821	61.0	-63.5
2026-06-25T00:29:55.029183	60.0	-64.0
2026-06-25T00:29:55.029316	63.0	-62.5
2026-06-25T00:29:55.029438	58.0	-63.5
2026-06-25T00:29:55.029555	61.0	-63.0
2026-06-25T00:29:55.029666	65.0	-61.0
2026-06-25T00:29:55.029776	68.0	-58.5
2026-06-25T00:29:55.029891	68.0	-61.0
2026-06-25T00:29:55.030000	70.0	-60.0
2026-06-25T00:29:55.030134	70.0	-57.5
2026-06-25T00:29:55.030333	69.0	-58.5
2026-06-25T00:29:55.030492	68.0	-58.0
2026-06-25T00:29:55.030639	65.0	-58.5
2026-06-25T00:30:04.587027	74.0	-69.5
2026-06-25T00:30:04.587411	67.0	-66.0
2026-06-25T00:30:04.587586	73.0	-66.5
2026-06-25T00:30:04.587768	86.0	-69.5
2026-06-25T00:30:04.587919	89.0	-71.0
2026-06-25T00:30:04.588054	82.0	-70.5
2026-06-25T00:30:04.588188	92.0	-73.0
2026-06-25T00:30:04.588321	132.0	-74.5
2026-06-25T00:30:04.588452	132.0	-71.5
2026-06-25T00:30:04.588588	124.0	-70.0
2026-06-25T00:30:04.588717	121.0	-73.0
2026-06-25T00:30:04.588841	136.0	-76.5
2026-06-25T00:30:04.588969	191.0	-76.5
2026-06-25T00:30:14.117322	179.0	-69.5
2026-06-25T00:30:14.117704	180.0	-69.0
2026-06-25T00:30:14.117879	184.0	-68.5
2026-06-25T00:30:14.118057	186.0	-68.5
2026-06-25T00:30:14.118241	183.0	-69.0
2026-06-25T00:30:14.118412	184.0	-67.5
2026-06-25T00:30:14.118552	185.0	-67.5
2026-06-25T00:30:14.118691	184.0	-69.0
2026-06-25T00:30:14.118822	185.0	-67.5
2026-06-25T00:30:14.118960	183.0	-68.0
2026-06-25T00:30:14.119090	185.0	-68.5
2026-06-25T00:30:14.119219	185.0	-69.5
2026-06-25T00:30:14.119347	187.0	-68.5
2026-06-25T00:30:23.689787	185.0	-68.5
2026-06-25T00:30:23.690131	183.0	-69.0
2026-06-25T00:30:23.690351	183.0	-68.5
2026-06-25T00:30:23.690532	182.0	-68.0
2026-06-25T00:30:23.690659	182.0	-68.5
2026-06-25T00:30:23.690771	183.0	-69.0
2026-06-25T00:30:23.690876	183.0	-68.0
2026-06-25T00:30:23.690983	185.0	-69.0
2026-06-25T00:30:23.691090	183.0	-67.5
2026-06-25T00:30:23.691205	187.0	-68.5
2026-06-25T00:30:23.691312	184.0	-69.0
2026-06-25T00:30:23.691416	185.0	-68.5
2026-06-25T00:30:33.235985	151.0	-75.0
2026-06-25T00:30:33.236393	157.0	-73.5
2026-06-25T00:30:33.236539	163.0	-72.0
2026-06-25T00:30:33.236659	159.0	-72.5
2026-06-25T00:30:33.236773	159.0	-74.5
2026-06-25T00:30:33.236885	163.0	-73.5
2026-06-25T00:30:33.236998	160.0	-71.5
2026-06-25T00:30:33.237115	156.0	-73.5
2026-06-25T00:30:33.237227	160.0	-73.5
2026-06-25T00:30:33.237338	160.0	-73.0
2026-06-25T00:30:33.237450	168.0	-72.5
2026-06-25T00:30:33.237560	163.0	-74.0
2026-06-25T00:30:33.237668	154.0	-73.0
2026-06-25T00:30:42.768362	175.0	-69.0
2026-06-25T00:30:42.768705	159.0	-73.0
2026-06-25T00:30:42.768835	152.0	-70.0
2026-06-25T00:30:42.768949	152.0	-69.0
2026-06-25T00:30:42.769061	149.0	-69.5
2026-06-25T00:30:42.769179	153.0	-70.5
2026-06-25T00:30:42.769291	148.0	-74.5
2026-06-25T00:30:42.769405	149.0	-74.0
2026-06-25T00:30:42.769513	145.0	-76.0
2026-06-25T00:30:42.769627	148.0	-75.5
2026-06-25T00:30:42.769737	151.0	-74.5
2026-06-25T00:30:42.769847	152.0	-74.0
2026-06-25T00:30:52.288327	175.0	-70.0
2026-06-25T00:30:52.288667	174.0	-70.0
2026-06-25T00:30:52.288792	171.0	-70.0
2026-06-25T00:30:52.288908	173.0	-70.0
2026-06-25T00:30:52.289020	173.0	-70.0
2026-06-25T00:30:52.289130	168.0	-70.5
2026-06-25T00:30:52.289250	173.0	-70.0
2026-06-25T00:30:52.289360	175.0	-70.0
2026-06-25T00:30:52.289468	170.0	-70.0
2026-06-25T00:30:52.289575	176.0	-70.5
2026-06-25T00:30:52.289692	176.0	-69.5
2026-06-25T00:30:52.289801	174.0	-69.5
2026-06-25T00:30:52.289913	173.0	-70.0
2026-06-25T00:31:01.826796	169.0	-70.5
2026-06-25T00:31:01.827171	172.0	-70.0
2026-06-25T00:31:01.827331	171.0	-70.0
2026-06-25T00:31:01.827454	174.0	-70.5
2026-06-25T00:31:01.827574	174.0	-70.5
2026-06-25T00:31:01.827689	175.0	-70.5
2026-06-25T00:31:01.827801	175.0	-70.0
2026-06-25T00:31:01.827915	172.0	-70.5
2026-06-25T00:31:01.828026	170.0	-70.0
2026-06-25T00:31:01.828139	168.0	-70.5
2026-06-25T00:31:01.828251	166.0	-71.0
2026-06-25T00:31:01.828359	170.0	-70.0
2026-06-25T00:31:11.390915	167.0	-71.5
2026-06-25T00:31:11.391308	168.0	-72.5
2026-06-25T00:31:11.391510	171.0	-71.0
2026-06-25T00:31:11.391688	169.0	-70.5
2026-06-25T00:31:11.391850	169.0	-70.5
2026-06-25T00:31:11.391999	165.0	-71.5
2026-06-25T00:31:11.392138	167.0	-70.0
2026-06-25T00:31:11.392278	170.0	-70.0
2026-06-25T00:31:11.392398	169.0	-70.0
2026-06-25T00:31:11.392508	170.0	-69.5
2026-06-25T00:31:11.392626	168.0	-70.0
2026-06-25T00:31:11.392735	167.0	-71.0
2026-06-25T00:31:20.893228	154.0	-74.5
2026-06-25T00:31:20.893832	151.0	-73.5
2026-06-25T00:31:20.894069	148.0	-73.5
2026-06-25T00:31:20.894247	156.0	-74.5
2026-06-25T00:31:20.894552	145.0	-74.5
2026-06-25T00:31:20.894714	150.0	-74.5
2026-06-25T00:31:20.894917	150.0	-72.5
2026-06-25T00:31:20.895124	144.0	-76.0
2026-06-25T00:31:20.895311	150.0	-74.5
2026-06-25T00:31:20.895448	148.0	-75.0
2026-06-25T00:31:20.895642	145.0	-74.0
2026-06-25T00:31:20.895832	146.0	-74.0
2026-06-25T00:31:20.895962	153.0	-74.0
2026-06-25T00:31:30.471665	161.0	-70.5
2026-06-25T00:31:30.472047	167.0	-72.5
2026-06-25T00:31:30.472432	159.0	-71.5
2026-06-25T00:31:30.472631	156.0	-72.5
2026-06-25T00:31:30.472767	146.0	-73.5
2026-06-25T00:31:30.473016	137.0	-76.5
2026-06-25T00:31:30.473177	126.0	-78.0
2026-06-25T00:31:30.473389	130.0	-74.0
2026-06-25T00:31:30.473590	122.0	-75.5
2026-06-25T00:31:30.473736	114.0	-75.0
2026-06-25T00:31:30.473926	121.0	-70.5
2026-06-25T00:31:40.025731	64.0	-64.0
2026-06-25T00:31:40.026106	71.0	-64.5
2026-06-25T00:31:40.026350	68.0	-61.5
2026-06-25T00:31:40.026542	63.0	-62.5
2026-06-25T00:31:40.026693	68.0	-62.0
2026-06-25T00:31:40.026831	64.0	-63.0
2026-06-25T00:31:40.026963	66.0	-61.0
2026-06-25T00:31:40.027095	65.0	-59.5
2026-06-25T00:31:40.027230	63.0	-61.5
2026-06-25T00:31:40.027359	65.0	-61.5
2026-06-25T00:31:40.027490	65.0	-62.0
2026-06-25T00:31:40.027625	65.0	-60.5
2026-06-25T00:31:49.558130	73.0	-67.5
2026-06-25T00:31:49.558832	64.0	-70.5
2026-06-25T00:31:49.559046	75.0	-65.5
2026-06-25T00:31:49.559188	79.0	-65.5
2026-06-25T00:31:49.559443	81.0	-65.0
2026-06-25T00:31:49.559603	88.0	-68.5
2026-06-25T00:31:49.559810	88.0	-72.5
2026-06-25T00:31:49.560023	87.0	-68.0
2026-06-25T00:31:49.560167	85.0	-69.5
2026-06-25T00:31:49.560362	84.0	-72.0
2026-06-25T00:31:49.560566	69.0	-69.0
2026-06-25T00:31:49.560707	79.0	-65.0
2026-06-25T00:31:59.114530	61.0	-63.5
2026-06-25T00:31:59.115157	62.0	-62.5
2026-06-25T00:31:59.115370	60.0	-65.0
2026-06-25T00:31:59.115510	55.0	-65.5
2026-06-25T00:31:59.115771	63.0	-63.5
2026-06-25T00:31:59.115941	63.0	-63.0
2026-06-25T00:31:59.116149	60.0	-64.0
2026-06-25T00:31:59.116362	58.0	-65.5
2026-06-25T00:31:59.116512	61.0	-65.5
2026-06-25T00:31:59.116712	58.0	-63.5
2026-06-25T00:31:59.116923	61.0	-65.5
2026-06-25T00:31:59.117069	61.0	-66.5
2026-06-25T00:32:08.640901	57.0	-65.5
2026-06-25T00:32:08.641534	59.0	-65.5
2026-06-25T00:32:08.641752	59.0	-65.5
2026-06-25T00:32:08.641895	60.0	-65.0
2026-06-25T00:32:08.642153	57.0	-65.5
2026-06-25T00:32:08.642367	57.0	-65.5
2026-06-25T00:32:08.642595	59.0	-65.0
2026-06-25T00:32:08.642817	59.0	-65.0
2026-06-25T00:32:08.642965	61.0	-65.5
2026-06-25T00:32:08.643171	59.0	-65.5
2026-06-25T00:32:08.643380	61.0	-65.0
2026-06-25T00:32:08.643519	58.0	-65.0
2026-06-25T00:32:18.187003	60.0	-64.5
2026-06-25T00:32:18.187380	61.0	-65.0
2026-06-25T00:32:18.187537	60.0	-65.0
2026-06-25T00:32:18.187661	61.0	-64.5
2026-06-25T00:32:18.187779	59.0	-64.5
2026-06-25T00:32:18.187893	58.0	-65.0
2026-06-25T00:32:18.188003	58.0	-65.0
2026-06-25T00:32:18.188115	61.0	-64.5
2026-06-25T00:32:18.188228	63.0	-64.5
2026-06-25T00:32:18.188340	61.0	-64.0
2026-06-25T00:32:18.188455	63.0	-64.0
2026-06-25T00:32:18.188563	62.0	-64.5
2026-06-25T00:32:18.188673	62.0	-63.0
2026-06-25T00:32:27.743267	70.0	-64.0
2026-06-25T00:32:27.743604	71.0	-63.5
2026-06-25T00:32:27.743741	77.0	-62.0
2026-06-25T00:32:27.743855	77.0	-62.0
2026-06-25T00:32:27.743966	67.0	-63.0
2026-06-25T00:32:27.744077	73.0	-61.5
2026-06-25T00:32:27.744192	73.0	-63.0
2026-06-25T00:32:27.744304	71.0	-61.5
2026-06-25T00:32:27.744415	73.0	-62.0
2026-06-25T00:32:27.744528	69.0	-62.5
2026-06-25T00:32:27.744640	78.0	-68.5
2026-06-25T00:32:27.744751	78.0	-65.5
2026-06-25T00:32:37.267557	65.0	-61.5
2026-06-25T00:32:37.267950	87.0	-66.0
2026-06-25T00:32:37.268146	78.0	-68.0
2026-06-25T00:32:37.268320	89.0	-65.0
2026-06-25T00:32:37.268481	87.0	-66.0
2026-06-25T00:32:37.268624	70.0	-64.5
2026-06-25T00:32:37.268773	61.0	-63.0
2026-06-25T00:32:37.268916	76.0	-58.0
2026-06-25T00:32:37.269051	76.0	-55.5
2026-06-25T00:32:37.269190	78.0	-57.0
2026-06-25T00:32:37.269331	78.0	-58.0
2026-06-25T00:32:37.269466	77.0	-58.5
2026-06-25T00:32:46.793959	71.0	-58.5
2026-06-25T00:32:46.794397	71.0	-59.0
2026-06-25T00:32:46.794599	71.0	-58.5
2026-06-25T00:32:46.794783	73.0	-59.5
2026-06-25T00:32:46.794944	73.0	-59.0
2026-06-25T00:32:46.795089	72.0	-61.0
2026-06-25T00:32:46.795228	74.0	-59.5
2026-06-25T00:32:46.795375	73.0	-59.0
2026-06-25T00:32:46.795511	74.0	-59.5
2026-06-25T00:32:46.795650	72.0	-59.5
2026-06-25T00:32:46.795796	69.0	-62.0
2026-06-25T00:32:46.795930	72.0	-60.5
2026-06-25T00:32:46.796064	73.0	-61.5
2026-06-25T00:32:56.344211	177.0	-72.5
2026-06-25T00:32:56.344570	183.0	-70.5
2026-06-25T00:32:56.344704	179.0	-70.5
2026-06-25T00:32:56.344822	178.0	-72.0
2026-06-25T00:32:56.344932	178.0	-73.5
2026-06-25T00:32:56.345046	174.0	-72.5
2026-06-25T00:32:56.345158	172.0	-76.0
2026-06-25T00:32:56.345269	172.0	-76.5
2026-06-25T00:32:56.345381	182.0	-73.5
2026-06-25T00:32:56.345496	183.0	-71.0
2026-06-25T00:32:56.345605	186.0	-70.0
2026-06-25T00:32:56.345715	183.0	-70.5
2026-06-25T00:33:05.866368	191.0	-67.0
2026-06-25T00:33:05.866998	191.0	-68.0
2026-06-25T00:33:05.867208	191.0	-67.0
2026-06-25T00:33:05.867347	190.0	-66.5
2026-06-25T00:33:05.867615	191.0	-66.5
2026-06-25T00:33:05.867781	187.0	-68.5
2026-06-25T00:33:05.867993	190.0	-67.0
2026-06-25T00:33:05.868210	185.0	-68.0
2026-06-25T00:33:05.868355	188.0	-68.0
2026-06-25T00:33:05.868556	190.0	-67.0
2026-06-25T00:33:05.868762	183.0	-68.5
2026-06-25T00:33:05.868908	185.0	-68.0
2026-06-25T00:33:15.380734	161.0	-73.5
2026-06-25T00:33:15.381127	164.0	-71.0
2026-06-25T00:33:15.381518	160.0	-71.5
2026-06-25T00:33:15.381734	143.0	-77.0
2026-06-25T00:33:15.381957	170.0	-77.0
2026-06-25T00:33:15.382118	179.0	-74.5
2026-06-25T00:33:15.382435	171.0	-73.0
2026-06-25T00:33:15.382681	165.0	-72.5
2026-06-25T00:33:15.382834	172.0	-74.0
2026-06-25T00:33:15.383033	205.0	-75.0
2026-06-25T00:33:15.383240	174.0	-76.0
2026-06-25T00:33:15.383382	171.0	-74.5
2026-06-25T00:33:15.383575	201.0	-72.5
2026-06-25T00:33:24.949142	168.0	-76.5
2026-06-25T00:33:24.949534	185.0	-74.0
2026-06-25T00:33:24.949919	177.0	-74.0
2026-06-25T00:33:24.950120	177.0	-74.0
2026-06-25T00:33:24.950402	179.0	-72.5
2026-06-25T00:33:24.950688	185.0	-79.0
2026-06-25T00:33:24.950854	190.0	-80.0
2026-06-25T00:33:24.951067	156.0	-78.5
2026-06-25T00:33:24.951224	156.0	-73.0
2026-06-25T00:33:24.951427	204.0	-73.0
2026-06-25T00:33:34.511093	216.0	-74.5
2026-06-25T00:33:34.511482	216.0	-75.5
2026-06-25T00:33:34.511880	211.0	-73.0
2026-06-25T00:33:34.512083	214.0	-73.5
2026-06-25T00:33:34.512315	213.0	-73.5
2026-06-25T00:33:34.512477	212.0	-73.0
2026-06-25T00:33:34.512720	214.0	-73.0
2026-06-25T00:33:34.512949	211.0	-74.0
2026-06-25T00:33:34.513102	215.0	-76.0
2026-06-25T00:33:44.043477	209.0	-76.0
2026-06-25T00:33:44.043865	210.0	-74.5
2026-06-25T00:33:44.044270	213.0	-74.5
2026-06-25T00:33:44.044481	209.0	-75.0
2026-06-25T00:33:44.044705	210.0	-75.0
2026-06-25T00:33:44.044865	209.0	-74.0
2026-06-25T00:33:44.045106	210.0	-75.5
2026-06-25T00:33:44.045281	210.0	-73.5
2026-06-25T00:33:44.045496	208.0	-74.5
2026-06-25T00:33:44.045712	209.0	-74.5
2026-06-25T00:33:53.601843	194.0	-75.5
2026-06-25T00:33:53.602319	196.0	-75.0
2026-06-25T00:33:53.602556	191.0	-76.0
2026-06-25T00:33:53.602725	195.0	-76.0
2026-06-25T00:33:53.602876	190.0	-74.0
2026-06-25T00:33:53.603018	191.0	-75.0
2026-06-25T00:33:53.603158	190.0	-76.5
2026-06-25T00:33:53.603307	191.0	-75.5
2026-06-25T00:33:53.603448	194.0	-76.5
2026-06-25T00:33:53.603585	192.0	-76.0
2026-06-25T00:33:53.603721	190.0	-76.0
2026-06-25T00:33:53.603856	190.0	-75.5
2026-06-25T00:34:03.123942	167.0	-70.5
2026-06-25T00:34:03.124337	172.0	-70.5
2026-06-25T00:34:03.124528	180.0	-69.5
2026-06-25T00:34:03.124702	184.0	-70.5
2026-06-25T00:34:03.124862	184.0	-69.5
2026-06-25T00:34:03.125011	182.0	-69.5
2026-06-25T00:34:03.125153	180.0	-70.5
2026-06-25T00:34:03.125297	180.0	-70.5
2026-06-25T00:34:03.125436	184.0	-71.0
2026-06-25T00:34:03.125573	181.0	-71.0
2026-06-25T00:34:03.125715	184.0	-71.5
2026-06-25T00:34:03.125853	185.0	-71.0
2026-06-25T00:34:12.666830	138.0	-81.0
2026-06-25T00:34:12.667208	125.0	-79.5
2026-06-25T00:34:12.667416	122.0	-78.0
2026-06-25T00:34:12.667532	139.0	-79.5
2026-06-25T00:34:12.667643	120.0	-76.0
2026-06-25T00:34:12.667748	112.0	-79.0
2026-06-25T00:34:12.667854	111.0	-81.5
2026-06-25T00:34:12.667967	113.0	-79.0
2026-06-25T00:34:12.668073	112.0	-80.0
2026-06-25T00:34:12.668176	111.0	-80.0
2026-06-25T00:34:12.668284	113.0	-79.0
2026-06-25T00:34:12.668387	116.0	-75.5
2026-06-25T00:34:22.200716	112.0	-76.5
2026-06-25T00:34:22.201075	112.0	-77.0
2026-06-25T00:34:22.201204	110.0	-77.5
2026-06-25T00:34:22.201329	107.0	-76.5
2026-06-25T00:34:22.201444	109.0	-77.5
2026-06-25T00:34:22.201558	108.0	-77.0
2026-06-25T00:34:22.201669	109.0	-79.0
2026-06-25T00:34:22.201781	113.0	-79.0
2026-06-25T00:34:22.201889	116.0	-78.5
2026-06-25T00:34:22.202001	114.0	-79.0
2026-06-25T00:34:22.202114	119.0	-79.5
2026-06-25T00:34:22.202346	120.0	-78.5
2026-06-25T00:34:22.202556	122.0	-78.5
2026-06-25T00:34:31.736912	113.0	-80.0
2026-06-25T00:34:31.737258	108.0	-74.0
2026-06-25T00:34:31.737394	105.0	-79.0
2026-06-25T00:34:31.737510	107.0	-81.0
2026-06-25T00:34:31.737621	108.0	-81.5
2026-06-25T00:34:31.737742	113.0	-78.0
2026-06-25T00:34:31.737852	110.0	-77.5
2026-06-25T00:34:31.737967	114.0	-75.5
2026-06-25T00:34:31.738079	114.0	-77.5
2026-06-25T00:34:31.738236	115.0	-75.5
2026-06-25T00:34:31.738397	116.0	-75.5
2026-06-25T00:34:41.283407	114.0	-75.0
2026-06-25T00:34:41.283751	117.0	-73.5
2026-06-25T00:34:41.283894	116.0	-74.0
2026-06-25T00:34:41.284008	121.0	-75.5
2026-06-25T00:34:41.284124	118.0	-74.0
2026-06-25T00:34:41.284235	119.0	-74.0
2026-06-25T00:34:41.284344	117.0	-75.0
2026-06-25T00:34:41.284454	119.0	-74.0
2026-06-25T00:34:41.284563	118.0	-73.5
2026-06-25T00:34:41.284674	116.0	-73.5
2026-06-25T00:34:41.284784	119.0	-74.0
2026-06-25T00:34:41.284896	119.0	-75.0
2026-06-25T00:34:50.801411	124.0	-79.5
2026-06-25T00:34:50.801765	125.0	-78.0
2026-06-25T00:34:50.801894	125.0	-77.0
2026-06-25T00:34:50.802008	121.0	-77.0
2026-06-25T00:34:50.802119	124.0	-76.0
2026-06-25T00:34:50.802312	121.0	-76.0
2026-06-25T00:34:50.802475	122.0	-76.0
2026-06-25T00:34:50.802643	124.0	-76.5
2026-06-25T00:34:50.802791	122.0	-77.5
2026-06-25T00:34:50.802907	122.0	-76.0
2026-06-25T00:34:50.803025	119.0	-76.5
2026-06-25T00:34:50.803137	122.0	-77.0
2026-06-25T00:35:00.331905	118.0	-78.5
2026-06-25T00:35:00.332269	115.0	-74.0
2026-06-25T00:35:00.332395	120.0	-79.0
2026-06-25T00:35:00.332508	120.0	-77.5
2026-06-25T00:35:00.332624	158.0	-76.0
2026-06-25T00:35:00.332735	115.0	-75.5
2026-06-25T00:35:00.332846	116.0	-76.0
2026-06-25T00:35:00.332956	114.0	-76.5
2026-06-25T00:35:00.333066	114.0	-76.5
2026-06-25T00:35:00.333177	113.0	-76.5
2026-06-25T00:35:00.333292	111.0	-76.0
2026-06-25T00:35:09.864134	89.0	-71.0
2026-06-25T00:35:09.864477	59.0	-68.0
2026-06-25T00:35:09.864606	60.0	-62.0
2026-06-25T00:35:09.864724	57.0	-66.5
2026-06-25T00:35:09.864845	70.0	-64.0
2026-06-25T00:35:09.864956	76.0	-61.0
2026-06-25T00:35:09.865065	67.0	-59.0
2026-06-25T00:35:09.865177	59.0	-58.5
2026-06-25T00:35:09.865288	72.0	-61.5
2026-06-25T00:35:09.865398	29.0	-63.0
2026-06-25T00:35:09.865505	37.0	-64.0
2026-06-25T00:35:09.865615	30.0	-64.5
2026-06-25T00:35:09.865726	48.0	-63.5
2026-06-25T00:35:19.464494	32.0	-67.5
2026-06-25T00:35:19.464855	22.0	-66.5
2026-06-25T00:35:19.464986	44.0	-66.5
2026-06-25T00:35:19.465103	84.0	-63.5
2026-06-25T00:35:19.465216	83.0	-64.0
2026-06-25T00:35:19.465325	73.0	-64.5
2026-06-25T00:35:19.465437	55.0	-64.0
2026-06-25T00:35:19.465546	25.0	-66.5
2026-06-25T00:35:19.465659	59.0	-65.5
2026-06-25T00:35:19.465775	26.0	-69.0
2026-06-25T00:35:19.465883	40.0	-68.0
2026-06-25T00:35:19.465990	50.0	-64.0
2026-06-25T00:35:28.996703	56.0	-61.0
2026-06-25T00:35:28.997049	54.0	-63.0
2026-06-25T00:35:28.997179	56.0	-62.0
2026-06-25T00:35:28.997295	53.0	-62.5
2026-06-25T00:35:28.997416	57.0	-62.5
2026-06-25T00:35:28.997531	55.0	-63.5
2026-06-25T00:35:28.997643	57.0	-61.5
2026-06-25T00:35:28.997757	57.0	-63.0
2026-06-25T00:35:28.997864	56.0	-61.5
2026-06-25T00:35:28.997974	55.0	-62.0
2026-06-25T00:35:28.998086	58.0	-62.0
2026-06-25T00:35:28.998252	57.0	-63.0
2026-06-25T00:35:38.537080	58.0	-60.5
2026-06-25T00:35:38.537433	58.0	-59.0
2026-06-25T00:35:38.537565	57.0	-59.5
2026-06-25T00:35:38.537686	60.0	-60.5
2026-06-25T00:35:38.537803	57.0	-59.5
2026-06-25T00:35:38.537917	63.0	-60.0
2026-06-25T00:35:38.538026	55.0	-60.5
2026-06-25T00:35:38.538142	57.0	-60.0
2026-06-25T00:35:38.538348	64.0	-59.5
2026-06-25T00:35:38.538515	60.0	-61.0
2026-06-25T00:35:38.538725	56.0	-62.0
2026-06-25T00:35:38.538853	54.0	-63.5
2026-06-25T00:35:48.066905	31.0	-66.5
2026-06-25T00:35:48.067289	32.0	-66.5
2026-06-25T00:35:48.067427	30.0	-67.0
2026-06-25T00:35:48.067545	87.0	-64.0
2026-06-25T00:35:48.067657	82.0	-63.0
2026-06-25T00:35:48.067768	74.0	-62.5
2026-06-25T00:35:48.067883	78.0	-63.0
2026-06-25T00:35:48.067996	75.0	-64.0
2026-06-25T00:35:48.068106	24.0	-65.0
2026-06-25T00:35:48.068214	29.0	-65.5
2026-06-25T00:35:48.068331	61.0	-64.0
2026-06-25T00:35:48.068440	92.0	-62.5
2026-06-25T00:35:57.621485	31.0	-68.0
2026-06-25T00:35:57.621830	33.0	-68.0
2026-06-25T00:35:57.621960	30.0	-67.5
2026-06-25T00:35:57.622085	30.0	-68.5
2026-06-25T00:35:57.622253	31.0	-67.5
2026-06-25T00:35:57.622425	36.0	-67.0
2026-06-25T00:35:57.622574	32.0	-67.5
2026-06-25T00:35:57.622724	35.0	-67.5
2026-06-25T00:35:57.622844	35.0	-68.0
2026-06-25T00:35:57.622954	31.0	-68.0
2026-06-25T00:35:57.623070	29.0	-67.5
2026-06-25T00:35:57.623183	30.0	-68.5
2026-06-25T00:36:07.173648	35.0	-68.5
2026-06-25T00:36:07.173999	34.0	-68.0
2026-06-25T00:36:07.174130	33.0	-67.0
2026-06-25T00:36:07.174325	35.0	-69.0
2026-06-25T00:36:07.174487	32.0	-68.5
2026-06-25T00:36:07.174741	33.0	-68.0
2026-06-25T00:36:07.174891	32.0	-67.5
2026-06-25T00:36:07.175036	28.0	-67.5
2026-06-25T00:36:07.175160	33.0	-68.0
2026-06-25T00:36:07.175271	32.0	-68.5
2026-06-25T00:36:07.175389	36.0	-68.5
2026-06-25T00:36:07.175500	35.0	-68.0
2026-06-25T00:36:16.718069	47.0	-66.0
2026-06-25T00:36:16.718492	46.0	-66.5
2026-06-25T00:36:16.718660	47.0	-66.0
2026-06-25T00:36:16.718779	46.0	-66.0
2026-06-25T00:36:16.718890	46.0	-67.0
2026-06-25T00:36:16.719004	48.0	-66.0
2026-06-25T00:36:16.719113	48.0	-66.5
2026-06-25T00:36:16.719232	48.0	-66.0
2026-06-25T00:36:16.719344	47.0	-66.0
2026-06-25T00:36:16.719454	48.0	-66.0
2026-06-25T00:36:16.719568	47.0	-66.5
2026-06-25T00:36:16.719679	48.0	-66.0
2026-06-25T00:36:26.240435	48.0	-66.0
2026-06-25T00:36:26.240779	49.0	-65.5
2026-06-25T00:36:26.240917	48.0	-65.5
2026-06-25T00:36:26.241039	49.0	-66.0
2026-06-25T00:36:26.241149	47.0	-66.0
2026-06-25T00:36:26.241258	50.0	-66.0
2026-06-25T00:36:26.241366	49.0	-66.0
2026-06-25T00:36:26.241477	48.0	-66.0
2026-06-25T00:36:26.241585	48.0	-66.5
2026-06-25T00:36:26.241696	46.0	-66.0
2026-06-25T00:36:26.241808	47.0	-66.0
2026-06-25T00:36:26.241915	46.0	-66.5
2026-06-25T00:36:26.242026	43.0	-67.5
2026-06-25T00:36:35.778522	100.0	-74.5
2026-06-25T00:36:35.778905	104.0	-73.0
2026-06-25T00:36:35.779066	103.0	-73.5
2026-06-25T00:36:35.779192	104.0	-72.5
2026-06-25T00:36:35.779311	103.0	-73.5
2026-06-25T00:36:35.779426	99.0	-73.0
2026-06-25T00:36:35.779536	101.0	-72.5
2026-06-25T00:36:35.779652	101.0	-73.5
2026-06-25T00:36:35.779766	103.0	-73.0
2026-06-25T00:36:35.779880	100.0	-72.5
2026-06-25T00:36:35.779994	99.0	-74.0
2026-06-25T00:36:35.780102	101.0	-75.0
2026-06-25T00:36:45.292994	99.0	-74.5
2026-06-25T00:36:45.293347	99.0	-75.0
2026-06-25T00:36:45.293476	99.0	-73.0
2026-06-25T00:36:45.293592	101.0	-73.0
2026-06-25T00:36:45.293704	96.0	-74.0
2026-06-25T00:36:45.293814	99.0	-73.5
2026-06-25T00:36:45.293926	97.0	-74.5
2026-06-25T00:36:45.294040	96.0	-71.5
2026-06-25T00:36:45.294151	100.0	-73.0
2026-06-25T00:36:45.294345	99.0	-74.5
2026-06-25T00:36:45.294580	99.0	-74.5
2026-06-25T00:36:45.294754	98.0	-74.5
2026-06-25T00:36:45.294880	96.0	-73.5
2026-06-25T00:36:54.821229	113.0	-72.5
2026-06-25T00:36:54.821579	114.0	-74.0
2026-06-25T00:36:54.821707	118.0	-74.5
2026-06-25T00:36:54.821829	108.0	-74.5
2026-06-25T00:36:54.821944	213.0	-72.5
2026-06-25T00:36:54.822058	207.0	-71.5
2026-06-25T00:36:54.822172	110.0	-73.0
2026-06-25T00:36:54.822385	107.0	-76.5
2026-06-25T00:36:54.822545	117.0	-75.5
2026-06-25T00:36:54.822774	114.0	-76.0
2026-06-25T00:36:54.822917	110.0	-75.5
2026-06-25T00:36:54.823053	155.0	-72.0
2026-06-25T00:36:54.823193	205.0	-72.0
2026-06-25T00:37:04.385678	128.0	-76.5
2026-06-25T00:37:04.386119	127.0	-75.0
2026-06-25T00:37:04.386336	125.0	-75.0
2026-06-25T00:37:04.386508	127.0	-75.5
2026-06-25T00:37:04.386712	126.0	-75.0
2026-06-25T00:37:04.386871	127.0	-74.5
2026-06-25T00:37:04.387016	127.0	-75.5
2026-06-25T00:37:04.387162	127.0	-74.5
2026-06-25T00:37:04.387305	129.0	-75.5
2026-06-25T00:37:04.387448	127.0	-75.5
2026-06-25T00:37:04.387585	133.0	-75.5
2026-06-25T00:37:04.387721	125.0	-77.5
2026-06-25T00:37:04.387857	126.0	-89.5
2026-06-25T00:37:13.939825	124.0	-75.5
2026-06-25T00:37:13.940183	123.0	-75.0
2026-06-25T00:37:13.940313	122.0	-74.5
2026-06-25T00:37:13.940430	124.0	-76.0
2026-06-25T00:37:13.940542	121.0	-74.0
2026-06-25T00:37:13.940651	123.0	-74.5
2026-06-25T00:37:13.940764	128.0	-74.5
2026-06-25T00:37:13.940878	123.0	-75.5
2026-06-25T00:37:13.940989	124.0	-74.0
2026-06-25T00:37:13.941101	126.0	-74.0
2026-06-25T00:37:13.941208	121.0	-74.0
2026-06-25T00:37:13.941316	121.0	-75.5
2026-06-25T00:37:23.483956	97.0	-79.5
2026-06-25T00:37:23.484302	93.0	-77.0
2026-06-25T00:37:23.484427	93.0	-77.5
2026-06-25T00:37:23.484547	95.0	-78.5
2026-06-25T00:37:23.484660	96.0	-78.5
2026-06-25T00:37:23.484776	92.0	-77.5
2026-06-25T00:37:23.484888	93.0	-76.5
2026-06-25T00:37:23.485004	97.0	-77.5
2026-06-25T00:37:23.485114	99.0	-76.5
2026-06-25T00:37:23.485224	101.0	-77.0
2026-06-25T00:37:23.485338	94.0	-77.5
2026-06-25T00:37:33.054429	199.0	-73.5
2026-06-25T00:37:33.054781	199.0	-75.0
2026-06-25T00:37:33.054912	223.0	-79.5
2026-06-25T00:37:33.055031	223.0	-80.5
2026-06-25T00:37:33.055147	213.0	-81.0
2026-06-25T00:37:33.055259	176.0	-83.5
2026-06-25T00:37:33.055372	182.0	-77.0
2026-06-25T00:37:33.055485	190.0	-77.0
2026-06-25T00:37:33.055594	189.0	-76.5
2026-06-25T00:37:33.055705	182.0	-75.5
2026-06-25T00:37:33.055822	204.0	-79.5
2026-06-25T00:37:42.597058	170.0	-74.0
2026-06-25T00:37:42.597406	167.0	-74.5
2026-06-25T00:37:42.597544	169.0	-73.5
2026-06-25T00:37:42.597660	167.0	-74.5
2026-06-25T00:37:42.597775	164.0	-74.0
2026-06-25T00:37:42.597884	170.0	-73.0
2026-06-25T00:37:42.597993	169.0	-74.5
2026-06-25T00:37:42.598111	176.0	-74.0
2026-06-25T00:37:42.598288	175.0	-75.0
2026-06-25T00:37:42.598449	181.0	-75.0
2026-06-25T00:37:42.598637	172.0	-73.0
2026-06-25T00:37:52.134862	167.0	-74.5
2026-06-25T00:37:52.135251	171.0	-74.0
2026-06-25T00:37:52.135407	170.0	-73.0
2026-06-25T00:37:52.135526	179.0	-75.5
2026-06-25T00:37:52.135645	180.0	-75.5
2026-06-25T00:37:52.135760	185.0	-74.5
2026-06-25T00:37:52.135873	181.0	-75.0
2026-06-25T00:37:52.135985	173.0	-73.0
2026-06-25T00:37:52.136094	169.0	-73.5
2026-06-25T00:37:52.136204	172.0	-74.5
2026-06-25T00:37:52.136314	173.0	-75.0
2026-06-25T00:38:01.676299	199.0	-73.0
2026-06-25T00:38:01.676643	197.0	-74.0
2026-06-25T00:38:01.676777	189.0	-72.0
2026-06-25T00:38:01.676893	199.0	-73.0
2026-06-25T00:38:01.677007	198.0	-73.5
2026-06-25T00:38:01.677128	192.0	-74.0
2026-06-25T00:38:01.677237	197.0	-74.0
2026-06-25T00:38:01.677349	194.0	-74.5
2026-06-25T00:38:01.677464	194.0	-75.0
2026-06-25T00:38:01.677572	193.0	-74.5
2026-06-25T00:38:01.677686	186.0	-74.0
2026-06-25T00:38:01.677799	184.0	-75.5
2026-06-25T00:38:11.211591	181.0	-70.0
2026-06-25T00:38:11.211936	182.0	-70.5
2026-06-25T00:38:11.212074	182.0	-71.0
2026-06-25T00:38:11.212193	179.0	-70.0
2026-06-25T00:38:11.212304	184.0	-71.0
2026-06-25T00:38:11.212414	182.0	-72.5
2026-06-25T00:38:11.212528	183.0	-70.5
2026-06-25T00:38:11.212642	184.0	-70.5
2026-06-25T00:38:11.212753	183.0	-71.0
2026-06-25T00:38:11.212862	188.0	-73.0
2026-06-25T00:38:11.212975	184.0	-73.5
2026-06-25T00:38:11.213086	175.0	-71.5
2026-06-25T00:38:11.213194	168.0	-72.5
2026-06-25T00:38:20.729936	177.0	-70.0
2026-06-25T00:38:20.730360	176.0	-71.0
2026-06-25T00:38:20.730532	175.0	-70.5
2026-06-25T00:38:20.730666	175.0	-70.0
2026-06-25T00:38:20.730780	179.0	-70.0
2026-06-25T00:38:20.730891	178.0	-69.5
2026-06-25T00:38:20.731005	177.0	-69.5
2026-06-25T00:38:20.731121	177.0	-69.5
2026-06-25T00:38:20.731261	182.0	-69.5
2026-06-25T00:38:20.731373	182.0	-71.0
2026-06-25T00:38:20.731479	184.0	-70.0
2026-06-25T00:38:20.731583	186.0	-70.0
2026-06-25T00:38:20.731685	187.0	-69.5
2026-06-25T00:38:30.296241	118.0	-75.0
2026-06-25T00:38:30.296585	117.0	-71.5
2026-06-25T00:38:30.296724	126.0	-70.5
2026-06-25T00:38:30.296843	103.0	-75.0
2026-06-25T00:38:30.296955	97.0	-76.5
2026-06-25T00:38:30.297068	113.0	-70.5
2026-06-25T00:38:30.297179	97.0	-77.0
2026-06-25T00:38:30.297292	107.0	-73.5
2026-06-25T00:38:30.297404	110.0	-69.0
2026-06-25T00:38:30.297521	112.0	-70.0
2026-06-25T00:38:30.297630	45.0	-69.5
2026-06-25T00:38:39.824578	49.0	-65.0
2026-06-25T00:38:39.824924	62.0	-62.5
2026-06-25T00:38:39.825062	67.0	-59.0
2026-06-25T00:38:39.825179	41.0	-68.0
2026-06-25T00:38:39.825291	48.0	-64.0
2026-06-25T00:38:39.825400	51.0	-61.0
2026-06-25T00:38:39.825510	55.0	-60.5
2026-06-25T00:38:39.825625	54.0	-59.5
2026-06-25T00:38:39.825738	58.0	-59.0
2026-06-25T00:38:39.825846	60.0	-58.0
2026-06-25T00:38:39.825955	59.0	-58.0
2026-06-25T00:38:39.826066	57.0	-59.0
2026-06-25T00:38:39.826175	57.0	-62.5
2026-06-25T00:38:49.378768	38.0	-69.0
2026-06-25T00:38:49.379145	37.0	-69.0
2026-06-25T00:38:49.379300	40.0	-69.5
2026-06-25T00:38:49.379429	42.0	-68.5
2026-06-25T00:38:49.379545	39.0	-69.0
2026-06-25T00:38:49.379659	42.0	-68.5
2026-06-25T00:38:49.379772	45.0	-68.0
2026-06-25T00:38:49.379885	42.0	-67.5
2026-06-25T00:38:49.379997	42.0	-67.0
2026-06-25T00:38:49.380112	48.0	-66.0
2026-06-25T00:38:49.380220	50.0	-64.0
2026-06-25T00:38:49.380328	51.0	-65.0
2026-06-25T00:38:58.923036	22.0	-72.0
2026-06-25T00:38:58.923379	54.0	-69.5
2026-06-25T00:38:58.923517	43.0	-71.0
2026-06-25T00:38:58.923637	57.0	-60.5
2026-06-25T00:38:58.923752	56.0	-61.5
2026-06-25T00:38:58.923867	59.0	-61.5
2026-06-25T00:38:58.923978	57.0	-62.0
2026-06-25T00:38:58.924089	56.0	-62.0
2026-06-25T00:38:58.924196	57.0	-62.0
2026-06-25T00:38:58.924306	62.0	-61.0
2026-06-25T00:38:58.924418	62.0	-60.5
2026-06-25T00:38:58.924531	61.0	-63.5
2026-06-25T00:38:58.924640	61.0	-65.0
2026-06-25T00:39:08.473242	75.0	-59.0
2026-06-25T00:39:08.473586	76.0	-59.5
2026-06-25T00:39:08.473724	75.0	-60.5
2026-06-25T00:39:08.473845	75.0	-58.5
2026-06-25T00:39:08.473960	72.0	-60.5
2026-06-25T00:39:08.474073	67.0	-61.5
2026-06-25T00:39:08.474235	65.0	-61.5
2026-06-25T00:39:08.474406	60.0	-66.0
2026-06-25T00:39:08.474614	63.0	-65.0
2026-06-25T00:39:08.474752	61.0	-65.0
2026-06-25T00:39:08.474867	65.0	-63.5
2026-06-25T00:39:08.474982	69.0	-61.5
2026-06-25T00:39:08.475092	67.0	-64.5
2026-06-25T00:39:18.011507	92.0	-74.0
2026-06-25T00:39:18.011848	95.0	-71.5
2026-06-25T00:39:18.011986	92.0	-71.5
2026-06-25T00:39:18.012103	95.0	-71.5
2026-06-25T00:39:18.012218	94.0	-74.0
2026-06-25T00:39:18.012328	91.0	-75.5
2026-06-25T00:39:18.012440	77.0	-76.0
2026-06-25T00:39:18.012552	99.0	-74.5
2026-06-25T00:39:18.012663	102.0	-73.5
2026-06-25T00:39:18.012779	103.0	-73.0
2026-06-25T00:39:18.012887	106.0	-71.5
2026-06-25T00:39:18.012998	105.0	-71.5
2026-06-25T00:39:27.569987	113.0	-76.0
2026-06-25T00:39:27.570415	114.0	-72.0
2026-06-25T00:39:27.570582	112.0	-73.0
2026-06-25T00:39:27.570703	112.0	-76.0
2026-06-25T00:39:27.570816	115.0	-77.0
2026-06-25T00:39:27.570927	103.0	-81.5
2026-06-25T00:39:27.571048	127.0	-75.5
2026-06-25T00:39:27.571167	106.0	-80.0
2026-06-25T00:39:27.571279	131.0	-80.5
2026-06-25T00:39:27.571394	109.0	-80.0
2026-06-25T00:39:27.571508	103.0	-78.5
2026-06-25T00:39:37.116084	98.0	-71.0
2026-06-25T00:39:37.116426	99.0	-71.0
2026-06-25T00:39:37.116557	100.0	-70.5
2026-06-25T00:39:37.116681	97.0	-70.5
2026-06-25T00:39:37.116796	99.0	-71.0
2026-06-25T00:39:37.116905	97.0	-71.0
2026-06-25T00:39:37.117014	97.0	-71.0
2026-06-25T00:39:37.117124	96.0	-71.0
2026-06-25T00:39:37.117232	99.0	-71.5
2026-06-25T00:39:37.117343	98.0	-71.5
2026-06-25T00:39:37.117452	94.0	-71.5
2026-06-25T00:39:37.117566	95.0	-72.5
2026-06-25T00:39:46.638463	96.0	-77.5
2026-06-25T00:39:46.638846	108.0	-75.5
2026-06-25T00:39:46.639021	105.0	-72.0
2026-06-25T00:39:46.639153	107.0	-73.5
2026-06-25T00:39:46.639301	105.0	-71.5
2026-06-25T00:39:46.639413	104.0	-74.0
2026-06-25T00:39:46.639533	102.0	-74.5
2026-06-25T00:39:46.639647	102.0	-74.5
2026-06-25T00:39:46.639758	104.0	-73.0
2026-06-25T00:39:46.639864	106.0	-71.5
2026-06-25T00:39:46.639981	103.0	-71.5
2026-06-25T00:39:46.640092	103.0	-72.0
2026-06-25T00:39:46.640276	105.0	-70.5
2026-06-25T00:39:56.171201	99.0	-74.5
2026-06-25T00:39:56.171555	101.0	-75.5
2026-06-25T00:39:56.171687	85.0	-76.5
2026-06-25T00:39:56.171811	91.0	-77.5
2026-06-25T00:39:56.171927	95.0	-74.0
2026-06-25T00:39:56.172036	98.0	-75.5
2026-06-25T00:39:56.172149	92.0	-76.5
2026-06-25T00:39:56.172264	90.0	-73.5
2026-06-25T00:39:56.172379	95.0	-74.0
2026-06-25T00:39:56.172493	95.0	-72.5
2026-06-25T00:39:56.172613	96.0	-71.0
2026-06-25T00:39:56.172773	94.0	-71.5
2026-06-25T00:40:05.700956	206.0	-81.5
2026-06-25T00:40:05.701311	212.0	-77.0
2026-06-25T00:40:05.701438	210.0	-78.5
2026-06-25T00:40:05.701558	187.0	-79.0
2026-06-25T00:40:05.701674	183.0	-76.5
2026-06-25T00:40:05.701790	193.0	-77.5
2026-06-25T00:40:05.701903	176.0	-74.5
2026-06-25T00:40:05.702017	170.0	-71.5
2026-06-25T00:40:05.702129	187.0	-74.5
2026-06-25T00:40:05.702310	188.0	-71.5
2026-06-25T00:40:05.702473	181.0	-72.0
2026-06-25T00:40:15.251309	193.0	-69.0
2026-06-25T00:40:15.251655	191.0	-68.0
2026-06-25T00:40:15.251782	193.0	-68.5
2026-06-25T00:40:15.251910	197.0	-69.0
2026-06-25T00:40:15.252022	197.0	-69.5
2026-06-25T00:40:15.252136	200.0	-69.0
2026-06-25T00:40:15.252246	199.0	-69.5
2026-06-25T00:40:15.252361	198.0	-69.5
2026-06-25T00:40:15.252473	199.0	-68.0
2026-06-25T00:40:15.252581	198.0	-69.0
2026-06-25T00:40:15.252688	197.0	-69.0
2026-06-25T00:40:15.252800	193.0	-69.0
2026-06-25T00:40:15.252907	195.0	-69.5
2026-06-25T00:40:24.795480	180.0	-68.0
2026-06-25T00:40:24.795830	181.0	-68.5
2026-06-25T00:40:24.795970	181.0	-67.5
2026-06-25T00:40:24.796088	180.0	-67.5
2026-06-25T00:40:24.796204	178.0	-67.5
2026-06-25T00:40:24.796319	180.0	-68.0
2026-06-25T00:40:24.796430	181.0	-68.0
2026-06-25T00:40:24.796542	180.0	-67.5
2026-06-25T00:40:24.796655	180.0	-68.5
2026-06-25T00:40:24.796771	181.0	-68.0
2026-06-25T00:40:24.796880	177.0	-68.5
2026-06-25T00:40:34.329713	180.0	-68.5
2026-06-25T00:40:34.330066	183.0	-68.0
2026-06-25T00:40:34.330244	183.0	-68.0
2026-06-25T00:40:34.330412	181.0	-68.5
2026-06-25T00:40:34.330591	181.0	-68.0
2026-06-25T00:40:34.330737	179.0	-67.5
2026-06-25T00:40:34.330886	177.0	-68.5
2026-06-25T00:40:34.331007	178.0	-67.5
2026-06-25T00:40:34.331122	183.0	-68.5
2026-06-25T00:40:34.331235	179.0	-68.0
2026-06-25T00:40:34.331342	179.0	-67.5
2026-06-25T00:40:34.331457	181.0	-67.0
2026-06-25T00:40:34.331565	179.0	-67.5
2026-06-25T00:40:43.880050	179.0	-68.0
2026-06-25T00:40:43.880400	180.0	-68.0
2026-06-25T00:40:43.880532	178.0	-67.5
2026-06-25T00:40:43.880655	179.0	-67.5
2026-06-25T00:40:43.880770	184.0	-68.0
2026-06-25T00:40:43.880879	183.0	-67.5
2026-06-25T00:40:43.880991	182.0	-67.0
2026-06-25T00:40:43.881101	177.0	-67.5
2026-06-25T00:40:43.881212	179.0	-67.5
2026-06-25T00:40:43.881326	179.0	-67.0
2026-06-25T00:40:43.881435	175.0	-68.0
2026-06-25T00:40:43.881541	175.0	-68.0
2026-06-25T00:40:53.414384	167.0	-72.5
2026-06-25T00:40:53.414765	164.0	-73.0
2026-06-25T00:40:53.414893	158.0	-73.5
2026-06-25T00:40:53.415017	159.0	-74.0
2026-06-25T00:40:53.415128	157.0	-74.0
2026-06-25T00:40:53.415237	158.0	-74.5
2026-06-25T00:40:53.415350	152.0	-74.5
2026-06-25T00:40:53.415465	150.0	-74.5
2026-06-25T00:40:53.415577	153.0	-72.5
2026-06-25T00:40:53.415690	152.0	-73.5
2026-06-25T00:40:53.415804	152.0	-74.5
2026-06-25T00:40:53.415916	152.0	-77.0
2026-06-25T00:40:53.416022	154.0	-75.5
2026-06-25T00:41:02.984794	166.0	-73.0
2026-06-25T00:41:02.985406	169.0	-72.0
2026-06-25T00:41:02.985692	165.0	-73.0
2026-06-25T00:41:02.985948	168.0	-73.5
2026-06-25T00:41:02.986228	165.0	-72.0
2026-06-25T00:41:02.986469	169.0	-72.0
2026-06-25T00:41:02.986690	172.0	-72.0
2026-06-25T00:41:02.986899	164.0	-73.0
2026-06-25T00:41:02.987104	168.0	-73.0
2026-06-25T00:41:02.987313	167.0	-71.5
2026-06-25T00:41:02.987517	172.0	-72.5
2026-06-25T00:41:02.987714	173.0	-73.0
2026-06-25T00:41:12.509145	175.0	-71.5
2026-06-25T00:41:12.509758	185.0	-72.5
2026-06-25T00:41:12.509981	171.0	-72.0
2026-06-25T00:41:12.510122	171.0	-71.5
2026-06-25T00:41:12.510336	174.0	-71.0
2026-06-25T00:41:12.510521	174.0	-70.5
2026-06-25T00:41:12.510686	184.0	-80.5
2026-06-25T00:41:12.510831	201.0	-75.0
2026-06-25T00:41:12.510970	171.0	-72.5
2026-06-25T00:41:12.511113	177.0	-74.0
2026-06-25T00:41:12.511257	160.0	-75.5
2026-06-25T00:41:22.053348	64.0	-60.0
2026-06-25T00:41:22.053736	59.0	-60.5
2026-06-25T00:41:22.053938	46.0	-66.0
2026-06-25T00:41:22.054117	35.0	-70.0
2026-06-25T00:41:22.054323	38.0	-70.5
2026-06-25T00:41:22.054491	39.0	-69.5
2026-06-25T00:41:22.054640	46.0	-67.5
2026-06-25T00:41:22.054788	43.0	-69.0
2026-06-25T00:41:22.054927	82.0	-68.0
2026-06-25T00:41:22.055064	84.0	-65.0
2026-06-25T00:41:22.055201	80.0	-64.0
2026-06-25T00:41:22.055342	84.0	-62.5
2026-06-25T00:41:22.055482	78.0	-63.5
2026-06-25T00:41:31.597592	36.0	-66.0
2026-06-25T00:41:31.597981	35.0	-68.5
2026-06-25T00:41:31.598274	43.0	-68.0
2026-06-25T00:41:31.598474	47.0	-66.0
2026-06-25T00:41:31.598636	47.0	-65.0
2026-06-25T00:41:31.598783	46.0	-65.5
2026-06-25T00:41:31.598935	46.0	-67.5
2026-06-25T00:41:31.599081	39.0	-69.5
2026-06-25T00:41:31.599223	38.0	-69.0
2026-06-25T00:41:31.599368	40.0	-69.0
2026-06-25T00:41:31.599503	38.0	-68.5
2026-06-25T00:41:31.599643	39.0	-68.5
2026-06-25T00:41:41.143943	67.0	-67.0
2026-06-25T00:41:41.144581	73.0	-67.0
2026-06-25T00:41:41.144785	67.0	-69.0
2026-06-25T00:41:41.144923	76.0	-69.5
2026-06-25T00:41:41.145192	82.0	-66.5
2026-06-25T00:41:41.145358	88.0	-65.5
2026-06-25T00:41:41.145565	73.0	-68.5
2026-06-25T00:41:41.145783	78.0	-64.5
2026-06-25T00:41:41.145932	81.0	-64.5
2026-06-25T00:41:41.146133	79.0	-63.5
2026-06-25T00:41:41.146392	75.0	-63.5
2026-06-25T00:41:41.146546	74.0	-60.0
2026-06-25T00:41:50.686228	67.0	-59.0
2026-06-25T00:41:50.686823	63.0	-59.0
2026-06-25T00:41:50.687029	64.0	-60.0
2026-06-25T00:41:50.687175	62.0	-61.5
2026-06-25T00:41:50.687443	63.0	-60.5
2026-06-25T00:41:50.687607	61.0	-62.0
2026-06-25T00:41:50.687813	59.0	-63.5
2026-06-25T00:41:50.688032	61.0	-62.5
2026-06-25T00:41:50.688177	59.0	-64.0
2026-06-25T00:41:50.688372	58.0	-63.5
2026-06-25T00:41:50.688580	60.0	-63.0
2026-06-25T00:41:50.688719	61.0	-63.0
2026-06-25T00:41:50.688907	58.0	-63.5
2026-06-25T00:42:00.234414	75.0	-62.5
2026-06-25T00:42:00.234799	72.0	-65.0
2026-06-25T00:42:00.234956	69.0	-67.0
2026-06-25T00:42:00.235075	73.0	-64.5
2026-06-25T00:42:00.235195	80.0	-64.5
2026-06-25T00:42:00.235310	81.0	-64.5
2026-06-25T00:42:00.235424	86.0	-63.0
2026-06-25T00:42:00.235540	81.0	-64.0
2026-06-25T00:42:00.235653	81.0	-63.5
2026-06-25T00:42:00.235773	78.0	-63.5
2026-06-25T00:42:00.235886	80.0	-62.5
2026-06-25T00:42:00.235998	82.0	-62.0
2026-06-25T00:42:09.770752	69.0	-65.5
2026-06-25T00:42:09.771135	69.0	-67.5
2026-06-25T00:42:09.771329	60.0	-69.0
2026-06-25T00:42:09.771508	74.0	-65.0
2026-06-25T00:42:09.771664	76.0	-70.5
2026-06-25T00:42:09.771816	69.0	-67.0
2026-06-25T00:42:09.771954	75.0	-64.5
2026-06-25T00:42:09.772097	80.0	-60.0
2026-06-25T00:42:09.772231	78.0	-62.5
2026-06-25T00:42:09.772368	76.0	-60.5
2026-06-25T00:42:09.772511	70.0	-61.0
2026-06-25T00:42:09.772643	64.0	-64.5
2026-06-25T00:42:09.772776	55.0	-59.5
2026-06-25T00:42:19.318881	105.0	-71.5
2026-06-25T00:42:19.319272	107.0	-71.5
2026-06-25T00:42:19.319475	104.0	-71.0
2026-06-25T00:42:19.319652	104.0	-71.5
2026-06-25T00:42:19.319819	105.0	-70.5
2026-06-25T00:42:19.319973	107.0	-71.5
2026-06-25T00:42:19.320122	106.0	-72.5
2026-06-25T00:42:19.320267	104.0	-71.0
2026-06-25T00:42:19.320406	106.0	-71.0
2026-06-25T00:42:19.320553	105.0	-71.0
2026-06-25T00:42:19.320695	107.0	-71.5
2026-06-25T00:42:19.320834	106.0	-71.5
2026-06-25T00:42:28.851156	96.0	-80.0
2026-06-25T00:42:28.851541	96.0	-75.5
2026-06-25T00:42:28.851745	95.0	-74.0
2026-06-25T00:42:28.851926	84.0	-77.5
2026-06-25T00:42:28.852093	76.0	-75.5
2026-06-25T00:42:28.852242	78.0	-77.0
2026-06-25T00:42:28.852380	84.0	-74.5
2026-06-25T00:42:28.852526	84.0	-74.0
2026-06-25T00:42:28.852662	77.0	-74.0
2026-06-25T00:42:28.852827	83.0	-78.5
2026-06-25T00:42:28.852966	99.0	-74.0
2026-06-25T00:42:38.375969	86.0	-72.0
2026-06-25T00:42:38.376312	89.0	-73.0
2026-06-25T00:42:38.376440	86.0	-75.5
2026-06-25T00:42:38.376569	84.0	-75.5
2026-06-25T00:42:38.376684	87.0	-77.5
2026-06-25T00:42:38.376798	85.0	-73.5
2026-06-25T00:42:38.376912	77.0	-78.0
2026-06-25T00:42:38.377023	92.0	-73.0
2026-06-25T00:42:38.377131	97.0	-71.0
2026-06-25T00:42:38.377238	96.0	-76.5
2026-06-25T00:42:38.377350	97.0	-75.5
2026-06-25T00:42:38.377463	95.0	-76.0
2026-06-25T00:42:38.377569	101.0	-78.5
2026-06-25T00:42:47.956680	86.0	-76.0
2026-06-25T00:42:47.957036	79.0	-77.0
2026-06-25T00:42:47.957164	94.0	-73.5
2026-06-25T00:42:47.957292	99.0	-73.0
2026-06-25T00:42:47.957405	97.0	-74.5
2026-06-25T00:42:47.957518	95.0	-74.0
2026-06-25T00:42:47.957626	102.0	-76.5
2026-06-25T00:42:47.957743	98.0	-80.5
2026-06-25T00:42:47.957854	98.0	-77.0
2026-06-25T00:42:47.957965	99.0	-77.5
2026-06-25T00:42:47.958076	102.0	-75.5
2026-06-25T00:42:47.958263	98.0	-75.5
2026-06-25T00:42:47.958460	99.0	-76.0
2026-06-25T00:42:57.512048	88.0	-73.5
2026-06-25T00:42:57.512395	90.0	-74.5
2026-06-25T00:42:57.512527	91.0	-74.5
2026-06-25T00:42:57.512645	88.0	-75.5
2026-06-25T00:42:57.512760	84.0	-73.5
2026-06-25T00:42:57.512873	84.0	-76.0
2026-06-25T00:42:57.512982	86.0	-77.5
2026-06-25T00:42:57.513097	101.0	-76.5
2026-06-25T00:42:57.513207	101.0	-75.5
2026-06-25T00:42:57.513324	101.0	-73.0
2026-06-25T00:42:57.513430	103.0	-72.0
2026-06-25T00:42:57.513536	102.0	-75.0
2026-06-25T00:43:07.042141	61.0	-66.5
2026-06-25T00:43:07.042550	63.0	-66.5
2026-06-25T00:43:07.042678	62.0	-65.5
2026-06-25T00:43:07.042800	64.0	-65.5
2026-06-25T00:43:07.042913	65.0	-65.5
2026-06-25T00:43:07.043027	64.0	-66.5
2026-06-25T00:43:07.043140	64.0	-65.0
2026-06-25T00:43:07.043255	67.0	-64.5
2026-06-25T00:43:07.043367	69.0	-64.5
2026-06-25T00:43:07.043477	67.0	-65.5
2026-06-25T00:43:07.043591	62.0	-68.0
2026-06-25T00:43:07.043697	57.0	-70.5
2026-06-25T00:43:07.043807	59.0	-71.0
2026-06-25T00:43:16.605245	64.0	-65.5
2026-06-25T00:43:16.605594	65.0	-66.0
2026-06-25T00:43:16.605720	61.0	-64.5
2026-06-25T00:43:16.605841	61.0	-65.0
2026-06-25T00:43:16.605954	65.0	-64.5
2026-06-25T00:43:16.606068	64.0	-65.0
2026-06-25T00:43:16.606177	62.0	-65.5
2026-06-25T00:43:16.606403	62.0	-65.0
2026-06-25T00:43:16.606573	60.0	-66.0
2026-06-25T00:43:16.606739	60.0	-65.5
2026-06-25T00:43:16.606890	64.0	-64.5
2026-06-25T00:43:16.607027	63.0	-65.0
2026-06-25T00:43:16.607172	61.0	-65.0
2026-06-25T00:43:26.134849	59.0	-62.0
2026-06-25T00:43:26.135228	63.0	-63.0
2026-06-25T00:43:26.135383	64.0	-64.0
2026-06-25T00:43:26.135502	62.0	-63.0
2026-06-25T00:43:26.135614	62.0	-63.5
2026-06-25T00:43:26.135734	64.0	-63.0
2026-06-25T00:43:26.135844	64.0	-62.5
2026-06-25T00:43:26.135959	64.0	-62.0
2026-06-25T00:43:26.136068	60.0	-64.0
2026-06-25T00:43:26.136181	66.0	-63.0
2026-06-25T00:43:26.136288	63.0	-63.0
2026-06-25T00:43:26.136394	66.0	-63.5
2026-06-25T00:43:35.697402	55.0	-68.5
2026-06-25T00:43:35.697748	52.0	-71.5
2026-06-25T00:43:35.697878	50.0	-69.5
2026-06-25T00:43:35.697999	54.0	-69.0
2026-06-25T00:43:35.698109	54.0	-68.5
2026-06-25T00:43:35.698297	56.0	-68.5
2026-06-25T00:43:35.698464	50.0	-68.5
2026-06-25T00:43:35.698650	53.0	-68.5
2026-06-25T00:43:35.698810	54.0	-68.5
2026-06-25T00:43:35.698969	55.0	-67.0
2026-06-25T00:43:35.699115	58.0	-66.5
2026-06-25T00:43:35.699258	59.0	-66.5
2026-06-25T00:43:35.699396	59.0	-66.0
2026-06-25T00:43:45.227599	61.0	-64.0
2026-06-25T00:43:45.227941	60.0	-64.0
2026-06-25T00:43:45.228068	61.0	-63.0
2026-06-25T00:43:45.228186	59.0	-65.5
2026-06-25T00:43:45.228310	58.0	-64.0
2026-06-25T00:43:45.228423	62.0	-63.0
2026-06-25T00:43:45.228533	59.0	-64.0
2026-06-25T00:43:45.228645	61.0	-63.5
2026-06-25T00:43:45.228758	63.0	-62.0
2026-06-25T00:43:45.228872	58.0	-63.0
2026-06-25T00:43:45.228980	61.0	-63.0
2026-06-25T00:43:45.229087	64.0	-63.0
2026-06-25T00:43:45.229195	64.0	-63.5
2026-06-25T00:43:54.775865	105.0	-72.5
2026-06-25T00:43:54.776218	106.0	-73.5
2026-06-25T00:43:54.776349	97.0	-78.0
2026-06-25T00:43:54.776493	104.0	-76.0
2026-06-25T00:43:54.776600	103.0	-75.5
2026-06-25T00:43:54.776710	100.0	-74.0
2026-06-25T00:43:54.776815	107.0	-73.5
2026-06-25T00:43:54.776926	107.0	-75.5
2026-06-25T00:43:54.777032	107.0	-75.5
2026-06-25T00:43:54.777143	104.0	-72.5
2026-06-25T00:43:54.777250	108.0	-71.0
2026-06-25T00:44:04.293935	96.0	-74.5
2026-06-25T00:44:04.294363	98.0	-75.5
2026-06-25T00:44:04.294535	100.0	-73.0
2026-06-25T00:44:04.294660	97.0	-76.0
2026-06-25T00:44:04.294774	100.0	-74.5
2026-06-25T00:44:04.294889	96.0	-73.5
2026-06-25T00:44:04.295003	100.0	-74.0
2026-06-25T00:44:04.295116	98.0	-74.0
2026-06-25T00:44:04.295226	96.0	-73.5
2026-06-25T00:44:04.295339	96.0	-73.0
2026-06-25T00:44:04.295447	97.0	-74.0
2026-06-25T00:44:04.295560	99.0	-73.5
2026-06-25T00:44:04.295671	98.0	-75.0
2026-06-25T00:44:13.850406	98.0	-74.5
2026-06-25T00:44:13.850794	94.0	-72.5
2026-06-25T00:44:13.850955	97.0	-74.5
2026-06-25T00:44:13.851080	97.0	-74.0
2026-06-25T00:44:13.851193	102.0	-74.0
2026-06-25T00:44:13.851305	98.0	-74.5
2026-06-25T00:44:13.851417	100.0	-75.0
2026-06-25T00:44:13.851531	97.0	-73.5
2026-06-25T00:44:13.851649	101.0	-74.5
2026-06-25T00:44:13.851785	99.0	-75.5
2026-06-25T00:44:13.851902	100.0	-75.5
2026-06-25T00:44:13.852012	95.0	-73.0
2026-06-25T00:44:23.392726	95.0	-74.0
2026-06-25T00:44:23.393065	96.0	-74.5
2026-06-25T00:44:23.393204	98.0	-75.0
2026-06-25T00:44:23.393323	98.0	-74.5
2026-06-25T00:44:23.393437	96.0	-72.5
2026-06-25T00:44:23.393549	97.0	-74.0
2026-06-25T00:44:23.393658	100.0	-75.5
2026-06-25T00:44:23.393774	94.0	-73.5
2026-06-25T00:44:23.393886	94.0	-76.0
2026-06-25T00:44:23.393994	91.0	-74.0
2026-06-25T00:44:23.394107	94.0	-75.0
2026-06-25T00:44:23.394316	99.0	-75.5
2026-06-25T00:44:23.394507	99.0	-74.5
2026-06-25T00:44:32.947001	106.0	-72.5
2026-06-25T00:44:32.947395	112.0	-72.0
2026-06-25T00:44:32.947552	112.0	-73.0
2026-06-25T00:44:32.947671	114.0	-74.0
2026-06-25T00:44:32.947785	115.0	-70.5
2026-06-25T00:44:32.947904	118.0	-73.0
2026-06-25T00:44:32.948014	108.0	-81.0
2026-06-25T00:44:32.948126	110.0	-75.5
2026-06-25T00:44:32.948240	110.0	-78.0
2026-06-25T00:44:32.948355	108.0	-72.0
2026-06-25T00:44:32.948463	106.0	-72.5
2026-06-25T00:44:42.481320	104.0	-72.0
2026-06-25T00:44:42.481664	106.0	-74.0
2026-06-25T00:44:42.481791	103.0	-75.5
2026-06-25T00:44:42.481920	105.0	-79.0
2026-06-25T00:44:42.482033	105.0	-75.0
2026-06-25T00:44:42.482143	100.0	-79.0
2026-06-25T00:44:42.482356	106.0	-75.5
2026-06-25T00:44:42.482534	111.0	-73.5
2026-06-25T00:44:42.482706	109.0	-74.5
2026-06-25T00:44:42.482828	108.0	-74.0
2026-06-25T00:44:42.482939	102.0	-77.0
2026-06-25T00:44:42.483052	96.0	-79.0
2026-06-25T00:44:42.483164	82.0	-75.5
2026-06-25T00:44:51.999437	202.0	-79.0
2026-06-25T00:44:51.999784	213.0	-82.0
2026-06-25T00:44:51.999908	246.0	-79.5
2026-06-25T00:44:52.000037	208.0	-78.0
2026-06-25T00:44:52.000149	169.0	-76.0
2026-06-25T00:44:52.000260	135.0	-82.5
2026-06-25T00:44:52.000373	200.0	-79.0
2026-06-25T00:44:52.000485	169.0	-82.5
2026-06-25T00:44:52.000597	161.0	-82.0
2026-06-25T00:44:52.000710	155.0	-82.0
2026-06-25T00:44:52.000819	158.0	-82.0
2026-06-25T00:44:52.000924	183.0	-82.0
2026-06-25T00:44:52.001030	213.0	-79.5
2026-06-25T00:45:01.578029	176.0	-73.0
2026-06-25T00:45:01.578722	174.0	-74.5
2026-06-25T00:45:01.578950	168.0	-76.0
2026-06-25T00:45:01.579094	168.0	-75.0
2026-06-25T00:45:01.579355	171.0	-73.5
2026-06-25T00:45:01.579528	175.0	-73.0
2026-06-25T00:45:01.579741	176.0	-72.0
2026-06-25T00:45:01.579958	175.0	-73.0
2026-06-25T00:45:01.580107	174.0	-73.0
2026-06-25T00:45:01.580310	177.0	-71.0
2026-06-25T00:45:01.580512	179.0	-71.5
2026-06-25T00:45:01.580657	175.0	-71.0
2026-06-25T00:45:11.124154	169.0	-75.5
2026-06-25T00:45:11.124808	171.0	-74.5
2026-06-25T00:45:11.125021	173.0	-75.0
2026-06-25T00:45:11.125166	173.0	-72.5
2026-06-25T00:45:11.125428	171.0	-73.0
2026-06-25T00:45:11.125594	175.0	-74.0
2026-06-25T00:45:11.125800	174.0	-71.5
2026-06-25T00:45:11.126078	172.0	-74.0
2026-06-25T00:45:11.126270	174.0	-71.5
2026-06-25T00:45:11.126494	174.0	-71.5
2026-06-25T00:45:11.126711	172.0	-72.5
2026-06-25T00:45:11.126891	171.0	-71.5
2026-06-25T00:45:11.127084	175.0	-71.0
2026-06-25T00:45:20.676740	181.0	-70.5
2026-06-25T00:45:20.677373	184.0	-70.0
2026-06-25T00:45:20.677670	183.0	-71.0
2026-06-25T00:45:20.677837	179.0	-70.5
2026-06-25T00:45:20.678096	177.0	-70.0
2026-06-25T00:45:20.678373	178.0	-69.5
2026-06-25T00:45:20.678542	177.0	-70.0
2026-06-25T00:45:20.678752	176.0	-69.0
2026-06-25T00:45:20.678956	170.0	-69.5
2026-06-25T00:45:20.679110	173.0	-70.0
2026-06-25T00:45:20.679302	175.0	-69.5
2026-06-25T00:45:20.679502	177.0	-69.0
2026-06-25T00:45:30.196722	190.0	-70.5
2026-06-25T00:45:30.197370	189.0	-70.0
2026-06-25T00:45:30.197585	187.0	-69.5
2026-06-25T00:45:30.197735	174.0	-69.5
2026-06-25T00:45:30.197999	175.0	-68.0
2026-06-25T00:45:30.198166	173.0	-68.5
2026-06-25T00:45:30.198458	179.0	-67.5
2026-06-25T00:45:30.198690	174.0	-68.0
2026-06-25T00:45:30.198894	169.0	-68.5
2026-06-25T00:45:30.199038	173.0	-69.5
2026-06-25T00:45:30.199245	170.0	-69.5
2026-06-25T00:45:30.199443	168.0	-68.5
2026-06-25T00:45:30.199584	166.0	-70.5
2026-06-25T00:45:39.731563	195.0	-67.0
2026-06-25T00:45:39.732189	196.0	-67.5
2026-06-25T00:45:39.732417	179.0	-69.5
2026-06-25T00:45:39.732565	175.0	-70.0
2026-06-25T00:45:39.732827	172.0	-70.5
2026-06-25T00:45:39.733001	167.0	-72.0
2026-06-25T00:45:39.733212	168.0	-70.0
2026-06-25T00:45:39.733430	175.0	-70.5
2026-06-25T00:45:39.733580	179.0	-70.0
2026-06-25T00:45:39.733779	176.0	-69.0
2026-06-25T00:45:39.733980	187.0	-69.0
2026-06-25T00:45:39.734121	189.0	-68.5
2026-06-25T00:45:49.253666	161.0	-69.0
2026-06-25T00:45:49.254319	165.0	-69.5
2026-06-25T00:45:49.254556	166.0	-69.5
2026-06-25T00:45:49.254705	167.0	-69.5
2026-06-25T00:45:49.254970	170.0	-69.5
2026-06-25T00:45:49.255140	172.0	-70.0
2026-06-25T00:45:49.255351	177.0	-70.0
2026-06-25T00:45:49.255506	183.0	-69.0
2026-06-25T00:45:49.255707	187.0	-70.0
2026-06-25T00:45:49.255902	187.0	-70.0
2026-06-25T00:45:49.256049	186.0	-70.5
2026-06-25T00:45:49.256249	182.0	-70.5
2026-06-25T00:45:49.256449	184.0	-70.5
2026-06-25T00:45:58.813781	173.0	-72.0
2026-06-25T00:45:58.814431	174.0	-70.0
2026-06-25T00:45:58.814664	177.0	-68.0
2026-06-25T00:45:58.814811	177.0	-67.5
2026-06-25T00:45:58.815083	178.0	-67.5
2026-06-25T00:45:58.815254	180.0	-67.5
2026-06-25T00:45:58.815463	181.0	-66.5
2026-06-25T00:45:58.815623	179.0	-66.5
2026-06-25T00:45:58.815819	179.0	-67.5
2026-06-25T00:45:58.816027	177.0	-67.0
2026-06-25T00:45:58.816224	180.0	-68.5
2026-06-25T00:45:58.816368	179.0	-68.0
2026-06-25T00:45:58.816557	179.0	-68.0
2026-06-25T00:46:08.349993	198.0	-70.0
2026-06-25T00:46:08.350412	195.0	-70.0
2026-06-25T00:46:08.350806	193.0	-70.5
2026-06-25T00:46:08.351021	188.0	-70.5
2026-06-25T00:46:08.351164	186.0	-70.0
2026-06-25T00:46:08.351420	189.0	-70.0
2026-06-25T00:46:08.351590	187.0	-69.5
2026-06-25T00:46:08.351813	191.0	-70.0
2026-06-25T00:46:08.352024	190.0	-69.0
2026-06-25T00:46:08.352174	191.0	-70.0
2026-06-25T00:46:08.352371	190.0	-70.0
2026-06-25T00:46:08.352566	192.0	-70.5
2026-06-25T00:46:08.352767	193.0	-70.5
2026-06-25T00:46:17.900224	205.0	-70.5
2026-06-25T00:46:17.900579	210.0	-71.0
2026-06-25T00:46:17.900712	213.0	-71.0
2026-06-25T00:46:17.900827	213.0	-73.0
2026-06-25T00:46:17.900940	212.0	-71.0
2026-06-25T00:46:17.901050	214.0	-71.0
2026-06-25T00:46:17.901161	213.0	-71.0
2026-06-25T00:46:17.901272	213.0	-69.5
2026-06-25T00:46:17.901386	210.0	-69.5
2026-06-25T00:46:17.901503	205.0	-69.0
2026-06-25T00:46:17.901612	193.0	-69.5
2026-06-25T00:46:17.901722	194.0	-68.5
2026-06-25T00:46:27.440377	201.0	-70.5
2026-06-25T00:46:27.440735	201.0	-69.5
2026-06-25T00:46:27.440868	198.0	-69.0
2026-06-25T00:46:27.440988	196.0	-67.5
2026-06-25T00:46:27.441102	196.0	-66.0
2026-06-25T00:46:27.441211	195.0	-66.0
2026-06-25T00:46:27.441320	189.0	-67.0
2026-06-25T00:46:27.441431	191.0	-69.0
2026-06-25T00:46:27.441539	191.0	-69.5
2026-06-25T00:46:27.441651	191.0	-69.0
2026-06-25T00:46:27.441764	194.0	-69.0
2026-06-25T00:46:27.441871	193.0	-70.0
2026-06-25T00:46:27.441976	191.0	-71.0
2026-06-25T00:46:37.008774	209.0	-69.0
2026-06-25T00:46:37.009121	205.0	-68.5
2026-06-25T00:46:37.009289	200.0	-67.5
2026-06-25T00:46:37.009404	202.0	-67.5
2026-06-25T00:46:37.009514	199.0	-67.5
2026-06-25T00:46:37.009622	199.0	-69.0
2026-06-25T00:46:37.009728	200.0	-69.5
2026-06-25T00:46:37.009840	201.0	-69.0
2026-06-25T00:46:37.009944	196.0	-70.0
2026-06-25T00:46:37.010052	200.0	-69.5
2026-06-25T00:46:37.010158	199.0	-70.5
2026-06-25T00:46:37.010364	201.0	-69.0
2026-06-25T00:46:46.548939	203.0	-69.5
2026-06-25T00:46:46.549295	205.0	-70.5
2026-06-25T00:46:46.549427	209.0	-71.0
2026-06-25T00:46:46.549543	206.0	-72.0
2026-06-25T00:46:46.549660	205.0	-72.5
2026-06-25T00:46:46.549775	208.0	-71.5
2026-06-25T00:46:46.549888	209.0	-70.0
2026-06-25T00:46:46.549999	213.0	-69.5
2026-06-25T00:46:46.550112	196.0	-72.5
2026-06-25T00:46:46.550296	198.0	-68.5
2026-06-25T00:46:46.550480	192.0	-71.5
2026-06-25T00:46:46.550678	176.0	-75.0
2026-06-25T00:46:46.550809	213.0	-76.0
2026-06-25T00:46:56.075223	111.0	-76.0
2026-06-25T00:46:56.075566	111.0	-78.0
2026-06-25T00:46:56.075701	111.0	-74.5
2026-06-25T00:46:56.075825	113.0	-75.5
2026-06-25T00:46:56.075940	109.0	-75.0
2026-06-25T00:46:56.076050	108.0	-72.5
2026-06-25T00:46:56.076165	112.0	-75.5
2026-06-25T00:46:56.076280	120.0	-75.0
2026-06-25T00:46:56.076388	115.0	-76.0
2026-06-25T00:46:56.076502	111.0	-75.0
2026-06-25T00:46:56.076610	115.0	-74.5
2026-06-25T00:46:56.076721	112.0	-73.0
2026-06-25T00:47:05.639655	113.0	-76.5
2026-06-25T00:47:05.640013	122.0	-75.5
2026-06-25T00:47:05.640148	123.0	-77.5
2026-06-25T00:47:05.640265	126.0	-77.0
2026-06-25T00:47:05.640377	128.0	-77.0
2026-06-25T00:47:05.640484	129.0	-76.0
2026-06-25T00:47:05.640595	119.0	-76.5
2026-06-25T00:47:05.640712	121.0	-77.5
2026-06-25T00:47:05.640823	122.0	-76.0
2026-06-25T00:47:05.640932	115.0	-76.5
2026-06-25T00:47:05.641051	115.0	-73.0
2026-06-25T00:47:15.159936	120.0	-74.5
2026-06-25T00:47:15.160294	120.0	-76.5
2026-06-25T00:47:15.160427	120.0	-74.5
2026-06-25T00:47:15.160549	117.0	-75.5
2026-06-25T00:47:15.160667	112.0	-75.5
2026-06-25T00:47:15.160779	120.0	-73.5
2026-06-25T00:47:15.160893	122.0	-75.0
2026-06-25T00:47:15.161006	121.0	-76.5
2026-06-25T00:47:15.161118	121.0	-75.5
2026-06-25T00:47:15.161230	119.0	-75.5
2026-06-25T00:47:15.161340	118.0	-75.5
2026-06-25T00:47:15.161457	122.0	-76.0
2026-06-25T00:47:24.724325	101.0	-77.0
2026-06-25T00:47:24.724674	106.0	-76.5
2026-06-25T00:47:24.724818	109.0	-80.0
2026-06-25T00:47:24.724935	105.0	-81.5
2026-06-25T00:47:24.725051	99.0	-81.5
2026-06-25T00:47:24.725167	94.0	-78.0
2026-06-25T00:47:24.725277	92.0	-78.5
2026-06-25T00:47:24.725393	92.0	-78.0
2026-06-25T00:47:24.725503	93.0	-79.0
2026-06-25T00:47:24.725613	97.0	-79.5
2026-06-25T00:47:24.725729	97.0	-77.0
2026-06-25T00:47:24.725837	94.0	-74.0
2026-06-25T00:47:34.214537	76.0	-70.5
2026-06-25T00:47:34.214923	39.0	-79.5
2026-06-25T00:47:34.215081	70.0	-68.5
2026-06-25T00:47:34.215208	75.0	-65.5
2026-06-25T00:47:34.215326	69.0	-68.0
2026-06-25T00:47:34.215439	72.0	-67.5
2026-06-25T00:47:34.215553	64.0	-71.0
2026-06-25T00:47:34.215668	57.0	-71.0
2026-06-25T00:47:34.215777	74.0	-64.5
2026-06-25T00:47:34.215888	79.0	-64.5
2026-06-25T00:47:34.216005	75.0	-65.0
2026-06-25T00:47:34.216112	71.0	-62.5
2026-06-25T00:47:34.216221	72.0	-61.0
2026-06-25T00:47:43.768852	48.0	-66.5
2026-06-25T00:47:43.769206	46.0	-68.5
2026-06-25T00:47:43.769338	36.0	-70.0
2026-06-25T00:47:43.769455	43.0	-67.5
2026-06-25T00:47:43.769571	53.0	-67.5
2026-06-25T00:47:43.769685	56.0	-64.0
2026-06-25T00:47:43.769795	59.0	-62.0
2026-06-25T00:47:43.769907	64.0	-58.5
2026-06-25T00:47:43.770020	59.0	-58.5
2026-06-25T00:47:43.770137	62.0	-58.5
2026-06-25T00:47:43.770342	67.0	-58.0
2026-06-25T00:47:43.770500	65.0	-58.0
2026-06-25T00:47:53.315631	61.0	-58.5
2026-06-25T00:47:53.315985	65.0	-59.0
2026-06-25T00:47:53.316114	62.0	-58.5
2026-06-25T00:47:53.316234	63.0	-60.5
2026-06-25T00:47:53.316348	61.0	-61.5
2026-06-25T00:47:53.316463	61.0	-61.5
2026-06-25T00:47:53.316577	64.0	-61.5
2026-06-25T00:47:53.316692	60.0	-60.0
2026-06-25T00:47:53.316798	65.0	-58.5
2026-06-25T00:47:53.316908	64.0	-59.0
2026-06-25T00:47:53.317021	62.0	-58.0
2026-06-25T00:47:53.317127	58.0	-60.5
2026-06-25T00:47:53.317262	55.0	-61.5
2026-06-25T00:48:02.857683	69.0	-58.5
2026-06-25T00:48:02.858036	67.0	-58.0
2026-06-25T00:48:02.858164	66.0	-59.0
2026-06-25T00:48:02.858365	63.0	-59.5
2026-06-25T00:48:02.858534	62.0	-60.5
2026-06-25T00:48:02.858729	62.0	-60.0
2026-06-25T00:48:02.858881	66.0	-57.5
2026-06-25T00:48:02.859028	66.0	-58.0
2026-06-25T00:48:02.859164	62.0	-58.5
2026-06-25T00:48:02.859311	65.0	-58.5
2026-06-25T00:48:02.859453	65.0	-58.5
2026-06-25T00:48:12.401948	69.0	-60.5
2026-06-25T00:48:12.402388	62.0	-63.5
2026-06-25T00:48:12.402568	60.0	-64.5
2026-06-25T00:48:12.402693	57.0	-64.5
2026-06-25T00:48:12.402809	58.0	-65.0
2026-06-25T00:48:12.402921	60.0	-63.0
2026-06-25T00:48:12.403032	57.0	-64.0
2026-06-25T00:48:12.403146	60.0	-64.0
2026-06-25T00:48:12.403254	59.0	-64.5
2026-06-25T00:48:12.403364	59.0	-64.0
2026-06-25T00:48:12.403472	61.0	-61.0
2026-06-25T00:48:12.403584	61.0	-58.5
2026-06-25T00:48:21.920219	61.0	-58.5
2026-06-25T00:48:21.920872	62.0	-58.5
2026-06-25T00:48:21.921087	61.0	-58.5
2026-06-25T00:48:21.921232	62.0	-62.0
2026-06-25T00:48:21.921488	57.0	-63.0
2026-06-25T00:48:21.921648	59.0	-64.5
2026-06-25T00:48:21.921863	51.0	-65.0
2026-06-25T00:48:21.922078	52.0	-64.0
2026-06-25T00:48:21.922246	63.0	-63.5
2026-06-25T00:48:21.922404	55.0	-64.0
2026-06-25T00:48:21.922527	73.0	-64.0
2026-06-25T00:48:31.456687	52.0	-65.0
2026-06-25T00:48:31.457033	46.0	-66.5
2026-06-25T00:48:31.457170	38.0	-67.0
2026-06-25T00:48:31.457288	35.0	-67.5
2026-06-25T00:48:31.457404	33.0	-67.0
2026-06-25T00:48:31.457517	37.0	-67.0
2026-06-25T00:48:31.457626	36.0	-68.0
2026-06-25T00:48:31.457739	37.0	-68.5
2026-06-25T00:48:31.457851	27.0	-66.0
2026-06-25T00:48:31.457958	69.0	-65.5
2026-06-25T00:48:31.458066	84.0	-65.5
2026-06-25T00:48:31.458180	32.0	-68.5
2026-06-25T00:48:31.458403	55.0	-64.0
2026-06-25T00:48:41.041031	59.0	-63.5
2026-06-25T00:48:41.041424	61.0	-60.5
2026-06-25T00:48:41.041619	55.0	-58.5
2026-06-25T00:48:41.041800	58.0	-58.5
2026-06-25T00:48:41.041962	58.0	-60.0
2026-06-25T00:48:41.042107	91.0	-62.0
2026-06-25T00:48:41.042286	52.0	-63.5
2026-06-25T00:48:41.042449	76.0	-68.5
2026-06-25T00:48:41.042594	99.0	-70.0
2026-06-25T00:48:41.042740	110.0	-70.0
2026-06-25T00:48:41.042877	125.0	-71.0
2026-06-25T00:48:41.043012	139.0	-75.5
2026-06-25T00:48:50.585396	97.0	-73.0
2026-06-25T00:48:50.586036	93.0	-72.5
2026-06-25T00:48:50.586297	92.0	-72.5
2026-06-25T00:48:50.586454	93.0	-72.5
2026-06-25T00:48:50.586735	92.0	-72.5
2026-06-25T00:48:50.586906	93.0	-75.0
2026-06-25T00:48:50.587115	96.0	-72.5
2026-06-25T00:48:50.587331	90.0	-72.5
2026-06-25T00:48:50.587476	94.0	-72.5
2026-06-25T00:48:50.587671	94.0	-72.0
2026-06-25T00:48:50.587874	95.0	-71.5
2026-06-25T00:48:50.588018	95.0	-71.5
2026-06-25T00:49:00.119431	109.0	-76.5
2026-06-25T00:49:00.119787	114.0	-72.0
2026-06-25T00:49:00.119918	116.0	-76.0
2026-06-25T00:49:00.120033	114.0	-78.0
2026-06-25T00:49:00.120145	113.0	-78.0
2026-06-25T00:49:00.120260	105.0	-82.0
2026-06-25T00:49:00.120369	107.0	-81.0
2026-06-25T00:49:00.120481	107.0	-81.0
2026-06-25T00:49:00.120589	113.0	-76.5
2026-06-25T00:49:00.120701	108.0	-79.0
2026-06-25T00:49:00.120813	108.0	-75.5
2026-06-25T00:49:09.637806	91.0	-71.0
2026-06-25T00:49:09.638150	94.0	-70.5
2026-06-25T00:49:09.638375	93.0	-71.0
2026-06-25T00:49:09.638539	90.0	-71.5
2026-06-25T00:49:09.638695	88.0	-72.0
2026-06-25T00:49:09.638818	89.0	-73.5
2026-06-25T00:49:09.638935	92.0	-77.5
2026-06-25T00:49:09.639053	93.0	-76.5
2026-06-25T00:49:09.639165	94.0	-74.5
2026-06-25T00:49:09.639277	91.0	-78.5
2026-06-25T00:49:09.639390	91.0	-79.5
2026-06-25T00:49:09.639511	92.0	-76.0
2026-06-25T00:49:19.208236	42.0	-64.0
2026-06-25T00:49:19.208580	51.0	-60.0
2026-06-25T00:49:19.208711	56.0	-59.5
2026-06-25T00:49:19.208833	48.0	-62.0
2026-06-25T00:49:19.208943	43.0	-65.5
2026-06-25T00:49:19.209056	68.0	-64.0
2026-06-25T00:49:19.209165	63.0	-59.5
2026-06-25T00:49:19.209280	64.0	-58.0
2026-06-25T00:49:19.209388	78.0	-61.5
2026-06-25T00:49:19.209498	47.0	-68.5
2026-06-25T00:49:19.209611	56.0	-59.5
2026-06-25T00:49:19.209722	60.0	-58.5
2026-06-25T00:49:28.732578	77.0	-64.5
2026-06-25T00:49:28.732978	60.0	-65.5
2026-06-25T00:49:28.733184	58.0	-59.5
2026-06-25T00:49:28.733365	55.0	-63.5
2026-06-25T00:49:28.733527	53.0	-68.0
2026-06-25T00:49:28.733676	57.0	-62.5
2026-06-25T00:49:28.733822	60.0	-59.5
2026-06-25T00:49:28.733968	60.0	-59.0
2026-06-25T00:49:28.734106	58.0	-60.5
2026-06-25T00:49:28.734283	60.0	-59.5
2026-06-25T00:49:28.734445	57.0	-61.0
2026-06-25T00:49:38.270730	61.0	-60.0
2026-06-25T00:49:38.271112	59.0	-59.5
2026-06-25T00:49:38.271312	62.0	-58.5
2026-06-25T00:49:38.271490	60.0	-60.0
2026-06-25T00:49:38.271647	61.0	-59.0
2026-06-25T00:49:38.271793	61.0	-59.0
2026-06-25T00:49:38.271934	59.0	-60.0
2026-06-25T00:49:38.272076	59.0	-59.5
2026-06-25T00:49:38.272220	60.0	-59.0
2026-06-25T00:49:38.272358	56.0	-60.0
2026-06-25T00:49:38.272497	56.0	-59.0
2026-06-25T00:49:47.783004	60.0	-62.5
2026-06-25T00:49:47.783360	60.0	-63.5
2026-06-25T00:49:47.783528	59.0	-62.5
2026-06-25T00:49:47.783765	61.0	-61.5
2026-06-25T00:49:47.783894	62.0	-61.0
2026-06-25T00:49:47.784006	63.0	-61.5
2026-06-25T00:49:47.784122	65.0	-61.5
2026-06-25T00:49:47.784240	60.0	-61.5
2026-06-25T00:49:47.784352	56.0	-63.0
2026-06-25T00:49:47.784463	61.0	-63.0
2026-06-25T00:49:47.784574	58.0	-63.0
2026-06-25T00:49:47.784687	55.0	-63.5
2026-06-25T00:49:47.784799	59.0	-63.0
2026-06-25T00:49:57.315571	43.0	-66.5
2026-06-25T00:49:57.315926	46.0	-65.5
2026-06-25T00:49:57.316062	50.0	-64.5
2026-06-25T00:49:57.316181	52.0	-63.0
2026-06-25T00:49:57.316292	53.0	-62.0
2026-06-25T00:49:57.316402	57.0	-60.5
2026-06-25T00:49:57.316516	55.0	-60.0
2026-06-25T00:49:57.316627	59.0	-59.0
2026-06-25T00:49:57.316737	61.0	-58.5
2026-06-25T00:49:57.316854	58.0	-58.5
2026-06-25T00:49:57.316967	58.0	-59.5
2026-06-25T00:49:57.317078	61.0	-59.0
2026-06-25T00:50:06.871749	160.0	-73.5
2026-06-25T00:50:06.872107	164.0	-75.5
2026-06-25T00:50:06.872240	175.0	-74.0
2026-06-25T00:50:06.872353	175.0	-75.5
2026-06-25T00:50:06.872469	183.0	-73.5
2026-06-25T00:50:06.872582	184.0	-73.0
2026-06-25T00:50:06.872691	187.0	-70.5
2026-06-25T00:50:06.872808	187.0	-70.5
2026-06-25T00:50:06.872922	189.0	-70.5
2026-06-25T00:50:06.873032	186.0	-71.0
2026-06-25T00:50:06.873144	188.0	-70.0
2026-06-25T00:50:06.873252	181.0	-73.5
2026-06-25T00:50:16.416521	180.0	-68.5
2026-06-25T00:50:16.416884	178.0	-68.5
2026-06-25T00:50:16.417021	179.0	-68.5
2026-06-25T00:50:16.417144	184.0	-68.0
2026-06-25T00:50:16.417259	185.0	-67.5
2026-06-25T00:50:16.417375	188.0	-67.5
2026-06-25T00:50:16.417489	191.0	-68.0
2026-06-25T00:50:16.417600	195.0	-68.5
2026-06-25T00:50:16.417712	197.0	-69.0
2026-06-25T00:50:16.417820	200.0	-67.5
2026-06-25T00:50:16.417937	201.0	-68.0
2026-06-25T00:50:16.418045	196.0	-68.0
2026-06-25T00:50:16.418153	201.0	-68.0
2026-06-25T00:50:25.980417	184.0	-74.0
2026-06-25T00:50:25.980762	181.0	-72.0
2026-06-25T00:50:25.980894	182.0	-73.0
2026-06-25T00:50:25.981008	183.0	-72.0
2026-06-25T00:50:25.981120	185.0	-72.5
2026-06-25T00:50:25.981241	183.0	-73.0
2026-06-25T00:50:25.981351	185.0	-72.0
2026-06-25T00:50:25.981462	183.0	-73.5
2026-06-25T00:50:25.981573	185.0	-74.0
2026-06-25T00:50:25.981686	182.0	-74.5
2026-06-25T00:50:25.981797	183.0	-73.5
2026-06-25T00:50:25.981907	186.0	-71.5
2026-06-25T00:50:35.514651	184.0	-72.0
2026-06-25T00:50:35.514992	185.0	-72.5
2026-06-25T00:50:35.515131	183.0	-70.5
2026-06-25T00:50:35.515251	184.0	-71.0
2026-06-25T00:50:35.515364	186.0	-71.0
2026-06-25T00:50:35.515473	185.0	-72.0
2026-06-25T00:50:35.515580	183.0	-70.5
2026-06-25T00:50:35.515695	186.0	-69.5
2026-06-25T00:50:35.515806	184.0	-71.5
2026-06-25T00:50:35.515917	183.0	-71.5
2026-06-25T00:50:35.516035	185.0	-71.0
2026-06-25T00:50:35.516144	186.0	-71.5
2026-06-25T00:50:35.516254	186.0	-72.0
2026-06-25T00:50:45.050943	187.0	-70.5
2026-06-25T00:50:45.051329	188.0	-70.0
2026-06-25T00:50:45.051489	187.0	-70.0
2026-06-25T00:50:45.051611	185.0	-70.5
2026-06-25T00:50:45.051732	187.0	-70.0
2026-06-25T00:50:45.051843	188.0	-70.5
2026-06-25T00:50:45.051959	189.0	-70.5
2026-06-25T00:50:45.052077	187.0	-70.0
2026-06-25T00:50:45.052188	187.0	-70.5
2026-06-25T00:50:45.052335	187.0	-70.0
2026-06-25T00:50:45.052440	185.0	-70.5
2026-06-25T00:50:45.052547	184.0	-70.5
2026-06-25T00:50:54.599248	189.0	-70.5
2026-06-25T00:50:54.599603	189.0	-70.0
2026-06-25T00:50:54.599732	187.0	-70.5
2026-06-25T00:50:54.599856	188.0	-70.0
2026-06-25T00:50:54.599969	188.0	-70.0
2026-06-25T00:50:54.600081	189.0	-70.0
2026-06-25T00:50:54.600190	189.0	-70.0
2026-06-25T00:50:54.600302	188.0	-70.0
2026-06-25T00:50:54.600411	190.0	-70.0
2026-06-25T00:50:54.600519	189.0	-70.0
2026-06-25T00:50:54.600631	192.0	-70.5
2026-06-25T00:50:54.600744	190.0	-71.0
2026-06-25T00:50:54.600851	188.0	-70.5
2026-06-25T00:51:04.129620	173.0	-71.5
2026-06-25T00:51:04.129976	178.0	-71.0
2026-06-25T00:51:04.130105	180.0	-71.5
2026-06-25T00:51:04.130282	175.0	-70.0
2026-06-25T00:51:04.130471	180.0	-70.0
2026-06-25T00:51:04.130664	182.0	-70.0
2026-06-25T00:51:04.130812	180.0	-70.5
2026-06-25T00:51:04.130974	180.0	-70.5
2026-06-25T00:51:04.131116	176.0	-70.5
2026-06-25T00:51:04.131259	182.0	-70.5
2026-06-25T00:51:04.131397	183.0	-70.0
2026-06-25T00:51:04.131528	183.0	-70.0
2026-06-25T00:51:13.660941	184.0	-74.0
2026-06-25T00:51:13.661291	181.0	-74.0
2026-06-25T00:51:13.661416	173.0	-75.5
2026-06-25T00:51:13.661545	171.0	-70.5
2026-06-25T00:51:13.661660	166.0	-71.5
2026-06-25T00:51:13.661777	163.0	-72.0
2026-06-25T00:51:13.661888	165.0	-72.5
2026-06-25T00:51:13.662004	159.0	-73.0
2026-06-25T00:51:13.662118	164.0	-78.5
2026-06-25T00:51:13.662298	165.0	-75.5
2026-06-25T00:51:13.662472	166.0	-76.5
2026-06-25T00:51:13.662692	160.0	-74.5
2026-06-25T00:51:23.226285	56.0	-58.5
2026-06-25T00:51:23.226667	62.0	-59.5
2026-06-25T00:51:23.226834	60.0	-64.0
2026-06-25T00:51:23.226956	54.0	-67.0
2026-06-25T00:51:23.227070	68.0	-64.0
2026-06-25T00:51:23.227182	74.0	-61.5
2026-06-25T00:51:23.227297	71.0	-60.5
2026-06-25T00:51:23.227412	68.0	-61.0
2026-06-25T00:51:23.227521	64.0	-64.0
2026-06-25T00:51:23.227629	66.0	-61.0
2026-06-25T00:51:23.227743	62.0	-60.5
2026-06-25T00:51:23.227853	57.0	-60.0
2026-06-25T00:51:32.744750	39.0	-68.0
2026-06-25T00:51:32.745091	44.0	-68.0
2026-06-25T00:51:32.745220	35.0	-68.0
2026-06-25T00:51:32.745335	32.0	-69.0
2026-06-25T00:51:32.745446	33.0	-68.0
2026-06-25T00:51:32.745557	33.0	-68.0
2026-06-25T00:51:32.745666	34.0	-68.5
2026-06-25T00:51:32.745788	36.0	-68.0
2026-06-25T00:51:32.745897	34.0	-68.0
2026-06-25T00:51:32.746005	37.0	-68.5
2026-06-25T00:51:32.746120	35.0	-68.5
2026-06-25T00:51:32.746317	32.0	-69.0
2026-06-25T00:51:42.284913	32.0	-67.5
2026-06-25T00:51:42.285268	30.0	-67.0
2026-06-25T00:51:42.285399	30.0	-67.0
2026-06-25T00:51:42.285513	32.0	-67.5
2026-06-25T00:51:42.285629	35.0	-68.0
2026-06-25T00:51:42.285741	35.0	-68.0
2026-06-25T00:51:42.285852	32.0	-68.0
2026-06-25T00:51:42.285964	35.0	-68.0
2026-06-25T00:51:42.286075	31.0	-67.5
2026-06-25T00:51:42.286232	32.0	-67.5
2026-06-25T00:51:42.286427	40.0	-67.5
2026-06-25T00:51:51.805710	73.0	-64.0
2026-06-25T00:51:51.806050	66.0	-64.0
2026-06-25T00:51:51.806177	68.0	-61.5
2026-06-25T00:51:51.806411	69.0	-68.5
2026-06-25T00:51:51.806595	61.0	-65.5
2026-06-25T00:51:51.806744	80.0	-61.0
2026-06-25T00:51:51.806865	61.0	-63.5
2026-06-25T00:51:51.806984	68.0	-60.5
2026-06-25T00:51:51.807097	66.0	-63.0
2026-06-25T00:51:51.807207	64.0	-62.0
2026-06-25T00:51:51.807318	65.0	-64.0
2026-06-25T00:51:51.807431	62.0	-64.0
2026-06-25T00:51:51.807540	66.0	-64.0
2026-06-25T00:52:01.356398	61.0	-61.0
2026-06-25T00:52:01.357053	62.0	-60.5
2026-06-25T00:52:01.357270	64.0	-60.0
2026-06-25T00:52:01.357418	68.0	-58.5
2026-06-25T00:52:01.357683	67.0	-58.0
2026-06-25T00:52:01.357851	69.0	-58.0
2026-06-25T00:52:01.358060	72.0	-59.0
2026-06-25T00:52:01.358323	66.0	-61.5
2026-06-25T00:52:01.358494	69.0	-63.0
2026-06-25T00:52:01.358701	69.0	-63.0
2026-06-25T00:52:01.358845	68.0	-64.0
2026-06-25T00:52:01.359036	67.0	-64.0
2026-06-25T00:52:01.359231	65.0	-62.5
2026-06-25T00:52:10.902004	138.0	-80.5
2026-06-25T00:52:10.902443	110.0	-76.0
2026-06-25T00:52:10.902673	110.0	-74.5
2026-06-25T00:52:10.902854	112.0	-72.5
2026-06-25T00:52:10.903013	110.0	-72.5
2026-06-25T00:52:10.903161	106.0	-72.0
2026-06-25T00:52:10.903333	98.0	-79.0
2026-06-25T00:52:10.903476	115.0	-76.5
2026-06-25T00:52:10.903615	105.0	-76.0
2026-06-25T00:52:10.903753	112.0	-74.0
2026-06-25T00:52:10.903883	112.0	-77.5
2026-06-25T00:52:10.904015	110.0	-80.0
2026-06-25T00:52:20.424461	75.0	-77.5
2026-06-25T00:52:20.424813	56.0	-73.5
2026-06-25T00:52:20.424939	92.0	-77.0
2026-06-25T00:52:20.425053	92.0	-78.5
2026-06-25T00:52:20.425165	85.0	-78.0
2026-06-25T00:52:20.425271	86.0	-79.0
2026-06-25T00:52:20.425376	84.0	-76.0
2026-06-25T00:52:20.425484	94.0	-75.5
2026-06-25T00:52:20.425591	107.0	-77.5
2026-06-25T00:52:20.425698	98.0	-76.0
2026-06-25T00:52:20.425806	104.0	-76.0
2026-06-25T00:52:20.425908	96.0	-77.0
2026-06-25T00:52:20.426011	107.0	-77.0
2026-06-25T00:52:29.970671	99.0	-77.0
2026-06-25T00:52:29.971047	128.0	-74.0
2026-06-25T00:52:29.971180	123.0	-72.5
2026-06-25T00:52:29.971309	123.0	-72.5
2026-06-25T00:52:29.971424	127.0	-72.0
2026-06-25T00:52:29.971534	123.0	-71.5
2026-06-25T00:52:29.971647	121.0	-71.5
2026-06-25T00:52:29.971759	115.0	-71.0
2026-06-25T00:52:29.971867	120.0	-72.0
2026-06-25T00:52:29.971979	120.0	-77.0
2026-06-25T00:52:29.972087	113.0	-75.5
2026-06-25T00:52:29.972199	109.0	-78.0
2026-06-25T00:52:29.972307	103.0	-74.5
2026-06-25T00:52:39.506976	114.0	-77.5
2026-06-25T00:52:39.507325	112.0	-75.0
2026-06-25T00:52:39.507451	113.0	-72.0
2026-06-25T00:52:39.507569	112.0	-73.0
2026-06-25T00:52:39.507681	117.0	-73.0
2026-06-25T00:52:39.507792	115.0	-71.0
2026-06-25T00:52:39.507906	113.0	-71.5
2026-06-25T00:52:39.508022	118.0	-71.0
2026-06-25T00:52:39.508133	114.0	-72.5
2026-06-25T00:52:39.508249	113.0	-70.5
2026-06-25T00:52:39.508358	111.0	-74.0
2026-06-25T00:52:49.043283	109.0	-76.0
2026-06-25T00:52:49.043887	107.0	-76.0
2026-06-25T00:52:49.044093	107.0	-76.5
2026-06-25T00:52:49.044248	115.0	-75.0
2026-06-25T00:52:49.044509	113.0	-72.5
2026-06-25T00:52:49.044681	107.0	-75.0
2026-06-25T00:52:49.044889	113.0	-72.0
2026-06-25T00:52:49.045103	110.0	-75.5
2026-06-25T00:52:49.045254	104.0	-73.5
2026-06-25T00:52:49.045455	100.0	-73.5
2026-06-25T00:52:49.045660	103.0	-72.0
2026-06-25T00:52:49.045805	106.0	-73.5
2026-06-25T00:52:49.045998	106.0	-74.5
2026-06-25T00:52:58.609556	112.0	-81.5
2026-06-25T00:52:58.610174	119.0	-81.0
2026-06-25T00:52:58.610450	114.0	-79.5
2026-06-25T00:52:58.610603	112.0	-81.0
2026-06-25T00:52:58.610868	107.0	-81.0
2026-06-25T00:52:58.611034	112.0	-81.0
2026-06-25T00:52:58.611238	111.0	-81.0
2026-06-25T00:52:58.611447	108.0	-80.0
2026-06-25T00:52:58.611589	109.0	-78.5
2026-06-25T00:52:58.611795	104.0	-79.0
2026-06-25T00:52:58.611994	105.0	-77.5
2026-06-25T00:52:58.612137	104.0	-82.0
2026-06-25T00:52:58.612326	104.0	-82.5
2026-06-25T00:53:08.129649	62.0	-65.5
2026-06-25T00:53:08.130038	47.0	-67.0
2026-06-25T00:53:08.130469	38.0	-68.0
2026-06-25T00:53:08.130688	49.0	-65.5
2026-06-25T00:53:08.130837	46.0	-65.5
2026-06-25T00:53:08.131095	47.0	-65.5
2026-06-25T00:53:08.131259	46.0	-67.5
2026-06-25T00:53:08.131472	40.0	-67.0
2026-06-25T00:53:08.131679	41.0	-66.5
2026-06-25T00:53:08.131831	42.0	-66.5
2026-06-25T00:53:08.132028	43.0	-66.5
2026-06-25T00:53:08.132226	42.0	-66.5
2026-06-25T00:53:08.132422	44.0	-66.0
2026-06-25T00:53:17.666506	42.0	-66.0
2026-06-25T00:53:17.666887	46.0	-66.0
2026-06-25T00:53:17.667117	44.0	-65.5
2026-06-25T00:53:17.667308	47.0	-65.0
2026-06-25T00:53:17.667470	43.0	-65.5
2026-06-25T00:53:17.667622	47.0	-65.5
2026-06-25T00:53:17.667767	47.0	-66.0
2026-06-25T00:53:17.667904	45.0	-65.5
2026-06-25T00:53:17.668042	46.0	-65.5
2026-06-25T00:53:17.668187	46.0	-66.0
2026-06-25T00:53:17.668323	43.0	-66.0
2026-06-25T00:53:17.668458	46.0	-66.0
2026-06-25T00:53:17.668590	46.0	-66.0
2026-06-25T00:53:27.234604	69.0	-62.5
2026-06-25T00:53:27.234984	68.0	-60.0
2026-06-25T00:53:27.235217	66.0	-58.5
2026-06-25T00:53:27.235395	69.0	-59.0
2026-06-25T00:53:27.235552	71.0	-58.5
2026-06-25T00:53:27.235707	68.0	-58.5
2026-06-25T00:53:27.235854	71.0	-55.5
2026-06-25T00:53:27.235998	69.0	-57.5
2026-06-25T00:53:27.236140	74.0	-56.5
2026-06-25T00:53:27.236286	70.0	-57.5
2026-06-25T00:53:27.236429	69.0	-57.0
2026-06-25T00:53:36.748888	56.0	-65.5
2026-06-25T00:53:36.749282	50.0	-66.5
2026-06-25T00:53:36.749511	62.0	-65.0
2026-06-25T00:53:36.749675	60.0	-63.5
2026-06-25T00:53:36.749832	60.0	-62.5
2026-06-25T00:53:36.749975	63.0	-62.5
2026-06-25T00:53:36.750104	63.0	-61.5
2026-06-25T00:53:36.750275	67.0	-59.5
2026-06-25T00:53:36.750432	68.0	-60.0
2026-06-25T00:53:36.750561	68.0	-59.0
2026-06-25T00:53:36.750688	67.0	-59.5
2026-06-25T00:53:36.750822	65.0	-62.0
2026-06-25T00:53:46.283435	70.0	-69.0
2026-06-25T00:53:46.283781	60.0	-76.0
2026-06-25T00:53:46.283908	128.0	-74.0
2026-06-25T00:53:46.284028	110.0	-80.5
2026-06-25T00:53:46.284150	138.0	-78.5
2026-06-25T00:53:46.284263	150.0	-80.0
2026-06-25T00:53:46.284373	124.0	-81.0
2026-06-25T00:53:46.284483	137.0	-82.0
2026-06-25T00:53:46.284589	183.0	-82.0
2026-06-25T00:53:46.284695	183.0	-81.5
2026-06-25T00:53:46.284810	170.0	-79.5
2026-06-25T00:53:46.284919	198.0	-80.0
2026-06-25T00:53:46.285024	219.0	-83.5
2026-06-25T00:53:55.825305	179.0	-75.0
2026-06-25T00:53:55.825656	182.0	-77.0
2026-06-25T00:53:55.825783	183.0	-74.0
2026-06-25T00:53:55.825901	182.0	-74.5
2026-06-25T00:53:55.826023	181.0	-73.0
2026-06-25T00:53:55.826140	183.0	-76.5
2026-06-25T00:53:55.826344	178.0	-74.5
2026-06-25T00:53:55.826516	181.0	-73.5
2026-06-25T00:53:55.826687	182.0	-75.0
2026-06-25T00:54:05.377620	167.0	-75.0
2026-06-25T00:54:05.377957	195.0	-73.0
2026-06-25T00:54:05.378089	190.0	-75.0
2026-06-25T00:54:05.378255	169.0	-73.5
2026-06-25T00:54:05.378430	167.0	-74.5
2026-06-25T00:54:05.378586	170.0	-75.0
2026-06-25T00:54:05.378722	172.0	-74.5
2026-06-25T00:54:05.378845	175.0	-75.5
2026-06-25T00:54:05.378960	182.0	-75.0
2026-06-25T00:54:05.379070	175.0	-75.5
2026-06-25T00:54:05.379181	171.0	-75.5
2026-06-25T00:54:05.379292	173.0	-74.0
2026-06-25T00:54:14.913751	165.0	-75.0
2026-06-25T00:54:14.914093	169.0	-75.0
2026-06-25T00:54:14.914287	170.0	-76.0
2026-06-25T00:54:14.914479	168.0	-74.5
2026-06-25T00:54:14.914661	166.0	-75.5
2026-06-25T00:54:14.914825	168.0	-75.0
2026-06-25T00:54:14.914970	168.0	-76.0
2026-06-25T00:54:14.915112	170.0	-77.5
2026-06-25T00:54:14.915254	169.0	-77.5
2026-06-25T00:54:14.915397	195.0	-74.5
2026-06-25T00:54:14.915537	164.0	-69.5
2026-06-25T00:54:24.454148	166.0	-74.5
