timestamp	distance_cm	rssi_dbm
2026-06-24T19:07:16.610837	119.0	-76.5
2026-06-24T19:07:16.611031	101.0	-79.5
2026-06-24T19:07:16.611121	106.0	-76.5
2026-06-24T19:07:16.611196	148.0	-77.5
2026-06-24T19:07:16.611268	126.0	-77.0
2026-06-24T19:07:16.611336	93.0	-78.0
2026-06-24T19:07:16.611406	92.0	-77.5
2026-06-24T19:07:16.611478	104.0	-77.0
2026-06-24T19:07:16.611616	107.0	-77.5
2026-06-24T19:07:16.611693	87.0	-77.0
2026-06-24T19:07:16.611760	92.0	-77.0
2026-06-24T19:07:16.611827	97.0	-79.0
2026-06-24T19:07:25.621908	105.0	-79.5
2026-06-24T19:07:25.622048	164.0	-80.5
2026-06-24T19:07:25.622126	121.0	-81.0
2026-06-24T19:07:25.622198	114.0	-81.0
2026-06-24T19:07:25.622267	116.0	-80.0
2026-06-24T19:07:25.622336	116.0	-81.0
2026-06-24T19:07:25.622404	166.0	-81.5
2026-06-24T19:07:25.622473	169.0	-81.0
2026-06-24T19:07:25.622541	126.0	-81.5
2026-06-24T19:07:25.622611	130.0	-81.5
2026-06-24T19:07:25.622679	136.0	-81.5
2026-06-24T19:07:34.692426	170.0	-82.0
2026-06-24T19:07:34.692487	198.0	-81.0
2026-06-24T19:07:34.692520	198.0	-81.0
2026-06-24T19:07:34.692549	211.0	-82.0
2026-06-24T19:07:34.692577	214.0	-81.5
2026-06-24T19:07:34.692612	196.0	-82.0
2026-06-24T19:07:34.692639	198.0	-81.0
2026-06-24T19:07:34.692665	213.0	-81.5
2026-06-24T19:07:34.692693	189.0	-82.0
2026-06-24T19:07:34.692720	171.0	-82.0
2026-06-24T19:07:34.692746	181.0	-82.0
2026-06-24T19:07:34.692772	187.0	-82.0
2026-06-24T19:07:43.746659	107.0	-81.5
2026-06-24T19:07:43.746794	117.0	-81.5
2026-06-24T19:07:43.746881	114.0	-80.0
2026-06-24T19:07:43.746955	105.0	-81.0
2026-06-24T19:07:43.747024	112.0	-79.5
2026-06-24T19:07:43.747096	117.0	-80.0
2026-06-24T19:07:43.747162	122.0	-80.5
2026-06-24T19:07:43.747231	118.0	-80.0
2026-06-24T19:07:43.747298	112.0	-81.0
2026-06-24T19:07:43.747366	119.0	-81.0
2026-06-24T19:07:43.747432	114.0	-81.0
2026-06-24T19:07:43.747497	114.0	-80.5
2026-06-24T19:07:52.822926	133.0	-82.0
2026-06-24T19:07:52.822986	123.0	-82.5
2026-06-24T19:07:52.823027	128.0	-82.5
2026-06-24T19:07:52.823058	130.0	-82.5
2026-06-24T19:07:52.823087	130.0	-82.5
2026-06-24T19:07:52.823116	127.0	-82.5
2026-06-24T19:07:52.823144	130.0	-82.5
2026-06-24T19:07:52.823173	124.0	-82.5
2026-06-24T19:07:52.823200	121.0	-82.0
2026-06-24T19:07:52.823227	149.0	-82.5
2026-06-24T19:07:52.823254	103.0	-83.5
2026-06-24T19:07:52.823282	157.0	-83.5
2026-06-24T19:08:01.850322	135.0	-82.5
2026-06-24T19:08:01.850454	138.0	-82.5
2026-06-24T19:08:01.850542	134.0	-83.0
2026-06-24T19:08:01.850615	138.0	-83.0
2026-06-24T19:08:01.850685	140.0	-83.0
2026-06-24T19:08:01.850753	139.0	-82.5
2026-06-24T19:08:01.850824	134.0	-83.0
2026-06-24T19:08:01.850891	131.0	-83.0
2026-06-24T19:08:01.850958	136.0	-83.0
2026-06-24T19:08:01.851025	139.0	-82.0
2026-06-24T19:08:01.851091	135.0	-82.0
2026-06-24T19:08:01.851158	132.0	-82.5
2026-06-24T19:08:10.844599	49.0	-65.0
2026-06-24T19:08:10.844661	30.0	-67.5
2026-06-24T19:08:10.844701	31.0	-67.0
2026-06-24T19:08:10.844730	35.0	-65.5
2026-06-24T19:08:10.844759	35.0	-66.0
2026-06-24T19:08:10.844786	38.0	-66.0
2026-06-24T19:08:10.844814	30.0	-67.0
2026-06-24T19:08:10.844840	29.0	-68.0
2026-06-24T19:08:10.844867	33.0	-65.5
2026-06-24T19:08:10.844895	31.0	-65.5
2026-06-24T19:08:10.844922	28.0	-67.5
2026-06-24T19:08:10.844949	35.0	-65.5
2026-06-24T19:08:19.912192	22.0	-67.5
2026-06-24T19:08:19.912322	30.0	-67.0
2026-06-24T19:08:19.912408	28.0	-66.5
2026-06-24T19:08:19.912483	31.0	-68.0
2026-06-24T19:08:19.912554	33.0	-67.5
2026-06-24T19:08:19.912626	28.0	-67.5
2026-06-24T19:08:19.912697	32.0	-67.5
2026-06-24T19:08:19.912766	31.0	-68.5
2026-06-24T19:08:19.912836	34.0	-70.0
2026-06-24T19:08:19.912903	31.0	-69.5
2026-06-24T19:08:19.912969	32.0	-68.0
2026-06-24T19:08:19.913035	29.0	-69.0
2026-06-24T19:08:29.009268	27.0	-69.5
2026-06-24T19:08:29.009399	27.0	-66.5
2026-06-24T19:08:29.009486	28.0	-66.0
2026-06-24T19:08:29.009557	24.0	-68.5
2026-06-24T19:08:29.009627	27.0	-68.5
2026-06-24T19:08:29.009697	30.0	-67.5
2026-06-24T19:08:29.009766	27.0	-68.5
2026-06-24T19:08:29.009835	25.0	-68.5
2026-06-24T19:08:29.009905	27.0	-69.0
2026-06-24T19:08:29.009970	29.0	-67.0
2026-06-24T19:08:29.010037	30.0	-66.5
2026-06-24T19:08:29.010105	21.0	-68.5
2026-06-24T19:08:37.971432	27.0	-67.0
2026-06-24T19:08:37.971494	21.0	-70.0
2026-06-24T19:08:37.971580	48.0	-67.0
2026-06-24T19:08:37.971613	43.0	-66.0
2026-06-24T19:08:37.971641	44.0	-63.5
2026-06-24T19:08:37.971674	40.0	-63.5
2026-06-24T19:08:37.971703	40.0	-64.0
2026-06-24T19:08:37.971730	40.0	-61.0
2026-06-24T19:08:37.971757	39.0	-63.0
2026-06-24T19:08:37.971784	47.0	-62.0
2026-06-24T19:08:37.971810	40.0	-62.5
2026-06-24T19:08:37.971839	45.0	-64.0
2026-06-24T19:08:47.350642	130.0	-85.0
2026-06-24T19:08:47.350722	144.0	-85.0
2026-06-24T19:08:47.350766	147.0	-82.5
2026-06-24T19:08:47.350817	147.0	-82.5
2026-06-24T19:08:47.350862	130.0	-85.5
2026-06-24T19:08:47.350905	190.0	-85.5
2026-06-24T19:08:47.350949	139.0	-85.0
2026-06-24T19:08:47.350990	201.0	-86.0
2026-06-24T19:08:47.351029	180.0	-88.0
2026-06-24T19:08:47.351069	214.0	-87.0
2026-06-24T19:08:56.105950	162.0	-88.0
2026-06-24T19:08:56.106012	193.0	-87.0
2026-06-24T19:08:56.106046	149.0	-86.5
2026-06-24T19:08:56.106082	161.0	-85.5
2026-06-24T19:08:56.106111	257.0	-85.0
2026-06-24T19:08:56.106138	169.0	-87.0
2026-06-24T19:08:56.106165	237.0	-87.5
2026-06-24T19:08:56.106192	176.0	-86.0
2026-06-24T19:08:56.106220	179.0	-85.0
2026-06-24T19:08:56.106246	183.0	-85.0
2026-06-24T19:08:56.106272	197.0	-86.0
2026-06-24T19:08:56.106300	180.0	-86.5
2026-06-24T19:09:05.250403	205.0	-87.0
2026-06-24T19:09:05.250530	185.0	-85.0
2026-06-24T19:09:05.250617	181.0	-86.0
2026-06-24T19:09:05.250694	204.0	-86.5
2026-06-24T19:09:05.250811	217.0	-88.0
2026-06-24T19:09:05.250885	184.0	-85.0
2026-06-24T19:09:05.250956	186.0	-85.0
2026-06-24T19:09:05.251026	209.0	-83.0
2026-06-24T19:09:05.251095	205.0	-84.0
2026-06-24T19:09:05.251164	234.0	-85.0
2026-06-24T19:09:05.251233	238.0	-85.0
2026-06-24T19:09:05.251305	270.0	-85.0
2026-06-24T19:09:14.223231	197.0	-84.5
2026-06-24T19:09:14.223300	183.0	-88.0
2026-06-24T19:09:14.223333	195.0	-87.0
2026-06-24T19:09:14.223363	198.0	-88.0
2026-06-24T19:09:14.223390	218.0	-85.0
2026-06-24T19:09:14.223418	189.0	-86.5
2026-06-24T19:09:14.223446	176.0	-87.5
2026-06-24T19:09:14.223475	164.0	-87.5
2026-06-24T19:09:14.223502	153.0	-88.0
2026-06-24T19:09:14.223576	199.0	-85.0
2026-06-24T19:09:14.223607	165.0	-90.0
2026-06-24T19:09:14.223634	204.0	-85.0
2026-06-24T19:09:23.351922	72.0	-69.0
2026-06-24T19:09:23.352043	61.0	-67.5
2026-06-24T19:09:23.352137	59.0	-69.5
2026-06-24T19:09:23.352212	57.0	-66.0
2026-06-24T19:09:23.352281	59.0	-64.5
2026-06-24T19:09:23.352355	61.0	-64.0
2026-06-24T19:09:23.352422	61.0	-65.0
2026-06-24T19:09:23.352491	72.0	-68.0
2026-06-24T19:09:23.352558	65.0	-70.5
2026-06-24T19:09:23.352629	71.0	-72.0
2026-06-24T19:09:23.352696	70.0	-72.0
2026-06-24T19:09:23.352765	55.0	-71.5
2026-06-24T19:09:32.391334	60.0	-67.5
2026-06-24T19:09:32.391465	70.0	-64.5
2026-06-24T19:09:32.391626	62.0	-65.5
2026-06-24T19:09:32.391705	57.0	-64.5
2026-06-24T19:09:32.391779	59.0	-60.5
2026-06-24T19:09:32.391849	65.0	-62.5
2026-06-24T19:09:32.391920	62.0	-66.5
2026-06-24T19:09:32.391989	70.0	-69.5
2026-06-24T19:09:32.392057	69.0	-70.5
2026-06-24T19:09:32.392127	73.0	-70.0
2026-06-24T19:09:32.392194	62.0	-69.0
2026-06-24T19:09:32.392258	57.0	-72.5
2026-06-24T19:09:41.339732	70.0	-67.5
2026-06-24T19:09:41.339801	64.0	-64.0
2026-06-24T19:09:41.339834	67.0	-65.5
2026-06-24T19:09:41.339865	76.0	-67.0
2026-06-24T19:09:41.339893	69.0	-68.0
2026-06-24T19:09:41.339920	71.0	-66.5
2026-06-24T19:09:41.339948	62.0	-66.0
2026-06-24T19:09:41.339975	71.0	-65.5
2026-06-24T19:09:41.340002	69.0	-67.5
2026-06-24T19:09:41.340030	67.0	-68.5
2026-06-24T19:09:41.340057	64.0	-68.0
2026-06-24T19:09:41.340083	61.0	-68.0
2026-06-24T19:09:50.412048	74.0	-64.5
2026-06-24T19:09:50.412181	70.0	-65.0
2026-06-24T19:09:50.412266	71.0	-64.5
2026-06-24T19:09:50.412341	71.0	-64.5
2026-06-24T19:09:50.412415	71.0	-65.0
2026-06-24T19:09:50.412483	71.0	-65.5
2026-06-24T19:09:50.412552	66.0	-65.0
2026-06-24T19:09:50.412619	70.0	-64.5
2026-06-24T19:09:50.412690	66.0	-65.0
2026-06-24T19:09:50.412759	72.0	-67.5
2026-06-24T19:09:50.412827	71.0	-65.5
2026-06-24T19:09:50.412897	65.0	-65.5
2026-06-24T19:09:59.392246	200.0	-86.0
2026-06-24T19:09:59.392308	195.0	-87.5
2026-06-24T19:09:59.392348	228.0	-88.0
2026-06-24T19:09:59.392378	200.0	-89.5
2026-06-24T19:09:59.392407	168.0	-86.5
2026-06-24T19:09:59.392436	181.0	-86.5
2026-06-24T19:09:59.392465	180.0	-85.5
2026-06-24T19:09:59.392494	171.0	-84.0
2026-06-24T19:09:59.392521	160.0	-85.0
2026-06-24T19:09:59.392547	198.0	-84.5
2026-06-24T19:09:59.392575	199.0	-84.0
2026-06-24T19:09:59.392601	176.0	-86.0
2026-06-24T19:10:08.481848	216.0	-87.5
2026-06-24T19:10:08.481917	219.0	-85.5
2026-06-24T19:10:08.481952	221.0	-86.0
2026-06-24T19:10:08.481981	149.0	-86.0
2026-06-24T19:10:08.482008	221.0	-85.0
2026-06-24T19:10:08.482035	203.0	-85.5
2026-06-24T19:10:08.482063	200.0	-85.5
2026-06-24T19:10:08.482092	172.0	-86.5
2026-06-24T19:10:08.482120	186.0	-85.5
2026-06-24T19:10:08.482148	200.0	-86.0
2026-06-24T19:10:08.482175	175.0	-86.5
2026-06-24T19:10:08.482203	152.0	-84.5
2026-06-24T19:10:17.452710	189.0	-84.5
2026-06-24T19:10:17.452782	174.0	-86.0
2026-06-24T19:10:17.452812	225.0	-84.5
2026-06-24T19:10:17.452843	234.0	-84.0
2026-06-24T19:10:17.452871	245.0	-85.0
2026-06-24T19:10:17.452899	187.0	-86.0
2026-06-24T19:10:17.452927	190.0	-86.0
2026-06-24T19:10:17.452954	194.0	-86.5
2026-06-24T19:10:17.452982	192.0	-87.0
2026-06-24T19:10:17.453009	192.0	-86.0
2026-06-24T19:10:17.453038	226.0	-85.0
2026-06-24T19:10:26.522989	172.0	-88.5
2026-06-24T19:10:26.523059	198.0	-87.5
2026-06-24T19:10:26.523091	199.0	-88.0
2026-06-24T19:10:26.523121	211.0	-88.0
2026-06-24T19:10:26.523149	193.0	-88.5
2026-06-24T19:10:26.523178	195.0	-88.0
2026-06-24T19:10:26.523205	196.0	-88.0
2026-06-24T19:10:26.523233	199.0	-88.0
2026-06-24T19:10:26.523260	205.0	-87.0
2026-06-24T19:10:26.523286	197.0	-86.5
2026-06-24T19:10:26.523313	212.0	-86.0
2026-06-24T19:10:35.609544	140.0	-88.0
2026-06-24T19:10:35.609640	185.0	-89.0
2026-06-24T19:10:35.609702	149.0	-86.0
2026-06-24T19:10:35.609756	227.0	-86.5
2026-06-24T19:10:35.609819	245.0	-89.0
2026-06-24T19:10:35.609871	126.0	-87.0
2026-06-24T19:10:35.609921	123.0	-80.0
2026-06-24T19:10:35.609972	168.0	-76.0
2026-06-24T19:10:35.610023	126.0	-74.0
2026-06-24T19:10:35.610075	104.0	-76.0
2026-06-24T19:10:35.610124	105.0	-76.0
2026-06-24T19:10:35.610174	77.0	-71.0
2026-06-24T19:10:44.602631	57.0	-69.0
2026-06-24T19:10:44.602692	77.0	-72.0
2026-06-24T19:10:44.602725	77.0	-67.5
2026-06-24T19:10:44.602760	69.0	-67.5
2026-06-24T19:10:44.602790	67.0	-66.0
2026-06-24T19:10:44.602818	60.0	-70.5
2026-06-24T19:10:44.602846	68.0	-68.5
2026-06-24T19:10:44.602874	77.0	-67.0
2026-06-24T19:10:44.602901	74.0	-67.0
2026-06-24T19:10:44.602927	75.0	-70.0
2026-06-24T19:10:44.602953	71.0	-67.5
2026-06-24T19:10:44.602981	70.0	-70.0
2026-06-24T19:10:53.733718	67.0	-65.0
2026-06-24T19:10:53.733781	64.0	-64.5
2026-06-24T19:10:53.733822	60.0	-63.0
2026-06-24T19:10:53.733853	56.0	-63.5
2026-06-24T19:10:53.733882	63.0	-61.0
2026-06-24T19:10:53.733910	63.0	-62.0
2026-06-24T19:10:53.733937	60.0	-62.0
2026-06-24T19:10:53.733964	59.0	-60.5
2026-06-24T19:10:53.733992	60.0	-62.5
2026-06-24T19:10:53.734019	66.0	-62.0
2026-06-24T19:10:53.734046	61.0	-70.0
2026-06-24T19:10:53.734071	59.0	-70.0
2026-06-24T19:11:02.768587	69.0	-68.5
2026-06-24T19:11:02.768655	69.0	-66.0
2026-06-24T19:11:02.768688	59.0	-65.5
2026-06-24T19:11:02.768718	58.0	-64.0
2026-06-24T19:11:02.768746	54.0	-63.0
2026-06-24T19:11:02.768773	57.0	-63.5
2026-06-24T19:11:02.768802	57.0	-64.0
2026-06-24T19:11:02.768829	60.0	-65.0
2026-06-24T19:11:02.768857	63.0	-62.5
2026-06-24T19:11:02.768886	63.0	-67.5
2026-06-24T19:11:02.768915	65.0	-74.0
2026-06-24T19:11:02.768942	67.0	-73.5
2026-06-24T19:11:12.114965	136.0	-85.5
2026-06-24T19:11:12.115033	130.0	-85.0
2026-06-24T19:11:12.115063	148.0	-86.0
2026-06-24T19:11:12.115092	167.0	-85.5
2026-06-24T19:11:12.115122	221.0	-85.0
2026-06-24T19:11:12.115149	214.0	-85.0
2026-06-24T19:11:12.115177	174.0	-85.0
2026-06-24T19:11:12.115204	160.0	-88.0
2026-06-24T19:11:12.115231	123.0	-86.0
2026-06-24T19:11:12.115258	125.0	-86.0
2026-06-24T19:11:20.893024	169.0	-86.5
2026-06-24T19:11:20.893092	162.0	-85.0
2026-06-24T19:11:20.893125	124.0	-86.0
2026-06-24T19:11:20.893154	134.0	-85.5
2026-06-24T19:11:20.893184	148.0	-85.0
2026-06-24T19:11:20.893211	179.0	-85.0
2026-06-24T19:11:20.893239	163.0	-85.0
2026-06-24T19:11:20.893266	153.0	-85.0
2026-06-24T19:11:20.893292	137.0	-86.0
2026-06-24T19:11:20.893319	133.0	-88.0
2026-06-24T19:11:20.893345	126.0	-88.5
2026-06-24T19:11:20.893373	128.0	-89.0
2026-06-24T19:11:29.859154	71.0	-75.0
2026-06-24T19:11:29.859279	67.0	-73.0
2026-06-24T19:11:29.859354	76.0	-69.5
2026-06-24T19:11:29.859444	72.0	-66.5
2026-06-24T19:11:29.859517	64.0	-66.5
2026-06-24T19:11:29.859663	60.0	-66.0
2026-06-24T19:11:29.859735	63.0	-63.0
2026-06-24T19:11:29.859804	54.0	-66.5
2026-06-24T19:11:29.859874	51.0	-70.5
2026-06-24T19:11:29.859947	63.0	-70.0
2026-06-24T19:11:29.860014	68.0	-67.5
2026-06-24T19:11:29.860085	70.0	-65.5
2026-06-24T19:11:29.860154	60.0	-66.5
2026-06-24T19:11:38.961059	61.0	-70.5
2026-06-24T19:11:38.961193	60.0	-68.5
2026-06-24T19:11:38.961280	68.0	-68.5
2026-06-24T19:11:38.961356	68.0	-68.5
2026-06-24T19:11:38.961429	70.0	-69.0
2026-06-24T19:11:38.961500	73.0	-68.5
2026-06-24T19:11:38.961572	77.0	-67.5
2026-06-24T19:11:38.961643	72.0	-70.0
2026-06-24T19:11:38.961711	75.0	-70.5
2026-06-24T19:11:38.961781	75.0	-70.5
2026-06-24T19:11:38.961852	75.0	-69.5
2026-06-24T19:11:38.961922	73.0	-66.0
2026-06-24T19:11:47.944949	60.0	-63.0
2026-06-24T19:11:47.945011	62.0	-63.5
2026-06-24T19:11:47.945050	69.0	-64.5
2026-06-24T19:11:47.945081	67.0	-65.0
2026-06-24T19:11:47.945109	63.0	-64.5
2026-06-24T19:11:47.945138	68.0	-65.5
2026-06-24T19:11:47.945166	61.0	-64.0
2026-06-24T19:11:47.945194	57.0	-64.0
2026-06-24T19:11:47.945220	48.0	-65.0
2026-06-24T19:11:47.945248	51.0	-67.0
2026-06-24T19:11:47.945274	65.0	-65.5
2026-06-24T19:11:47.945301	65.0	-65.0
2026-06-24T19:11:56.989100	59.0	-65.5
2026-06-24T19:11:56.989171	64.0	-64.5
2026-06-24T19:11:56.989203	63.0	-65.0
2026-06-24T19:11:56.989233	61.0	-65.0
2026-06-24T19:11:56.989260	56.0	-66.0
2026-06-24T19:11:56.989287	62.0	-65.5
2026-06-24T19:11:56.989315	61.0	-65.0
2026-06-24T19:11:56.989342	64.0	-65.0
2026-06-24T19:11:56.989369	62.0	-64.5
2026-06-24T19:11:56.989397	65.0	-65.0
2026-06-24T19:11:56.989424	55.0	-64.0
2026-06-24T19:12:06.052893	119.0	-86.0
2026-06-24T19:12:06.052955	180.0	-89.0
2026-06-24T19:12:06.052988	145.0	-85.0
2026-06-24T19:12:06.053018	206.0	-86.0
2026-06-24T19:12:06.053046	214.0	-83.5
2026-06-24T19:12:06.053080	185.0	-84.0
2026-06-24T19:12:06.053106	189.0	-83.5
2026-06-24T19:12:06.053134	207.0	-86.5
2026-06-24T19:12:06.053162	160.0	-86.5
2026-06-24T19:12:06.053191	256.0	-87.0
2026-06-24T19:12:06.053218	231.0	-86.5
2026-06-24T19:12:06.053245	219.0	-87.5
2026-06-24T19:12:15.199860	128.0	-80.5
2026-06-24T19:12:15.199991	125.0	-72.5
2026-06-24T19:12:15.200078	114.0	-73.0
2026-06-24T19:12:15.200150	87.0	-79.0
2026-06-24T19:12:15.200227	74.0	-71.0
2026-06-24T19:12:15.200295	74.0	-66.0
2026-06-24T19:12:15.200364	69.0	-67.0
2026-06-24T19:12:15.200430	64.0	-65.5
2026-06-24T19:12:15.200499	64.0	-64.5
2026-06-24T19:12:15.200568	58.0	-65.5
2026-06-24T19:12:15.200639	53.0	-71.5
2026-06-24T19:12:24.176098	60.0	-66.5
2026-06-24T19:12:24.176166	68.0	-66.5
2026-06-24T19:12:24.176201	68.0	-66.5
2026-06-24T19:12:24.176231	70.0	-65.0
2026-06-24T19:12:24.176259	71.0	-65.5
2026-06-24T19:12:24.176287	68.0	-67.0
2026-06-24T19:12:24.176314	65.0	-67.5
2026-06-24T19:12:24.176341	69.0	-64.5
2026-06-24T19:12:24.176369	72.0	-65.5
2026-06-24T19:12:24.176397	65.0	-65.5
2026-06-24T19:12:24.176425	60.0	-68.5
2026-06-24T19:12:24.176453	64.0	-66.0
2026-06-24T19:12:33.186360	133.0	-75.0
2026-06-24T19:12:33.186422	113.0	-77.5
2026-06-24T19:12:33.186462	114.0	-72.0
2026-06-24T19:12:33.186491	114.0	-69.5
2026-06-24T19:12:33.186520	114.0	-68.5
2026-06-24T19:12:33.186549	109.0	-71.5
2026-06-24T19:12:33.186578	97.0	-70.5
2026-06-24T19:12:33.186606	102.0	-69.0
2026-06-24T19:12:33.186633	107.0	-71.0
2026-06-24T19:12:33.186660	111.0	-68.0
2026-06-24T19:12:33.186686	112.0	-68.5
2026-06-24T19:12:33.186714	110.0	-72.5
2026-06-24T22:59:44.983277	113.0	-74.5
2026-06-24T22:59:44.983469	106.0	-75.0
2026-06-24T22:59:44.983546	93.0	-76.0
2026-06-24T22:59:44.983626	95.0	-77.5
2026-06-24T22:59:44.983700	97.0	-74.5
2026-06-24T22:59:44.983774	97.0	-76.0
2026-06-24T22:59:44.983869	99.0	-79.5
2026-06-24T22:59:44.983945	99.0	-77.0
2026-06-24T22:59:44.984013	98.0	-78.5
2026-06-24T22:59:53.967756	96.0	-79.0
2026-06-24T22:59:53.967875	98.0	-77.5
2026-06-24T22:59:53.967960	97.0	-77.0
2026-06-24T22:59:53.968034	98.0	-78.0
2026-06-24T22:59:53.968106	95.0	-79.5
2026-06-24T22:59:53.968179	91.0	-76.0
2026-06-24T22:59:53.968247	95.0	-75.5
2026-06-24T22:59:53.968318	96.0	-80.5
2026-06-24T22:59:53.968388	91.0	-77.0
2026-06-24T22:59:53.968455	97.0	-75.5
2026-06-24T23:00:02.705180	96.0	-74.5
2026-06-24T23:00:02.705320	99.0	-74.5
2026-06-24T23:00:02.705410	97.0	-73.5
2026-06-24T23:00:02.705569	96.0	-73.5
2026-06-24T23:00:02.705646	93.0	-75.5
2026-06-24T23:00:02.705720	91.0	-76.5
2026-06-24T23:00:02.705793	98.0	-74.0
2026-06-24T23:00:02.705864	101.0	-75.0
2026-06-24T23:00:02.705935	99.0	-75.5
2026-06-24T23:00:02.706008	99.0	-74.0
2026-06-24T23:00:02.706859	98.0	-74.0
2026-06-24T23:00:02.706987	94.0	-75.5
2026-06-24T23:00:11.969065	98.0	-73.0
2026-06-24T23:00:11.969197	98.0	-74.5
2026-06-24T23:00:11.969282	95.0	-75.5
2026-06-24T23:00:11.969359	96.0	-74.5
2026-06-24T23:00:11.969504	98.0	-72.5
2026-06-24T23:00:11.969579	96.0	-76.0
2026-06-24T23:00:11.969649	96.0	-74.0
2026-06-24T23:00:11.969716	96.0	-75.0
2026-06-24T23:00:11.969785	99.0	-73.5
2026-06-24T23:00:11.969858	97.0	-75.0
2026-06-24T23:00:11.969925	93.0	-75.5
2026-06-24T23:00:20.919633	90.0	-75.5
2026-06-24T23:00:20.919791	92.0	-74.0
2026-06-24T23:00:20.919869	93.0	-74.5
2026-06-24T23:00:20.919948	96.0	-75.0
2026-06-24T23:00:20.920021	94.0	-73.0
2026-06-24T23:00:20.920091	96.0	-73.5
2026-06-24T23:00:20.920164	95.0	-74.0
2026-06-24T23:00:20.920237	97.0	-74.5
2026-06-24T23:00:20.920309	94.0	-74.0
2026-06-24T23:00:20.920379	92.0	-73.5
2026-06-24T23:00:20.920450	91.0	-72.5
2026-06-24T23:21:28.892801	83.0	-83.5
2026-06-24T23:21:28.893801	80.0	-82.5
2026-06-24T23:21:28.894262	84.0	-82.5
2026-06-24T23:21:28.894668	83.0	-82.5
2026-06-24T23:21:28.895065	77.0	-82.5
2026-06-24T23:21:28.895444	82.0	-82.5
2026-06-24T23:21:28.895847	77.0	-82.5
2026-06-24T23:21:28.896256	76.0	-83.0
2026-06-24T23:21:28.896688	83.0	-82.5
2026-06-24T23:21:28.897035	82.0	-82.5
2026-06-24T23:21:28.897385	81.0	-83.0
2026-06-24T23:21:28.898122	84.0	-82.5
2026-06-24T23:21:38.130964	91.0	-80.5
2026-06-24T23:21:38.131729	94.0	-79.0
2026-06-24T23:21:38.132090	92.0	-80.5
2026-06-24T23:21:38.132436	92.0	-80.5
2026-06-24T23:21:38.132772	88.0	-80.0
2026-06-24T23:21:38.133101	88.0	-80.0
2026-06-24T23:21:38.133473	92.0	-80.5
2026-06-24T23:21:38.134033	89.0	-80.5
2026-06-24T23:21:38.134481	94.0	-81.0
2026-06-24T23:21:38.134828	99.0	-81.5
2026-06-24T23:21:38.135178	84.0	-80.5
2026-06-24T23:21:47.096715	69.0	-80.5
2026-06-24T23:21:47.097523	71.0	-79.5
2026-06-24T23:21:47.097967	69.0	-81.0
2026-06-24T23:21:47.098309	81.0	-78.5
2026-06-24T23:21:47.098653	74.0	-81.5
2026-06-24T23:21:47.098991	76.0	-80.0
2026-06-24T23:21:47.099317	69.0	-81.0
2026-06-24T23:21:47.099654	72.0	-79.5
2026-06-24T23:21:47.099995	72.0	-80.5
2026-06-24T23:21:47.100326	77.0	-81.0
2026-06-24T23:21:47.100645	77.0	-80.0
2026-06-24T23:21:47.100983	69.0	-80.5
2026-06-24T23:21:56.089825	167.0	-82.5
2026-06-24T23:21:56.090562	167.0	-82.5
2026-06-24T23:21:56.090967	167.0	-82.0
2026-06-24T23:21:56.091311	162.0	-82.5
2026-06-24T23:21:56.091656	161.0	-82.0
2026-06-24T23:21:56.091989	219.0	-82.0
2026-06-24T23:21:56.092312	263.0	-82.5
2026-06-24T23:21:56.092653	219.0	-83.0
2026-06-24T23:21:56.092976	282.0	-82.0
2026-06-24T23:21:56.093299	272.0	-83.0
2026-06-24T23:21:56.093805	212.0	-81.5
2026-06-24T23:21:56.094259	182.0	-81.0
2026-06-24T23:22:05.445010	87.0	-77.5
2026-06-24T23:22:05.445840	91.0	-78.0
2026-06-24T23:22:05.446442	92.0	-78.0
2026-06-24T23:22:05.446877	94.0	-79.5
2026-06-24T23:22:05.447301	93.0	-77.5
2026-06-24T23:22:05.447709	89.0	-80.5
2026-06-24T23:22:05.448104	84.0	-80.5
2026-06-24T23:22:05.448503	82.0	-74.5
2026-06-24T23:22:05.448895	84.0	-74.0
2026-06-24T23:22:05.449843	85.0	-79.5
2026-06-24T23:22:14.398091	100.0	-76.5
2026-06-24T23:22:14.398931	94.0	-75.0
2026-06-24T23:22:14.399498	93.0	-74.5
2026-06-24T23:22:14.399963	100.0	-76.5
2026-06-24T23:22:14.400434	94.0	-75.0
2026-06-24T23:22:14.401013	96.0	-73.5
2026-06-24T23:22:14.401751	95.0	-74.5
2026-06-24T23:22:14.402315	94.0	-74.0
2026-06-24T23:22:14.402753	89.0	-73.5
2026-06-24T23:22:14.403163	95.0	-76.0
2026-06-24T23:22:14.403549	96.0	-75.5
2026-06-24T23:30:37.807294	151.0	-81.5
2026-06-24T23:30:37.808191	150.0	-78.0
2026-06-24T23:30:37.808825	137.0	-79.5
2026-06-24T23:30:37.809330	142.0	-84.0
2026-06-24T23:30:37.809901	133.0	-83.0
2026-06-24T23:30:37.810385	130.0	-76.5
2026-06-24T23:30:37.810884	125.0	-77.0
2026-06-24T23:30:37.811334	135.0	-74.5
2026-06-24T23:30:37.812055	129.0	-80.0
2026-06-24T23:30:37.812558	139.0	-81.5
2026-06-24T23:30:37.813023	141.0	-82.5
2026-06-24T23:30:47.358204	99.0	-67.0
2026-06-24T23:30:47.358941	104.0	-68.5
2026-06-24T23:30:47.359459	105.0	-68.0
2026-06-24T23:30:47.359886	99.0	-66.5
2026-06-24T23:30:47.360245	102.0	-69.0
2026-06-24T23:30:47.360574	103.0	-68.5
2026-06-24T23:30:47.360908	107.0	-68.0
2026-06-24T23:30:47.361236	105.0	-68.0
2026-06-24T23:30:47.361728	104.0	-67.5
2026-06-24T23:30:47.362201	107.0	-68.0
2026-06-24T23:30:47.362650	108.0	-69.5
2026-06-24T23:30:47.363100	102.0	-68.0
2026-06-24T23:30:57.038819	213.0	-81.0
2026-06-24T23:30:57.039899	231.0	-83.0
2026-06-24T23:30:57.040348	220.0	-84.5
2026-06-24T23:30:57.040715	189.0	-82.0
2026-06-24T23:30:57.041051	150.0	-82.5
2026-06-24T23:30:57.041392	176.0	-82.5
2026-06-24T23:30:57.041824	170.0	-81.5
2026-06-24T23:30:57.042231	223.0	-84.0
2026-06-24T23:30:57.042567	238.0	-83.0
2026-06-24T23:30:57.042903	165.0	-81.5
2026-06-24T23:30:57.043248	152.0	-82.0
2026-06-24T23:31:06.742147	177.0	-84.5
2026-06-24T23:31:06.742883	168.0	-86.5
2026-06-24T23:31:06.743288	226.0	-87.0
2026-06-24T23:31:06.743630	228.0	-83.5
2026-06-24T23:31:06.743970	208.0	-86.0
2026-06-24T23:31:06.744297	278.0	-86.0
2026-06-24T23:31:06.744623	241.0	-86.0
2026-06-24T23:31:06.744959	177.0	-85.0
2026-06-24T23:31:06.745289	198.0	-87.0
2026-06-24T23:31:06.745852	124.0	-86.0
2026-06-24T23:31:16.014793	176.0	-88.5
2026-06-24T23:31:16.015553	144.0	-84.5
2026-06-24T23:31:16.016048	147.0	-84.5
2026-06-24T23:31:16.016493	158.0	-82.5
2026-06-24T23:31:16.016914	150.0	-83.0
2026-06-24T23:31:16.017308	170.0	-82.0
2026-06-24T23:31:16.017759	141.0	-83.5
2026-06-24T23:31:16.018179	147.0	-82.5
2026-06-24T23:31:16.018582	136.0	-81.5
2026-06-24T23:31:16.018982	150.0	-83.0
2026-06-24T23:31:16.019415	194.0	-83.0
2026-06-24T23:31:16.019841	180.0	-84.0
2026-06-24T23:31:25.785688	84.0	-73.5
2026-06-24T23:31:25.787031	77.0	-72.5
2026-06-24T23:31:25.787776	79.0	-69.0
2026-06-24T23:31:25.788313	73.0	-71.5
2026-06-24T23:31:25.788787	80.0	-69.5
2026-06-24T23:31:25.789204	72.0	-70.0
2026-06-24T23:31:25.790118	71.0	-67.0
2026-06-24T23:31:25.790584	69.0	-66.5
2026-06-24T23:31:25.791102	60.0	-66.0
2026-06-24T23:31:25.791602	38.0	-70.5
2026-06-24T23:31:35.328223	50.0	-70.5
2026-06-24T23:31:35.329399	57.0	-71.0
2026-06-24T23:31:35.330037	52.0	-72.0
2026-06-24T23:31:35.330465	62.0	-71.0
2026-06-24T23:31:35.330865	57.0	-70.5
2026-06-24T23:31:35.331274	45.0	-72.0
2026-06-24T23:31:35.331665	54.0	-71.5
2026-06-24T23:31:35.332059	55.0	-69.5
2026-06-24T23:31:35.332454	63.0	-71.5
2026-06-24T23:31:35.332847	61.0	-72.5
2026-06-24T23:31:35.333262	64.0	-70.5
2026-06-24T23:31:44.661719	59.0	-71.5
2026-06-24T23:31:44.662447	62.0	-71.5
2026-06-24T23:31:44.662831	58.0	-71.0
2026-06-24T23:31:44.663169	55.0	-71.0
2026-06-24T23:31:44.663497	55.0	-69.5
2026-06-24T23:31:44.663830	54.0	-69.5
2026-06-24T23:31:44.664165	55.0	-69.0
2026-06-24T23:31:44.664489	63.0	-70.0
2026-06-24T23:31:44.664809	71.0	-70.0
2026-06-24T23:31:44.665128	71.0	-70.0
2026-06-24T23:31:44.665544	57.0	-70.5
2026-06-24T23:31:44.666035	62.0	-69.5
2026-06-24T23:31:54.220434	61.0	-70.5
2026-06-24T23:31:54.221167	61.0	-71.0
2026-06-24T23:31:54.221730	65.0	-71.0
2026-06-24T23:31:54.222174	49.0	-71.5
2026-06-24T23:31:54.222595	54.0	-69.0
2026-06-24T23:31:54.223042	55.0	-70.5
2026-06-24T23:31:54.223427	60.0	-74.5
2026-06-24T23:31:54.223814	56.0	-71.0
2026-06-24T23:31:54.224182	65.0	-71.0
2026-06-24T23:31:54.224546	58.0	-70.0
2026-06-24T23:31:54.225143	58.0	-70.5
2026-06-24T23:31:54.225631	59.0	-72.0
2026-06-24T23:32:03.736676	113.0	-73.0
2026-06-24T23:32:03.737343	122.0	-76.5
2026-06-24T23:32:03.737880	124.0	-80.0
2026-06-24T23:32:03.738326	122.0	-79.0
2026-06-24T23:32:03.738666	120.0	-83.0
2026-06-24T23:32:03.738996	115.0	-84.0
2026-06-24T23:32:03.739322	162.0	-83.5
2026-06-24T23:32:03.739663	178.0	-84.0
2026-06-24T23:32:03.739990	152.0	-86.0
2026-06-24T23:32:03.740312	211.0	-85.5
2026-06-24T23:32:03.740650	228.0	-84.0
2026-06-24T23:32:13.391966	229.0	-83.5
2026-06-24T23:32:13.393131	220.0	-83.5
2026-06-24T23:32:13.393958	256.0	-82.5
2026-06-24T23:32:13.394388	248.0	-81.0
2026-06-24T23:32:13.394736	190.0	-82.0
2026-06-24T23:32:13.395071	205.0	-82.5
2026-06-24T23:32:13.395416	177.0	-81.0
2026-06-24T23:32:13.395751	190.0	-82.0
2026-06-24T23:32:13.396876	188.0	-83.0
2026-06-24T23:32:13.397797	218.0	-82.5
2026-06-24T23:32:13.399262	206.0	-84.5
2026-06-24T23:32:13.400422	138.0	-85.0
2026-06-24T23:32:22.906878	140.0	-82.0
2026-06-24T23:32:22.907591	140.0	-81.5
2026-06-24T23:32:22.908015	137.0	-82.5
2026-06-24T23:32:22.908370	136.0	-82.0
2026-06-24T23:32:22.908714	141.0	-80.5
2026-06-24T23:32:22.909052	137.0	-82.0
2026-06-24T23:32:22.909376	138.0	-80.0
2026-06-24T23:32:22.909864	139.0	-81.5
2026-06-24T23:32:22.910319	133.0	-81.0
2026-06-24T23:32:22.910719	138.0	-81.0
2026-06-24T23:32:22.911117	137.0	-82.0
2026-06-24T23:32:22.911463	140.0	-82.0
2026-06-24T23:32:32.459404	199.0	-86.5
2026-06-24T23:32:32.460149	166.0	-87.5
2026-06-24T23:32:32.460631	166.0	-86.5
2026-06-24T23:32:32.461010	190.0	-86.5
2026-06-24T23:32:32.461355	187.0	-87.0
2026-06-24T23:32:32.461807	144.0	-86.0
2026-06-24T23:32:32.462155	230.0	-84.5
2026-06-24T23:32:32.462498	170.0	-83.5
2026-06-24T23:32:32.462835	155.0	-86.0
2026-06-24T23:32:32.463161	220.0	-85.0
2026-06-24T23:32:32.463506	194.0	-83.0
2026-06-24T23:32:32.463861	120.0	-80.5
2026-06-24T23:32:42.231219	74.0	-65.0
2026-06-24T23:32:42.231880	68.0	-66.5
2026-06-24T23:32:42.232258	65.0	-67.0
2026-06-24T23:32:42.232595	77.0	-65.5
2026-06-24T23:32:42.232935	80.0	-63.5
2026-06-24T23:32:42.233270	79.0	-65.0
2026-06-24T23:32:42.233761	70.0	-65.0
2026-06-24T23:32:42.234163	67.0	-69.0
2026-06-24T23:32:42.234513	73.0	-72.0
2026-06-24T23:32:42.234840	82.0	-68.5
2026-06-24T23:32:51.712262	62.0	-67.5
2026-06-24T23:32:51.713016	68.0	-67.0
2026-06-24T23:32:51.713998	64.0	-66.5
2026-06-24T23:32:51.714546	67.0	-65.5
2026-06-24T23:32:51.715163	72.0	-63.0
2026-06-24T23:32:51.715823	76.0	-64.5
2026-06-24T23:32:51.716438	75.0	-64.5
2026-06-24T23:32:51.717250	72.0	-63.0
2026-06-24T23:32:51.717714	66.0	-65.0
2026-06-24T23:32:51.718070	63.0	-68.0
2026-06-24T23:33:01.384718	77.0	-61.0
2026-06-24T23:33:01.385908	56.0	-69.5
2026-06-24T23:33:01.386624	71.0	-63.0
2026-06-24T23:33:01.387256	67.0	-64.0
2026-06-24T23:33:01.387849	70.0	-64.5
2026-06-24T23:33:01.388430	54.0	-65.0
2026-06-24T23:33:01.388878	80.0	-63.0
2026-06-24T23:33:01.389602	80.0	-63.5
2026-06-24T23:33:01.390129	82.0	-62.0
2026-06-24T23:33:01.390588	82.0	-64.5
2026-06-24T23:33:01.391046	62.0	-66.5
2026-06-24T23:33:10.705724	67.0	-67.0
2026-06-24T23:33:10.706440	71.0	-66.5
2026-06-24T23:33:10.706857	74.0	-66.5
2026-06-24T23:33:10.707208	74.0	-65.0
2026-06-24T23:33:10.707537	69.0	-65.0
2026-06-24T23:33:10.707861	64.0	-68.5
2026-06-24T23:33:10.708194	67.0	-67.0
2026-06-24T23:33:10.708521	71.0	-66.0
2026-06-24T23:33:10.708844	76.0	-65.0
2026-06-24T23:33:10.709164	73.0	-68.0
2026-06-24T23:33:10.709616	74.0	-71.0
2026-06-24T23:33:10.710080	107.0	-71.5
2026-06-24T23:33:20.427161	213.0	-84.0
2026-06-24T23:33:20.427803	218.0	-86.0
2026-06-24T23:33:20.428155	194.0	-87.0
2026-06-24T23:33:20.428488	192.0	-85.5
2026-06-24T23:33:20.428834	196.0	-84.0
2026-06-24T23:33:20.429157	215.0	-84.5
2026-06-24T23:33:20.429597	200.0	-87.5
2026-06-24T23:33:20.430137	196.0	-87.0
2026-06-24T23:33:20.430514	252.0	-85.0
2026-06-24T23:33:20.430962	206.0	-85.5
2026-06-24T23:33:20.431340	202.0	-86.5
2026-06-24T23:33:29.769397	168.0	-85.0
2026-06-24T23:33:29.770188	131.0	-86.5
2026-06-24T23:33:29.770609	158.0	-86.5
2026-06-24T23:33:29.770952	213.0	-85.0
2026-06-24T23:33:29.771272	237.0	-82.0
2026-06-24T23:33:29.771586	204.0	-82.0
2026-06-24T23:33:29.771899	156.0	-85.0
2026-06-24T23:33:29.772217	203.0	-85.0
2026-06-24T23:33:29.772530	230.0	-86.0
2026-06-24T23:33:29.772846	228.0	-85.0
2026-06-24T23:33:29.773157	133.0	-85.5
2026-06-24T23:33:29.773626	130.0	-84.0
2026-06-24T23:33:39.297320	134.0	-90.0
2026-06-24T23:33:39.298105	174.0	-85.5
2026-06-24T23:33:39.298621	146.0	-87.0
2026-06-24T23:33:39.299053	134.0	-86.0
2026-06-24T23:33:39.299463	143.0	-86.0
2026-06-24T23:33:39.299853	158.0	-90.0
2026-06-24T23:33:39.300246	190.0	-90.0
2026-06-24T23:33:39.300632	210.0	-86.0
2026-06-24T23:33:39.301019	194.0	-85.0
2026-06-24T23:33:39.301406	205.0	-86.0
2026-06-24T23:33:39.301901	193.0	-86.5
2026-06-24T23:33:39.302342	159.0	-86.5
2026-06-24T23:33:48.815242	208.0	-87.5
2026-06-24T23:33:48.816341	242.0	-86.5
2026-06-24T23:33:48.816858	179.0	-88.0
2026-06-24T23:33:48.817567	232.0	-86.5
2026-06-24T23:33:48.818060	231.0	-85.0
2026-06-24T23:33:48.818646	228.0	-87.0
2026-06-24T23:33:48.819215	129.0	-86.5
2026-06-24T23:33:48.819668	133.0	-86.5
2026-06-24T23:33:48.820108	251.0	-85.5
2026-06-24T23:33:48.820544	221.0	-85.5
2026-06-24T23:33:48.820972	174.0	-88.0
2026-06-24T23:33:58.799331	77.0	-66.0
2026-06-24T23:33:58.800041	72.0	-65.0
2026-06-24T23:33:58.800510	71.0	-67.0
2026-06-24T23:33:58.800930	69.0	-66.0
2026-06-24T23:33:58.801331	69.0	-65.0
2026-06-24T23:33:58.801828	61.0	-68.0
2026-06-24T23:33:58.802239	65.0	-65.0
2026-06-24T23:33:58.802635	66.0	-64.5
2026-06-24T23:33:58.803043	63.0	-69.0
2026-06-24T23:33:58.803430	59.0	-69.0
2026-06-24T23:34:08.117742	68.0	-69.5
2026-06-24T23:34:08.118487	85.0	-68.5
2026-06-24T23:34:08.118969	80.0	-71.0
2026-06-24T23:34:08.119401	82.0	-71.5
2026-06-24T23:34:08.119821	46.0	-78.0
2026-06-24T23:34:08.120222	52.0	-78.5
2026-06-24T23:34:08.120625	66.0	-72.0
2026-06-24T23:34:08.121014	69.0	-69.0
2026-06-24T23:34:08.121410	78.0	-71.0
2026-06-24T23:34:08.122076	75.0	-61.5
2026-06-24T23:34:08.122542	68.0	-64.5
2026-06-24T23:34:17.844929	77.0	-68.5
2026-06-24T23:34:17.845738	72.0	-70.0
2026-06-24T23:34:17.846158	72.0	-70.5
2026-06-24T23:34:17.846516	81.0	-72.0
2026-06-24T23:34:17.846852	76.0	-70.5
2026-06-24T23:34:17.847191	83.0	-72.5
2026-06-24T23:34:17.847534	85.0	-73.5
2026-06-24T23:34:17.847866	79.0	-70.5
2026-06-24T23:34:17.848199	70.0	-71.5
2026-06-24T23:34:27.152536	64.0	-69.0
2026-06-24T23:34:27.153196	65.0	-70.0
2026-06-24T23:34:27.153740	54.0	-71.5
2026-06-24T23:34:27.154182	54.0	-72.0
2026-06-24T23:34:27.154532	70.0	-70.0
2026-06-24T23:34:27.154863	74.0	-71.5
2026-06-24T23:34:27.155197	47.0	-69.5
2026-06-24T23:34:27.155532	92.0	-71.5
2026-06-24T23:34:27.155864	88.0	-73.5
2026-06-24T23:34:27.156196	66.0	-70.5
2026-06-24T23:34:27.156524	61.0	-72.5
2026-06-24T23:34:27.156856	53.0	-74.0
2026-06-24T23:34:36.925478	58.0	-70.5
2026-06-24T23:34:36.926236	62.0	-71.5
2026-06-24T23:34:36.926642	62.0	-72.5
2026-06-24T23:34:36.926993	62.0	-71.0
2026-06-24T23:34:36.927323	63.0	-70.0
2026-06-24T23:34:36.927647	61.0	-69.0
2026-06-24T23:34:36.927971	61.0	-70.0
2026-06-24T23:34:36.928295	60.0	-70.0
2026-06-24T23:34:36.928612	61.0	-71.0
2026-06-24T23:34:36.928930	60.0	-70.0
2026-06-24T23:34:36.929260	56.0	-69.5
2026-06-24T23:34:46.328565	220.0	-83.5
2026-06-24T23:34:46.329234	173.0	-82.5
2026-06-24T23:34:46.329771	172.0	-82.5
2026-06-24T23:34:46.330329	192.0	-83.0
2026-06-24T23:34:46.330751	218.0	-82.5
2026-06-24T23:34:46.331158	231.0	-83.0
2026-06-24T23:34:46.331554	125.0	-83.0
2026-06-24T23:34:46.331947	149.0	-84.0
2026-06-24T23:34:46.332336	214.0	-85.0
2026-06-24T23:34:46.332724	214.0	-86.0
2026-06-24T23:34:46.333107	208.0	-85.0
2026-06-24T23:34:55.982978	137.0	-84.5
2026-06-24T23:34:55.983642	144.0	-85.0
2026-06-24T23:34:55.984000	195.0	-85.0
2026-06-24T23:34:55.984335	190.0	-85.0
2026-06-24T23:34:55.984662	179.0	-82.5
2026-06-24T23:34:55.984999	140.0	-86.5
2026-06-24T23:34:55.985380	145.0	-84.5
2026-06-24T23:34:55.986045	148.0	-85.0
2026-06-24T23:34:55.986466	172.0	-84.5
2026-06-24T23:34:55.986812	185.0	-85.0
2026-06-24T23:35:05.291772	239.0	-76.5
2026-06-24T23:35:05.292518	214.0	-77.0
2026-06-24T23:35:05.292933	226.0	-77.0
2026-06-24T23:35:05.293508	236.0	-78.5
2026-06-24T23:35:05.293991	236.0	-78.0
2026-06-24T23:35:05.294345	222.0	-81.5
2026-06-24T23:35:05.294692	156.0	-81.0
2026-06-24T23:35:05.295026	173.0	-81.0
2026-06-24T23:35:05.295352	126.0	-83.5
2026-06-24T23:35:05.295716	138.0	-85.5
2026-06-24T23:35:05.296051	132.0	-84.5
2026-06-24T23:35:05.296941	247.0	-85.0
2026-06-24T23:35:14.854734	193.0	-86.5
2026-06-24T23:35:14.858714	215.0	-84.5
2026-06-24T23:35:14.859420	197.0	-88.0
2026-06-24T23:35:14.860228	121.0	-86.5
2026-06-24T23:35:14.860840	151.0	-87.0
2026-06-24T23:35:14.861409	150.0	-85.5
2026-06-24T23:35:14.862064	149.0	-87.0
2026-06-24T23:35:14.863578	248.0	-86.0
2026-06-24T23:35:14.864058	177.0	-86.5
2026-06-24T23:35:14.864629	137.0	-90.0
2026-06-24T23:35:14.865183	145.0	-88.5
2026-06-24T23:35:14.866191	137.0	-86.0
2026-06-24T23:35:24.676082	79.0	-69.5
2026-06-24T23:35:24.676839	77.0	-66.5
2026-06-24T23:35:24.677364	79.0	-68.0
2026-06-24T23:35:24.677874	65.0	-71.0
2026-06-24T23:35:24.678286	63.0	-70.0
2026-06-24T23:35:24.678689	73.0	-68.0
2026-06-24T23:35:24.679077	73.0	-68.0
2026-06-24T23:35:24.679471	68.0	-64.5
2026-06-24T23:35:24.679872	65.0	-67.5
2026-06-24T23:35:24.680379	69.0	-66.0
2026-06-24T23:35:34.112651	61.0	-66.0
2026-06-24T23:35:34.113309	57.0	-71.0
2026-06-24T23:35:34.113844	57.0	-70.0
2026-06-24T23:35:34.114245	66.0	-68.0
2026-06-24T23:35:34.114586	66.0	-67.0
2026-06-24T23:35:34.114913	61.0	-67.5
2026-06-24T23:35:34.115254	65.0	-68.0
2026-06-24T23:35:34.115578	59.0	-70.5
2026-06-24T23:35:34.115910	64.0	-66.0
2026-06-24T23:35:34.116234	64.0	-68.0
2026-06-24T23:35:43.813602	61.0	-71.5
2026-06-24T23:35:43.814335	61.0	-71.0
2026-06-24T23:35:43.814814	61.0	-71.0
2026-06-24T23:35:43.815242	63.0	-68.5
2026-06-24T23:35:43.815665	57.0	-69.5
2026-06-24T23:35:43.816072	62.0	-69.0
2026-06-24T23:35:43.816464	59.0	-70.0
2026-06-24T23:35:43.816852	62.0	-70.5
2026-06-24T23:35:43.817252	63.0	-70.5
2026-06-24T23:35:43.817692	56.0	-72.0
2026-06-24T23:35:53.314552	66.0	-66.0
2026-06-24T23:35:53.315401	63.0	-67.0
2026-06-24T23:35:53.315935	58.0	-67.5
2026-06-24T23:35:53.316485	57.0	-68.5
2026-06-24T23:35:53.317071	61.0	-67.5
2026-06-24T23:35:53.317978	61.0	-68.5
2026-06-24T23:35:53.318994	55.0	-72.5
2026-06-24T23:35:53.319925	77.0	-69.5
2026-06-24T23:35:53.320820	64.0	-69.0
2026-06-24T23:35:53.322293	64.0	-69.0
2026-06-24T23:35:53.322992	61.0	-69.5
2026-06-24T23:36:02.833966	106.0	-73.5
2026-06-24T23:36:02.834648	106.0	-74.0
2026-06-24T23:36:02.835017	105.0	-74.5
2026-06-24T23:36:02.835367	100.0	-75.0
2026-06-24T23:36:02.835699	96.0	-74.5
2026-06-24T23:36:02.836035	104.0	-75.5
2026-06-24T23:36:02.836368	105.0	-71.5
2026-06-24T23:36:02.836703	94.0	-79.0
2026-06-24T23:36:02.837030	101.0	-74.0
2026-06-24T23:36:02.837355	102.0	-73.0
2026-06-24T23:36:02.837910	100.0	-78.5
2026-06-24T23:54:19.849116	101.0	-75.5
2026-06-24T23:54:19.850128	102.0	-75.5
2026-06-24T23:54:19.850765	95.0	-76.5
2026-06-24T23:54:19.851357	100.0	-75.5
2026-06-24T23:54:19.851884	100.0	-79.0
2026-06-24T23:54:19.852345	103.0	-80.5
2026-06-24T23:54:29.446792	116.0	-78.5
2026-06-24T23:54:29.447605	117.0	-80.5
2026-06-24T23:54:29.448131	134.0	-78.0
2026-06-24T23:54:29.448488	135.0	-79.0
2026-06-24T23:54:29.448833	124.0	-77.0
2026-06-24T23:54:29.449165	122.0	-80.0
2026-06-24T23:54:29.449612	122.0	-82.0
2026-06-24T23:54:29.450063	120.0	-81.0
2026-06-24T23:54:29.450436	116.0	-80.5
2026-06-24T23:54:29.450783	112.0	-82.5
2026-06-24T23:54:38.937856	145.0	-78.0
2026-06-24T23:54:38.938506	145.0	-77.5
2026-06-24T23:54:38.938889	152.0	-79.0
2026-06-24T23:54:38.939232	152.0	-75.0
2026-06-24T23:54:38.939559	155.0	-70.0
2026-06-24T23:54:38.939882	181.0	-72.5
2026-06-24T23:54:38.940216	182.0	-71.5
2026-06-24T23:54:38.940551	163.0	-69.5
2026-06-24T23:54:38.940887	167.0	-70.5
2026-06-24T23:54:38.941224	149.0	-69.5
2026-06-24T23:54:38.941795	170.0	-71.0
2026-06-24T23:54:38.942276	193.0	-74.5
2026-06-24T23:54:48.445216	192.0	-84.0
2026-06-24T23:54:48.445986	184.0	-73.0
2026-06-24T23:54:48.446396	185.0	-78.0
2026-06-24T23:54:48.446722	185.0	-79.5
2026-06-24T23:54:48.447057	155.0	-83.5
2026-06-24T23:54:48.447381	196.0	-80.0
2026-06-24T23:54:48.447709	191.0	-82.5
2026-06-24T23:54:48.448035	172.0	-82.5
2026-06-24T23:54:48.448355	167.0	-80.0
2026-06-24T23:54:48.448664	173.0	-77.5
2026-06-24T23:54:48.448991	181.0	-76.0
2026-06-24T23:54:48.449297	142.0	-73.5
2026-06-24T23:54:57.989313	188.0	-84.5
2026-06-24T23:54:57.990388	195.0	-85.0
2026-06-24T23:54:57.991275	261.0	-85.0
2026-06-24T23:54:57.991753	202.0	-84.0
2026-06-24T23:54:57.992403	209.0	-88.0
2026-06-24T23:54:57.993026	190.0	-87.0
2026-06-24T23:54:57.994160	265.0	-86.0
2026-06-24T23:54:57.995021	197.0	-86.0
2026-06-24T23:54:57.995839	187.0	-86.5
2026-06-24T23:54:57.997200	194.0	-84.0
2026-06-24T23:54:57.998173	206.0	-84.5
2026-06-24T23:54:57.998601	203.0	-84.5
2026-06-24T23:55:07.692475	113.0	-78.5
2026-06-24T23:55:07.693239	123.0	-75.0
2026-06-24T23:55:07.693815	122.0	-77.5
2026-06-24T23:55:07.694275	122.0	-73.0
2026-06-24T23:55:07.694691	128.0	-72.0
2026-06-24T23:55:07.695091	132.0	-75.5
2026-06-24T23:55:07.695494	142.0	-83.0
2026-06-24T23:55:07.695892	147.0	-79.5
2026-06-24T23:55:07.696285	140.0	-80.0
2026-06-24T23:55:07.696671	171.0	-85.5
2026-06-24T23:55:07.697108	151.0	-86.5
2026-06-24T23:55:17.044087	132.0	-83.5
2026-06-24T23:55:17.044823	115.0	-87.0
2026-06-24T23:55:17.045240	152.0	-86.0
2026-06-24T23:55:17.045686	172.0	-83.5
2026-06-24T23:55:17.046109	163.0	-85.0
2026-06-24T23:55:17.046449	155.0	-85.0
2026-06-24T23:55:17.046775	152.0	-81.5
2026-06-24T23:55:17.047113	171.0	-87.0
2026-06-24T23:55:17.047433	178.0	-83.5
2026-06-24T23:55:17.047761	148.0	-83.0
2026-06-24T23:55:17.048079	229.0	-83.0
2026-06-24T23:55:17.048403	154.0	-81.0
2026-06-24T23:55:26.840022	128.0	-83.0
2026-06-24T23:55:26.840674	178.0	-82.0
2026-06-24T23:55:26.841027	135.0	-83.5
2026-06-24T23:55:26.841383	134.0	-85.5
2026-06-24T23:55:26.841931	122.0	-84.5
2026-06-24T23:55:26.842321	161.0	-83.0
2026-06-24T23:55:26.842651	166.0	-84.0
2026-06-24T23:55:26.842982	160.0	-86.5
2026-06-24T23:55:26.843315	216.0	-83.5
2026-06-24T23:55:26.843645	165.0	-84.0
2026-06-24T23:55:26.843974	144.0	-82.5
2026-06-24T23:55:36.240254	152.0	-86.5
2026-06-24T23:55:36.240912	127.0	-85.5
2026-06-24T23:55:36.241292	130.0	-84.0
2026-06-24T23:55:36.241806	125.0	-86.5
2026-06-24T23:55:36.242234	122.0	-84.5
2026-06-24T23:55:36.242584	176.0	-83.5
2026-06-24T23:55:36.242927	209.0	-83.5
2026-06-24T23:55:36.243269	125.0	-85.5
2026-06-24T23:55:36.243606	136.0	-86.5
2026-06-24T23:55:36.243936	202.0	-83.5
2026-06-24T23:55:36.244266	162.0	-85.5
2026-06-24T23:55:36.244600	131.0	-87.0
2026-06-24T23:55:45.800562	196.0	-83.5
2026-06-24T23:55:45.801322	145.0	-86.0
2026-06-24T23:55:45.801812	204.0	-87.0
2026-06-24T23:55:45.802168	154.0	-86.5
2026-06-24T23:55:45.802516	247.0	-84.5
2026-06-24T23:55:45.802852	155.0	-86.5
2026-06-24T23:55:45.803185	118.0	-86.0
2026-06-24T23:55:45.803514	162.0	-84.0
2026-06-24T23:55:45.803837	210.0	-81.0
2026-06-24T23:55:45.804162	205.0	-86.5
2026-06-24T23:55:45.804503	223.0	-83.5
2026-06-24T23:55:45.804829	151.0	-83.0
2026-06-24T23:55:55.487787	120.0	-86.5
2026-06-24T23:55:55.488458	161.0	-86.0
2026-06-24T23:55:55.488818	96.0	-85.0
2026-06-24T23:55:55.489154	103.0	-85.0
2026-06-24T23:55:55.489620	99.0	-85.5
2026-06-24T23:55:55.490119	111.0	-85.0
2026-06-24T23:55:55.490556	229.0	-84.0
2026-06-24T23:55:55.490952	239.0	-85.5
2026-06-24T23:55:55.491352	252.0	-83.5
2026-06-24T23:55:55.491754	211.0	-84.5
2026-06-24T23:55:55.492158	240.0	-83.5
2026-06-24T23:56:05.117186	164.0	-83.0
2026-06-24T23:56:05.117976	176.0	-86.5
2026-06-24T23:56:05.118484	137.0	-83.5
2026-06-24T23:56:05.118916	156.0	-83.0
2026-06-24T23:56:05.119340	115.0	-83.5
2026-06-24T23:56:05.119748	114.0	-83.0
2026-06-24T23:56:05.120191	123.0	-82.5
2026-06-24T23:56:05.120726	122.0	-83.5
2026-06-24T23:56:05.121257	116.0	-85.5
2026-06-24T23:56:05.121847	111.0	-85.5
2026-06-24T23:56:14.463412	115.0	-80.0
2026-06-24T23:56:14.464544	129.0	-78.5
2026-06-24T23:56:14.465190	137.0	-80.5
2026-06-24T23:56:14.465878	142.0	-78.5
2026-06-24T23:56:14.466471	141.0	-79.5
2026-06-24T23:56:14.467010	133.0	-77.0
2026-06-24T23:56:14.467439	113.0	-80.5
2026-06-24T23:56:14.467845	110.0	-81.5
2026-06-24T23:56:14.468209	101.0	-79.5
2026-06-24T23:56:14.468619	109.0	-78.5
2026-06-24T23:56:14.469308	107.0	-81.5
2026-06-24T23:56:14.470525	120.0	-81.5
2026-06-24T23:56:24.175737	177.0	-85.0
2026-06-24T23:56:24.176473	114.0	-86.5
2026-06-24T23:56:24.176980	208.0	-84.5
2026-06-24T23:56:24.177469	163.0	-84.0
2026-06-24T23:56:24.177911	256.0	-81.0
2026-06-24T23:56:24.178314	145.0	-83.0
2026-06-24T23:56:24.178703	146.0	-83.5
2026-06-24T23:56:24.179110	135.0	-83.5
2026-06-24T23:56:24.179510	116.0	-72.0
2026-06-24T23:56:24.179899	109.0	-72.5
2026-06-24T23:56:24.180349	59.0	-71.0
2026-06-24T23:56:33.520798	67.0	-64.5
2026-06-24T23:56:33.521980	71.0	-61.5
2026-06-24T23:56:33.522536	62.0	-63.0
2026-06-24T23:56:33.523175	63.0	-65.0
2026-06-24T23:56:33.523602	60.0	-65.5
2026-06-24T23:56:33.524179	68.0	-63.0
2026-06-24T23:56:33.524751	53.0	-66.0
2026-06-24T23:56:33.525178	71.0	-61.5
2026-06-24T23:56:33.525895	75.0	-60.0
2026-06-24T23:56:33.526377	70.0	-63.0
2026-06-24T23:56:33.527008	77.0	-69.0
2026-06-24T23:56:33.527478	80.0	-67.0
2026-06-24T23:56:43.078949	77.0	-66.0
2026-06-24T23:56:43.080107	73.0	-69.0
2026-06-24T23:56:43.080823	71.0	-68.0
2026-06-24T23:56:43.081215	74.0	-66.0
2026-06-24T23:56:43.081638	73.0	-69.5
2026-06-24T23:56:43.082014	69.0	-68.0
2026-06-24T23:56:43.082346	79.0	-69.5
2026-06-24T23:56:43.082692	82.0	-64.0
2026-06-24T23:56:43.083828	83.0	-68.0
2026-06-24T23:56:43.084708	93.0	-69.0
2026-06-24T23:56:43.086253	69.0	-70.5
2026-06-24T23:56:43.087178	74.0	-67.0
2026-06-24T23:56:52.892731	58.0	-74.0
2026-06-24T23:56:52.893393	71.0	-62.0
2026-06-24T23:56:52.894046	68.0	-66.0
2026-06-24T23:56:52.894487	68.0	-66.5
2026-06-24T23:56:52.894915	62.0	-65.5
2026-06-24T23:56:52.895321	62.0	-65.5
2026-06-24T23:56:52.895718	64.0	-69.5
2026-06-24T23:56:52.896115	63.0	-74.0
2026-06-24T23:56:52.896500	71.0	-69.0
2026-06-24T23:56:52.896881	69.0	-68.0
2026-06-24T23:56:52.897519	67.0	-69.5
2026-06-24T23:57:02.411110	72.0	-65.5
2026-06-24T23:57:02.411801	67.0	-66.5
2026-06-24T23:57:02.412166	61.0	-67.0
2026-06-24T23:57:02.412502	70.0	-66.0
2026-06-24T23:57:02.412830	62.0	-68.5
2026-06-24T23:57:02.413167	65.0	-66.5
2026-06-24T23:57:02.413681	68.0	-68.0
2026-06-24T23:57:02.414123	69.0	-70.5
2026-06-24T23:57:02.414518	78.0	-71.0
2026-06-24T23:57:02.414852	71.0	-67.5
2026-06-24T23:57:02.415189	69.0	-66.5
2026-06-24T23:57:11.764069	69.0	-68.5
2026-06-24T23:57:11.765175	81.0	-67.5
2026-06-24T23:57:11.765760	77.0	-66.5
2026-06-24T23:57:11.766425	73.0	-64.0
2026-06-24T23:57:11.766856	67.0	-66.0
2026-06-24T23:57:11.767424	64.0	-65.0
2026-06-24T23:57:11.767992	62.0	-65.0
2026-06-24T23:57:11.768418	63.0	-66.0
2026-06-24T23:57:11.768848	68.0	-66.0
2026-06-24T23:57:11.769270	71.0	-66.0
2026-06-24T23:57:11.769724	69.0	-69.0
2026-06-24T23:57:11.770155	76.0	-70.0
2026-06-24T23:57:21.641975	244.0	-83.0
2026-06-24T23:57:21.642701	230.0	-85.5
2026-06-24T23:57:21.643205	232.0	-83.5
2026-06-24T23:57:21.643647	175.0	-86.5
2026-06-24T23:57:21.644067	272.0	-84.0
2026-06-24T23:57:21.644467	288.0	-87.5
2026-06-24T23:57:21.644870	247.0	-86.0
2026-06-24T23:57:21.645263	267.0	-84.0
2026-06-24T23:57:21.645858	210.0	-82.5
2026-06-24T23:57:21.646330	271.0	-83.0
2026-06-24T23:57:31.173171	259.0	-83.0
2026-06-24T23:57:31.173885	257.0	-82.5
2026-06-24T23:57:31.174273	263.0	-81.5
2026-06-24T23:57:31.174619	256.0	-82.5
2026-06-24T23:57:31.174957	258.0	-81.5
2026-06-24T23:57:31.175294	256.0	-83.0
2026-06-24T23:57:31.175619	259.0	-82.5
2026-06-24T23:57:31.175956	256.0	-82.5
2026-06-24T23:57:31.176286	258.0	-83.5
2026-06-24T23:57:31.176616	257.0	-84.0
2026-06-24T23:57:40.488156	184.0	-80.0
2026-06-24T23:57:40.488890	187.0	-81.5
2026-06-24T23:57:40.489557	196.0	-81.5
2026-06-24T23:57:40.490023	196.0	-79.0
2026-06-24T23:57:40.490434	200.0	-84.5
2026-06-24T23:57:40.490900	201.0	-84.0
2026-06-24T23:57:40.491279	203.0	-82.0
2026-06-24T23:57:40.491655	201.0	-85.0
2026-06-24T23:57:40.492023	202.0	-84.5
2026-06-24T23:57:40.492511	206.0	-84.0
2026-06-24T23:57:40.493134	203.0	-87.5
2026-06-24T23:57:40.493721	195.0	-86.5
2026-06-24T23:57:50.001928	199.0	-81.5
2026-06-24T23:57:50.002678	198.0	-81.0
2026-06-24T23:57:50.003163	203.0	-81.5
2026-06-24T23:57:50.003605	201.0	-80.5
2026-06-24T23:57:50.004024	199.0	-80.5
2026-06-24T23:57:50.004433	201.0	-81.5
2026-06-24T23:57:50.004835	202.0	-81.5
2026-06-24T23:57:50.005237	201.0	-81.5
2026-06-24T23:57:50.005691	201.0	-81.0
2026-06-24T23:57:50.006144	199.0	-81.0
2026-06-24T23:57:50.006563	204.0	-80.0
2026-06-24T23:57:50.006985	198.0	-81.0
2026-06-24T23:57:59.780898	187.0	-83.0
2026-06-24T23:57:59.782465	188.0	-85.0
2026-06-24T23:57:59.783320	176.0	-86.5
2026-06-24T23:57:59.784434	203.0	-86.0
2026-06-24T23:57:59.785204	190.0	-83.5
2026-06-24T23:57:59.786414	182.0	-83.0
2026-06-24T23:57:59.787629	183.0	-79.5
2026-06-24T23:57:59.788471	181.0	-78.5
2026-06-24T23:57:59.789659	179.0	-78.0
2026-06-24T23:57:59.790916	183.0	-83.5
2026-06-24T23:57:59.791729	178.0	-79.0
2026-06-24T23:58:09.075795	179.0	-83.0
2026-06-24T23:58:09.076459	193.0	-82.5
2026-06-24T23:58:09.076836	195.0	-86.0
2026-06-24T23:58:09.077176	212.0	-83.0
2026-06-24T23:58:09.077644	182.0	-83.5
2026-06-24T23:58:09.078055	174.0	-84.5
2026-06-24T23:58:09.078398	175.0	-81.0
2026-06-24T23:58:09.078733	166.0	-82.5
2026-06-24T23:58:09.079071	167.0	-84.0
2026-06-24T23:58:09.079395	177.0	-83.0
2026-06-24T23:58:09.079717	180.0	-82.5
2026-06-24T23:58:18.804330	228.0	-82.5
2026-06-24T23:58:18.805084	240.0	-84.0
2026-06-24T23:58:18.805584	245.0	-84.0
2026-06-24T23:58:18.806046	246.0	-81.0
2026-06-24T23:58:18.806402	214.0	-84.5
2026-06-24T23:58:18.806747	228.0	-80.5
2026-06-24T23:58:18.807084	194.0	-79.0
2026-06-24T23:58:18.807415	187.0	-78.0
2026-06-24T23:58:18.807742	188.0	-78.5
2026-06-24T23:58:18.808079	191.0	-76.5
2026-06-24T23:58:18.808413	183.0	-75.5
2026-06-24T23:58:28.302923	63.0	-68.0
2026-06-24T23:58:28.303895	61.0	-67.5
2026-06-24T23:58:28.304709	67.0	-66.0
2026-06-24T23:58:28.305175	62.0	-66.0
2026-06-24T23:58:28.305623	68.0	-66.5
2026-06-24T23:58:28.306084	68.0	-66.0
2026-06-24T23:58:28.306478	63.0	-66.5
2026-06-24T23:58:28.306840	64.0	-66.5
2026-06-24T23:58:28.307181	66.0	-66.5
2026-06-24T23:58:28.307520	65.0	-66.5
2026-06-24T23:58:28.308087	65.0	-67.0
2026-06-24T23:58:28.308573	65.0	-67.5
2026-06-24T23:58:37.777845	76.0	-65.5
2026-06-24T23:58:37.778671	69.0	-67.5
2026-06-24T23:58:37.779189	55.0	-70.5
2026-06-24T23:58:37.779578	64.0	-69.0
2026-06-24T23:58:37.779939	74.0	-65.0
2026-06-24T23:58:37.780295	68.0	-67.5
2026-06-24T23:58:37.780660	65.0	-68.5
2026-06-24T23:58:37.781028	61.0	-69.0
2026-06-24T23:58:37.781381	64.0	-69.5
2026-06-24T23:58:37.782052	60.0	-69.0
2026-06-24T23:58:37.782598	68.0	-67.5
2026-06-24T23:58:37.783096	62.0	-69.5
2026-06-24T23:58:47.416791	71.0	-69.5
2026-06-24T23:58:47.417604	73.0	-67.0
2026-06-24T23:58:47.418143	65.0	-68.5
2026-06-24T23:58:47.418587	62.0	-69.0
2026-06-24T23:58:47.418990	60.0	-68.0
2026-06-24T23:58:47.419380	72.0	-66.0
2026-06-24T23:58:47.419766	75.0	-65.0
2026-06-24T23:58:47.420158	75.0	-65.0
2026-06-24T23:58:47.420542	72.0	-66.0
2026-06-24T23:58:47.420923	73.0	-65.0
2026-06-24T23:58:47.421715	71.0	-65.5
2026-06-24T23:58:47.422261	74.0	-65.5
2026-06-24T23:58:56.948772	93.0	-71.0
2026-06-24T23:58:56.949523	99.0	-70.5
2026-06-24T23:58:56.950051	73.0	-69.5
2026-06-24T23:58:56.950442	74.0	-66.5
2026-06-24T23:58:56.950784	58.0	-70.0
2026-06-24T23:58:56.951113	63.0	-69.5
2026-06-24T23:58:56.951449	64.0	-67.5
2026-06-24T23:58:56.951786	68.0	-65.5
2026-06-24T23:58:56.952120	63.0	-66.0
2026-06-24T23:58:56.952442	60.0	-66.5
2026-06-24T23:58:56.952778	61.0	-68.0
2026-06-24T23:58:56.953134	63.0	-66.5
2026-06-24T23:59:06.507335	71.0	-69.5
2026-06-24T23:59:06.507994	65.0	-72.5
2026-06-24T23:59:06.508369	61.0	-71.5
2026-06-24T23:59:06.508713	66.0	-73.5
2026-06-24T23:59:06.509051	65.0	-70.0
2026-06-24T23:59:06.509383	71.0	-69.0
2026-06-24T23:59:06.509918	76.0	-67.5
2026-06-24T23:59:06.510382	73.0	-68.5
2026-06-24T23:59:06.510718	72.0	-67.0
2026-06-24T23:59:06.511033	76.0	-66.5
2026-06-24T23:59:06.511360	78.0	-66.5
2026-06-24T23:59:06.511680	71.0	-68.0
2026-06-24T23:59:16.026751	69.0	-63.0
2026-06-24T23:59:16.027485	68.0	-62.5
2026-06-24T23:59:16.027910	62.0	-68.5
2026-06-24T23:59:16.028256	58.0	-67.5
2026-06-24T23:59:16.028588	69.0	-68.0
2026-06-24T23:59:16.028904	73.0	-65.5
2026-06-24T23:59:16.029227	79.0	-67.0
2026-06-24T23:59:16.029621	84.0	-68.5
2026-06-24T23:59:16.029993	92.0	-70.0
2026-06-24T23:59:16.030311	98.0	-70.0
2026-06-24T23:59:16.030638	106.0	-69.0
2026-06-24T23:59:16.030954	56.0	-72.5
2026-06-24T23:59:25.648270	202.0	-84.5
2026-06-24T23:59:25.649023	129.0	-86.0
2026-06-24T23:59:25.649481	115.0	-84.5
2026-06-24T23:59:25.649912	108.0	-84.5
2026-06-24T23:59:25.650310	113.0	-85.0
2026-06-24T23:59:25.650649	115.0	-84.0
2026-06-24T23:59:25.650979	115.0	-83.5
2026-06-24T23:59:25.651320	124.0	-84.5
2026-06-24T23:59:25.651654	142.0	-82.5
2026-06-24T23:59:25.651991	120.0	-84.0
2026-06-24T23:59:25.652321	118.0	-84.5
2026-06-24T23:59:35.188963	130.0	-85.5
2026-06-24T23:59:35.189791	192.0	-84.0
2026-06-24T23:59:35.190288	205.0	-85.0
2026-06-24T23:59:35.190716	188.0	-85.5
2026-06-24T23:59:35.191136	229.0	-86.0
2026-06-24T23:59:35.191557	229.0	-82.0
2026-06-24T23:59:35.191967	183.0	-80.5
2026-06-24T23:59:35.192383	199.0	-85.0
2026-06-24T23:59:35.192769	123.0	-86.0
2026-06-24T23:59:35.193155	168.0	-86.5
2026-06-24T23:59:35.193611	128.0	-86.5
2026-06-24T23:59:35.194062	110.0	-85.0
2026-06-24T23:59:44.720742	164.0	-85.5
2026-06-24T23:59:44.721505	128.0	-87.5
2026-06-24T23:59:44.722015	133.0	-85.0
2026-06-24T23:59:44.722401	131.0	-85.5
2026-06-24T23:59:44.722757	132.0	-85.5
2026-06-24T23:59:44.723128	189.0	-85.5
2026-06-24T23:59:44.723529	218.0	-82.0
2026-06-24T23:59:44.723908	126.0	-85.0
2026-06-24T23:59:44.724246	165.0	-84.0
2026-06-24T23:59:44.724580	235.0	-84.5
2026-06-24T23:59:44.724932	125.0	-86.0
2026-06-24T23:59:44.725294	134.0	-84.0
2026-06-24T23:59:54.237843	180.0	-85.5
2026-06-24T23:59:54.239034	212.0	-84.5
2026-06-24T23:59:54.239524	109.0	-85.5
2026-06-24T23:59:54.240870	109.0	-83.5
2026-06-24T23:59:54.241942	106.0	-83.5
2026-06-24T23:59:54.243997	112.0	-84.0
2026-06-24T23:59:54.245625	117.0	-85.5
2026-06-24T23:59:54.246635	112.0	-83.5
2026-06-24T23:59:54.247269	198.0	-84.0
2026-06-24T23:59:54.247831	148.0	-83.0
2026-06-24T23:59:54.248393	155.0	-86.5
2026-06-24T23:59:54.248971	133.0	-87.5
2026-06-25T00:00:04.013024	175.0	-80.5
2026-06-25T00:00:04.013855	196.0	-79.0
2026-06-25T00:00:04.014277	186.0	-80.0
2026-06-25T00:00:04.014620	193.0	-80.5
2026-06-25T00:00:04.014968	189.0	-84.0
2026-06-25T00:00:04.015302	210.0	-79.0
2026-06-25T00:00:04.015631	206.0	-83.5
2026-06-25T00:00:04.015972	219.0	-83.5
2026-06-25T00:00:04.016306	220.0	-82.0
2026-06-25T00:00:04.016630	243.0	-86.0
2026-06-25T00:00:04.016959	247.0	-85.0
2026-06-25T00:00:13.358860	181.0	-72.0
2026-06-25T00:00:13.359520	178.0	-73.0
2026-06-25T00:00:13.359893	184.0	-72.5
2026-06-25T00:00:13.360256	177.0	-73.0
2026-06-25T00:00:13.360589	180.0	-73.0
2026-06-25T00:00:13.360916	183.0	-73.0
2026-06-25T00:00:13.361242	179.0	-71.5
2026-06-25T00:00:13.361689	175.0	-70.5
2026-06-25T00:00:13.362229	178.0	-72.5
2026-06-25T00:00:13.362610	184.0	-73.0
2026-06-25T00:00:13.362947	184.0	-71.5
2026-06-25T00:00:13.363296	184.0	-74.0
2026-06-25T00:00:23.220750	190.0	-72.0
2026-06-25T00:00:23.221363	195.0	-74.5
2026-06-25T00:00:23.221817	197.0	-71.0
2026-06-25T00:00:23.222155	195.0	-71.0
2026-06-25T00:00:23.222471	200.0	-72.5
2026-06-25T00:00:23.222784	197.0	-73.0
2026-06-25T00:00:23.223083	191.0	-71.5
2026-06-25T00:00:23.223391	192.0	-71.0
2026-06-25T00:00:23.223685	197.0	-72.0
2026-06-25T00:00:23.223979	198.0	-73.0
2026-06-25T00:00:32.503475	184.0	-75.0
2026-06-25T00:00:32.504592	187.0	-74.0
2026-06-25T00:00:32.505294	185.0	-76.0
2026-06-25T00:00:32.506030	182.0	-74.5
2026-06-25T00:00:32.506498	183.0	-76.0
2026-06-25T00:00:32.507076	182.0	-73.5
2026-06-25T00:00:32.507962	180.0	-73.5
2026-06-25T00:00:32.508909	188.0	-78.0
2026-06-25T00:00:32.509744	188.0	-78.5
2026-06-25T00:00:32.510576	188.0	-76.0
2026-06-25T00:00:42.042383	158.0	-79.0
2026-06-25T00:00:42.043513	157.0	-77.0
2026-06-25T00:00:42.044235	159.0	-73.0
2026-06-25T00:00:42.044888	168.0	-70.0
2026-06-25T00:00:42.045330	168.0	-66.0
2026-06-25T00:00:42.046197	168.0	-67.5
2026-06-25T00:00:42.046783	170.0	-69.5
2026-06-25T00:00:42.047187	170.0	-68.5
2026-06-25T00:00:42.047543	168.0	-67.0
2026-06-25T00:00:42.047878	171.0	-69.5
2026-06-25T00:00:42.048217	180.0	-70.5
2026-06-25T00:00:42.048556	177.0	-74.5
2026-06-25T00:00:51.805860	186.0	-77.0
2026-06-25T00:00:51.806572	192.0	-74.5
2026-06-25T00:00:51.806990	195.0	-74.5
2026-06-25T00:00:51.807352	197.0	-74.5
2026-06-25T00:00:51.807694	198.0	-72.0
2026-06-25T00:00:51.808024	200.0	-72.5
2026-06-25T00:00:51.808360	199.0	-73.5
2026-06-25T00:00:51.808708	200.0	-75.0
2026-06-25T00:00:51.809031	200.0	-74.5
2026-06-25T00:01:01.400321	188.0	-71.5
2026-06-25T00:01:01.401159	192.0	-71.5
2026-06-25T00:01:01.401834	187.0	-71.5
2026-06-25T00:01:01.402468	192.0	-71.0
2026-06-25T00:01:01.403377	190.0	-70.5
2026-06-25T00:01:01.404261	191.0	-70.5
2026-06-25T00:01:01.405137	189.0	-74.5
2026-06-25T00:01:01.405985	184.0	-74.0
2026-06-25T00:01:01.406456	189.0	-73.0
2026-06-25T00:01:01.406863	189.0	-74.0
2026-06-25T00:01:01.407248	191.0	-73.5
2026-06-25T00:01:10.701546	185.0	-72.0
2026-06-25T00:01:10.702263	188.0	-74.0
2026-06-25T00:01:10.702674	183.0	-72.5
2026-06-25T00:01:10.703039	188.0	-72.5
2026-06-25T00:01:10.703377	190.0	-70.5
2026-06-25T00:01:10.703748	194.0	-71.0
2026-06-25T00:01:10.704201	194.0	-70.5
2026-06-25T00:01:10.704643	197.0	-69.5
2026-06-25T00:01:10.705053	195.0	-70.5
2026-06-25T00:01:10.705494	198.0	-71.5
2026-06-25T00:01:10.705921	196.0	-71.5
2026-06-25T00:01:10.706335	198.0	-73.5
2026-06-25T00:01:20.404519	187.0	-74.5
2026-06-25T00:01:20.405208	186.0	-71.5
2026-06-25T00:01:20.405716	188.0	-70.0
2026-06-25T00:01:20.406151	186.0	-70.0
2026-06-25T00:01:20.406507	187.0	-71.0
2026-06-25T00:01:20.406832	187.0	-72.0
2026-06-25T00:01:20.407160	187.0	-70.5
2026-06-25T00:01:20.407503	186.0	-71.5
2026-06-25T00:01:20.407839	188.0	-70.5
2026-06-25T00:01:20.408173	185.0	-70.0
2026-06-25T00:01:20.408500	190.0	-69.5
2026-06-25T00:01:29.863875	189.0	-75.0
2026-06-25T00:01:29.864592	182.0	-72.5
2026-06-25T00:01:29.865025	178.0	-74.5
2026-06-25T00:01:29.865379	186.0	-73.0
2026-06-25T00:01:29.865869	187.0	-74.5
2026-06-25T00:01:29.866272	178.0	-74.0
2026-06-25T00:01:29.866616	183.0	-75.0
2026-06-25T00:01:29.866948	189.0	-73.0
2026-06-25T00:01:29.867274	184.0	-74.0
2026-06-25T00:01:29.867599	191.0	-73.5
2026-06-25T00:01:29.867929	187.0	-74.0
2026-06-25T00:01:39.427906	173.0	-71.0
2026-06-25T00:01:39.428582	177.0	-70.5
2026-06-25T00:01:39.428978	175.0	-71.0
2026-06-25T00:01:39.429319	175.0	-70.5
2026-06-25T00:01:39.429759	172.0	-70.5
2026-06-25T00:01:39.430114	170.0	-69.5
2026-06-25T00:01:39.430461	173.0	-70.5
2026-06-25T00:01:39.430808	173.0	-70.5
2026-06-25T00:01:39.431146	174.0	-70.5
2026-06-25T00:01:39.431481	174.0	-70.0
2026-06-25T00:01:39.431806	176.0	-70.5
2026-06-25T00:01:39.432149	178.0	-70.0
2026-06-25T00:01:48.911459	196.0	-75.0
2026-06-25T00:01:48.912121	197.0	-73.5
2026-06-25T00:01:48.912504	195.0	-72.0
2026-06-25T00:01:48.912842	191.0	-72.5
2026-06-25T00:01:48.913180	198.0	-72.0
2026-06-25T00:01:48.913649	196.0	-71.5
2026-06-25T00:01:48.914052	195.0	-72.5
2026-06-25T00:01:48.914403	196.0	-71.5
2026-06-25T00:01:48.914740	195.0	-72.5
2026-06-25T00:01:48.915071	197.0	-71.5
2026-06-25T00:01:48.915410	196.0	-71.5
2026-06-25T00:01:48.915738	193.0	-71.5
2026-06-25T00:01:58.661311	227.0	-86.0
2026-06-25T00:01:58.662134	194.0	-81.5
2026-06-25T00:01:58.662663	184.0	-82.5
2026-06-25T00:01:58.663114	149.0	-82.5
2026-06-25T00:01:58.663534	183.0	-84.5
2026-06-25T00:01:58.663945	156.0	-83.5
2026-06-25T00:01:58.664354	161.0	-83.5
2026-06-25T00:01:58.664766	162.0	-83.0
2026-06-25T00:01:58.665154	136.0	-83.0
2026-06-25T00:01:58.665583	258.0	-81.5
2026-06-25T00:01:58.666044	126.0	-81.5
2026-06-25T00:02:08.264313	167.0	-82.0
2026-06-25T00:02:08.264982	175.0	-85.0
2026-06-25T00:02:08.265394	160.0	-83.0
2026-06-25T00:02:08.265971	150.0	-83.5
2026-06-25T00:02:08.266364	205.0	-82.5
2026-06-25T00:02:08.266696	147.0	-82.0
2026-06-25T00:02:08.267015	175.0	-83.0
2026-06-25T00:02:08.267337	152.0	-84.0
2026-06-25T00:02:08.267650	164.0	-83.5
2026-06-25T00:02:08.267979	148.0	-84.5
2026-06-25T00:02:08.268306	164.0	-86.0
2026-06-25T00:02:17.713728	157.0	-85.0
2026-06-25T00:02:17.714413	152.0	-86.0
2026-06-25T00:02:17.714778	150.0	-86.0
2026-06-25T00:02:17.715118	152.0	-85.5
2026-06-25T00:02:17.715469	147.0	-85.0
2026-06-25T00:02:17.715801	148.0	-85.0
2026-06-25T00:02:17.716128	146.0	-85.0
2026-06-25T00:02:17.716458	155.0	-85.0
2026-06-25T00:02:17.716783	155.0	-84.5
2026-06-25T00:02:17.717118	158.0	-85.0
2026-06-25T00:02:27.315227	155.0	-85.5
2026-06-25T00:02:27.315916	154.0	-85.0
2026-06-25T00:02:27.316277	152.0	-86.0
2026-06-25T00:02:27.316611	155.0	-86.0
2026-06-25T00:02:27.316941	156.0	-86.0
2026-06-25T00:02:27.317269	150.0	-86.5
2026-06-25T00:02:27.317759	160.0	-86.5
2026-06-25T00:02:27.318201	161.0	-86.5
2026-06-25T00:02:27.318564	166.0	-86.0
2026-06-25T00:02:27.318895	163.0	-85.0
2026-06-25T00:02:27.319223	160.0	-86.0
2026-06-25T00:02:36.846138	145.0	-87.5
2026-06-25T00:02:36.846955	157.0	-87.5
2026-06-25T00:02:36.847436	155.0	-86.5
2026-06-25T00:02:36.847814	155.0	-88.5
2026-06-25T00:02:36.848157	158.0	-88.0
2026-06-25T00:02:36.848487	156.0	-87.5
2026-06-25T00:02:36.848822	157.0	-88.0
2026-06-25T00:02:36.849150	156.0	-87.5
2026-06-25T00:02:36.849645	159.0	-88.0
2026-06-25T00:02:36.850100	159.0	-87.0
2026-06-25T00:02:36.850516	157.0	-87.5
2026-06-25T00:02:46.229725	251.0	-81.5
2026-06-25T00:02:46.230461	290.0	-88.0
2026-06-25T00:02:46.230869	235.0	-83.5
2026-06-25T00:02:46.231228	222.0	-90.0
2026-06-25T00:02:46.231560	241.0	-84.5
2026-06-25T00:02:46.231900	233.0	-84.5
2026-06-25T00:02:46.232232	197.0	-88.0
2026-06-25T00:02:46.232564	198.0	-84.0
2026-06-25T00:02:46.232886	176.0	-83.0
2026-06-25T00:02:46.233206	162.0	-82.0
2026-06-25T00:02:46.233765	154.0	-86.5
2026-06-25T00:02:46.234257	222.0	-84.5
2026-06-25T00:02:56.002246	164.0	-80.5
2026-06-25T00:02:56.003022	165.0	-80.5
2026-06-25T00:02:56.003570	143.0	-79.0
2026-06-25T00:02:56.004007	141.0	-81.5
2026-06-25T00:02:56.004448	134.0	-75.0
2026-06-25T00:02:56.004856	126.0	-71.5
2026-06-25T00:02:56.005278	114.0	-77.5
2026-06-25T00:02:56.005972	68.0	-77.5
2026-06-25T00:02:56.006499	81.0	-70.5
2026-06-25T00:03:05.398339	86.0	-68.0
2026-06-25T00:03:05.399060	90.0	-70.0
2026-06-25T00:03:05.399474	93.0	-69.0
2026-06-25T00:03:05.399824	89.0	-69.5
2026-06-25T00:03:05.400178	86.0	-70.0
2026-06-25T00:03:05.400510	82.0	-67.5
2026-06-25T00:03:05.400852	87.0	-69.5
2026-06-25T00:03:05.401193	85.0	-69.5
2026-06-25T00:03:05.401693	88.0	-70.0
2026-06-25T00:03:05.402172	84.0	-69.0
2026-06-25T00:03:05.402579	78.0	-69.0
2026-06-25T00:03:05.402981	61.0	-69.0
2026-06-25T00:03:14.848611	78.0	-68.0
2026-06-25T00:03:14.849271	77.0	-66.5
2026-06-25T00:03:14.849858	67.0	-65.5
2026-06-25T00:03:14.850305	67.0	-66.0
2026-06-25T00:03:14.850651	67.0	-65.0
2026-06-25T00:03:14.850984	72.0	-64.5
2026-06-25T00:03:14.851323	69.0	-65.5
2026-06-25T00:03:14.851667	68.0	-71.0
2026-06-25T00:03:14.851993	71.0	-70.5
2026-06-25T00:03:14.852329	84.0	-69.0
2026-06-25T00:03:14.852659	72.0	-74.0
2026-06-25T00:03:14.852979	57.0	-70.5
2026-06-25T00:03:24.579420	72.0	-62.5
2026-06-25T00:03:24.580157	72.0	-65.0
2026-06-25T00:03:24.580631	72.0	-65.0
2026-06-25T00:03:24.581063	68.0	-66.0
2026-06-25T00:03:24.581515	58.0	-68.0
2026-06-25T00:03:24.581937	76.0	-67.0
2026-06-25T00:03:24.582338	77.0	-68.5
2026-06-25T00:03:24.582754	79.0	-71.0
2026-06-25T00:03:24.583144	68.0	-69.5
2026-06-25T00:03:24.583538	71.0	-66.5
2026-06-25T00:03:34.082390	66.0	-67.0
2026-06-25T00:03:34.083171	79.0	-70.5
2026-06-25T00:03:34.083587	69.0	-77.0
2026-06-25T00:03:34.083934	64.0	-75.0
2026-06-25T00:03:34.084273	100.0	-71.0
2026-06-25T00:03:34.084601	83.0	-72.0
2026-06-25T00:03:34.084928	71.0	-71.0
2026-06-25T00:03:34.085262	70.0	-68.5
2026-06-25T00:03:34.086406	74.0	-66.5
2026-06-25T00:03:34.087079	71.0	-65.0
2026-06-25T00:03:34.087733	66.0	-67.5
2026-06-25T00:03:34.088342	64.0	-65.5
2026-06-25T00:03:43.736550	118.0	-71.0
2026-06-25T00:03:43.737222	45.0	-71.5
2026-06-25T00:03:43.737739	72.0	-71.5
2026-06-25T00:03:43.738119	80.0	-70.0
2026-06-25T00:03:43.738456	89.0	-66.0
2026-06-25T00:03:43.738785	84.0	-70.0
2026-06-25T00:03:43.739112	89.0	-70.0
2026-06-25T00:03:43.739442	77.0	-75.0
2026-06-25T00:03:43.739767	73.0	-69.5
2026-06-25T00:03:43.740098	41.0	-72.5
2026-06-25T00:03:53.239921	87.0	-66.5
2026-06-25T00:03:53.240673	77.0	-69.5
2026-06-25T00:03:53.241079	72.0	-69.0
2026-06-25T00:03:53.241493	72.0	-67.0
2026-06-25T00:03:53.241902	74.0	-66.0
2026-06-25T00:03:53.242280	73.0	-67.0
2026-06-25T00:03:53.242622	73.0	-66.0
2026-06-25T00:03:53.242957	74.0	-65.5
2026-06-25T00:03:53.243305	68.0	-68.0
2026-06-25T00:03:53.243634	72.0	-66.5
2026-06-25T00:03:53.243971	67.0	-69.0
2026-06-25T00:04:02.777932	99.0	-65.5
2026-06-25T00:04:02.779091	90.0	-66.0
2026-06-25T00:04:02.779615	69.0	-67.5
2026-06-25T00:04:02.780269	73.0	-66.5
2026-06-25T00:04:02.780666	69.0	-66.0
2026-06-25T00:04:02.781006	49.0	-74.0
2026-06-25T00:04:02.781340	51.0	-74.5
2026-06-25T00:04:02.781986	31.0	-75.0
2026-06-25T00:04:02.782375	43.0	-72.0
2026-06-25T00:04:02.782709	55.0	-74.0
2026-06-25T00:04:02.783050	61.0	-70.5
2026-06-25T00:04:02.783387	35.0	-72.0
2026-06-25T00:04:12.269614	75.0	-68.5
2026-06-25T00:04:12.270960	68.0	-68.0
2026-06-25T00:04:12.272298	73.0	-66.0
2026-06-25T00:04:12.273390	79.0	-64.5
2026-06-25T00:04:12.274022	77.0	-65.5
2026-06-25T00:04:12.274657	72.0	-70.5
2026-06-25T00:04:12.275259	64.0	-69.5
2026-06-25T00:04:12.275647	59.0	-70.0
2026-06-25T00:04:12.276011	59.0	-72.0
2026-06-25T00:04:12.276455	60.0	-71.0
2026-06-25T00:04:12.276864	61.0	-71.0
2026-06-25T00:04:12.277214	55.0	-73.5
2026-06-25T00:04:21.960548	70.0	-65.5
2026-06-25T00:04:21.961296	63.0	-65.5
2026-06-25T00:04:21.961791	67.0	-66.0
2026-06-25T00:04:21.962149	66.0	-64.5
2026-06-25T00:04:21.962493	70.0	-64.5
2026-06-25T00:04:21.962832	71.0	-62.5
2026-06-25T00:04:21.963172	58.0	-68.5
2026-06-25T00:04:21.963513	59.0	-66.0
2026-06-25T00:04:21.963839	61.0	-67.5
2026-06-25T00:04:21.964174	59.0	-66.5
2026-06-25T00:04:21.964531	60.0	-67.0
2026-06-25T00:04:31.448395	70.0	-67.0
2026-06-25T00:04:31.449125	77.0	-68.5
2026-06-25T00:04:31.449623	74.0	-69.0
2026-06-25T00:04:31.449987	66.0	-70.0
2026-06-25T00:04:31.450322	57.0	-71.0
2026-06-25T00:04:31.450653	77.0	-69.0
2026-06-25T00:04:31.450981	65.0	-68.0
2026-06-25T00:04:31.451310	77.0	-65.5
2026-06-25T00:04:31.451644	85.0	-70.5
2026-06-25T00:04:31.451976	90.0	-74.5
2026-06-25T00:04:31.452306	122.0	-79.5
2026-06-25T00:04:40.869939	162.0	-76.5
2026-06-25T00:04:40.870711	166.0	-75.5
2026-06-25T00:04:40.871237	167.0	-75.0
2026-06-25T00:04:40.871688	164.0	-74.5
2026-06-25T00:04:40.872123	169.0	-74.5
2026-06-25T00:04:40.872554	165.0	-75.5
2026-06-25T00:04:40.872966	166.0	-74.0
2026-06-25T00:04:40.873373	163.0	-75.0
2026-06-25T00:04:40.874213	167.0	-74.5
2026-06-25T00:04:40.874756	165.0	-75.0
2026-06-25T00:04:40.875430	164.0	-73.5
2026-06-25T00:04:40.875925	161.0	-75.5
2026-06-25T00:04:50.470980	162.0	-75.0
2026-06-25T00:04:50.472078	164.0	-73.0
2026-06-25T00:04:50.472596	167.0	-72.0
2026-06-25T00:04:50.473250	163.0	-72.5
2026-06-25T00:04:50.473762	163.0	-73.0
2026-06-25T00:04:50.474359	164.0	-74.5
2026-06-25T00:04:50.474948	167.0	-74.0
2026-06-25T00:04:50.475390	171.0	-75.0
2026-06-25T00:04:50.476054	163.0	-75.0
2026-06-25T00:04:50.476510	165.0	-74.5
2026-06-25T00:04:50.477163	162.0	-75.0
2026-06-25T00:04:50.477901	167.0	-73.5
2026-06-25T00:05:00.247551	176.0	-76.5
2026-06-25T00:05:00.248234	189.0	-75.5
2026-06-25T00:05:00.248602	188.0	-74.5
2026-06-25T00:05:00.248951	190.0	-76.5
2026-06-25T00:05:00.249306	191.0	-75.5
2026-06-25T00:05:00.249803	186.0	-74.5
2026-06-25T00:05:00.250153	185.0	-73.5
2026-06-25T00:05:00.250491	183.0	-75.0
2026-06-25T00:05:00.250819	189.0	-78.0
2026-06-25T00:05:09.884780	172.0	-76.0
2026-06-25T00:05:09.885597	172.0	-74.5
2026-06-25T00:05:09.886150	171.0	-75.5
2026-06-25T00:05:09.886528	168.0	-75.0
2026-06-25T00:05:09.886864	169.0	-75.0
2026-06-25T00:05:09.887245	174.0	-73.5
2026-06-25T00:05:09.887583	173.0	-74.0
2026-06-25T00:05:09.887906	170.0	-75.0
2026-06-25T00:05:09.888223	169.0	-75.5
2026-06-25T00:05:09.888547	167.0	-72.5
2026-06-25T00:05:19.429630	152.0	-82.5
2026-06-25T00:05:19.430356	173.0	-79.0
2026-06-25T00:05:19.430725	181.0	-79.0
2026-06-25T00:05:19.431050	181.0	-74.5
2026-06-25T00:05:19.431389	183.0	-75.5
2026-06-25T00:05:19.431713	186.0	-75.0
2026-06-25T00:05:19.432028	183.0	-75.5
2026-06-25T00:05:19.432354	185.0	-77.0
2026-06-25T00:05:19.432665	188.0	-75.5
2026-06-25T00:05:28.766512	162.0	-77.5
2026-06-25T00:05:28.767286	164.0	-77.0
2026-06-25T00:05:28.767816	163.0	-77.5
2026-06-25T00:05:28.768268	162.0	-76.5
2026-06-25T00:05:28.768694	160.0	-76.5
2026-06-25T00:05:28.769102	158.0	-75.5
2026-06-25T00:05:28.769552	160.0	-76.0
2026-06-25T00:05:28.769970	161.0	-77.0
2026-06-25T00:05:28.770359	161.0	-76.5
2026-06-25T00:05:28.770862	161.0	-76.0
2026-06-25T00:05:28.771387	162.0	-77.0
2026-06-25T00:05:38.287978	167.0	-79.0
2026-06-25T00:05:38.288620	163.0	-79.0
2026-06-25T00:05:38.288978	165.0	-76.5
2026-06-25T00:05:38.289334	166.0	-78.0
2026-06-25T00:05:38.289868	164.0	-80.0
2026-06-25T00:05:38.290322	170.0	-80.0
2026-06-25T00:05:38.290669	174.0	-78.0
2026-06-25T00:05:38.291003	174.0	-74.5
2026-06-25T00:05:38.291344	175.0	-79.0
2026-06-25T00:05:38.291670	181.0	-76.0
2026-06-25T00:05:47.804775	175.0	-73.5
2026-06-25T00:05:47.805704	175.0	-76.0
2026-06-25T00:05:47.806287	172.0	-75.0
2026-06-25T00:05:47.806685	169.0	-75.5
2026-06-25T00:05:47.807057	173.0	-75.5
2026-06-25T00:05:47.807420	172.0	-74.5
2026-06-25T00:05:47.807762	173.0	-75.5
2026-06-25T00:05:47.808103	168.0	-74.5
2026-06-25T00:05:57.432306	176.0	-73.0
2026-06-25T00:05:57.433084	173.0	-75.5
2026-06-25T00:05:57.433586	174.0	-77.0
2026-06-25T00:05:57.433961	175.0	-76.0
2026-06-25T00:05:57.434303	173.0	-78.0
2026-06-25T00:05:57.434633	172.0	-78.5
2026-06-25T00:05:57.434973	175.0	-76.0
2026-06-25T00:05:57.435307	168.0	-75.0
2026-06-25T00:05:57.435637	170.0	-74.5
2026-06-25T00:06:06.921772	169.0	-75.5
2026-06-25T00:06:06.922878	171.0	-75.5
2026-06-25T00:06:06.923351	174.0	-78.5
2026-06-25T00:06:06.923704	169.0	-78.5
2026-06-25T00:06:06.924049	170.0	-76.5
2026-06-25T00:06:06.924390	171.0	-75.5
2026-06-25T00:06:06.924726	173.0	-75.5
2026-06-25T00:06:06.925067	168.0	-74.5
2026-06-25T00:06:06.925399	168.0	-74.0
2026-06-25T00:06:06.925991	163.0	-75.0
2026-06-25T00:06:06.926417	172.0	-71.0
2026-06-25T00:06:06.926787	173.0	-75.0
2026-06-25T00:06:16.557662	69.0	-65.0
2026-06-25T00:06:16.558758	67.0	-65.0
2026-06-25T00:06:16.559244	61.0	-66.0
2026-06-25T00:06:16.559875	63.0	-65.5
2026-06-25T00:06:16.560317	63.0	-65.0
2026-06-25T00:06:16.560879	61.0	-65.5
2026-06-25T00:06:16.561498	60.0	-67.0
2026-06-25T00:06:16.561953	66.0	-66.0
2026-06-25T00:06:16.562375	65.0	-67.0
2026-06-25T00:06:16.562803	77.0	-65.0
2026-06-25T00:06:16.563223	76.0	-70.0
2026-06-25T00:06:26.023806	70.0	-67.5
2026-06-25T00:06:26.024806	71.0	-65.5
2026-06-25T00:06:26.025277	65.0	-65.0
2026-06-25T00:06:26.025742	65.0	-65.5
2026-06-25T00:06:26.026186	67.0	-66.0
2026-06-25T00:06:26.026538	63.0	-68.5
2026-06-25T00:06:26.026883	83.0	-68.5
2026-06-25T00:06:26.027226	50.0	-76.0
2026-06-25T00:06:26.027553	56.0	-71.0
2026-06-25T00:06:26.027876	55.0	-69.5
2026-06-25T00:06:26.028207	74.0	-69.0
2026-06-25T00:06:26.028534	74.0	-70.0
2026-06-25T00:06:35.720735	49.0	-72.5
2026-06-25T00:06:35.721920	54.0	-70.5
2026-06-25T00:06:35.722462	92.0	-71.0
2026-06-25T00:06:35.722869	76.0	-68.5
2026-06-25T00:06:35.723518	65.0	-68.0
2026-06-25T00:06:35.724113	60.0	-66.0
2026-06-25T00:06:35.724692	61.0	-66.0
2026-06-25T00:06:35.725116	61.0	-65.0
2026-06-25T00:06:35.725809	57.0	-66.0
2026-06-25T00:06:35.726291	63.0	-66.5
2026-06-25T00:06:35.726728	73.0	-69.5
2026-06-25T00:06:45.238453	58.0	-73.0
2026-06-25T00:06:45.239109	58.0	-69.0
2026-06-25T00:06:45.239470	56.0	-70.0
2026-06-25T00:06:45.239807	54.0	-70.5
2026-06-25T00:06:45.240155	72.0	-71.0
2026-06-25T00:06:45.240485	66.0	-69.0
2026-06-25T00:06:45.240810	65.0	-65.5
2026-06-25T00:06:45.241147	65.0	-64.5
2026-06-25T00:06:45.241713	61.0	-64.5
2026-06-25T00:06:45.242193	59.0	-65.0
2026-06-25T00:06:45.242590	62.0	-67.0
2026-06-25T00:06:54.904972	219.0	-80.5
2026-06-25T00:06:54.905715	231.0	-76.5
2026-06-25T00:06:54.906104	145.0	-78.5
2026-06-25T00:06:54.906452	137.0	-80.5
2026-06-25T00:06:54.906792	266.0	-77.5
2026-06-25T00:06:54.907129	160.0	-81.0
2026-06-25T00:06:54.907462	137.0	-81.0
2026-06-25T00:06:54.907793	160.0	-80.5
2026-06-25T00:06:54.908129	213.0	-78.5
2026-06-25T00:06:54.908461	200.0	-82.0
2026-06-25T00:07:04.409163	144.0	-87.0
2026-06-25T00:07:04.409883	113.0	-86.0
2026-06-25T00:07:04.410256	116.0	-86.5
2026-06-25T00:07:04.410616	115.0	-85.0
2026-06-25T00:07:04.410950	124.0	-82.5
2026-06-25T00:07:04.411292	113.0	-85.0
2026-06-25T00:07:04.411622	107.0	-81.5
2026-06-25T00:07:04.411963	117.0	-84.5
2026-06-25T00:07:04.412298	127.0	-84.0
2026-06-25T00:07:04.412624	104.0	-85.0
2026-06-25T00:07:04.412946	191.0	-85.0
2026-06-25T00:07:13.727849	195.0	-82.5
2026-06-25T00:07:13.729722	141.0	-87.0
2026-06-25T00:07:13.730671	236.0	-83.0
2026-06-25T00:07:13.731050	122.0	-83.5
2026-06-25T00:07:13.731409	135.0	-85.0
2026-06-25T00:07:13.731748	134.0	-84.0
2026-06-25T00:07:13.732082	260.0	-86.0
2026-06-25T00:07:13.732421	242.0	-85.0
2026-06-25T00:07:13.732750	234.0	-84.5
2026-06-25T00:07:13.733632	213.0	-86.0
2026-06-25T00:07:13.734144	152.0	-84.5
2026-06-25T00:07:13.734602	145.0	-84.0
2026-06-25T00:07:23.413992	146.0	-85.0
2026-06-25T00:07:23.414735	163.0	-82.0
2026-06-25T00:07:23.415208	158.0	-83.0
2026-06-25T00:07:23.415640	166.0	-83.0
2026-06-25T00:07:23.416040	149.0	-86.0
2026-06-25T00:07:23.416430	125.0	-82.5
2026-06-25T00:07:23.416839	147.0	-85.5
2026-06-25T00:07:23.417236	132.0	-85.0
2026-06-25T00:07:23.417672	140.0	-84.5
2026-06-25T00:07:23.418123	147.0	-85.5
2026-06-25T00:07:23.418554	231.0	-87.0
2026-06-25T00:07:33.107997	124.0	-88.0
2026-06-25T00:07:33.109074	120.0	-88.0
2026-06-25T00:07:33.109623	123.0	-87.5
2026-06-25T00:07:33.110302	120.0	-87.0
2026-06-25T00:07:33.110736	124.0	-87.0
2026-06-25T00:07:33.111305	122.0	-86.5
2026-06-25T00:07:33.111890	120.0	-86.5
2026-06-25T00:07:33.112331	118.0	-86.5
2026-06-25T00:07:33.112779	114.0	-87.0
2026-06-25T00:07:33.113205	114.0	-87.0
2026-06-25T00:07:42.582535	114.0	-86.0
2026-06-25T00:07:42.583198	114.0	-87.0
2026-06-25T00:07:42.583563	117.0	-85.0
2026-06-25T00:07:42.583895	129.0	-84.0
2026-06-25T00:07:42.584225	142.0	-84.5
2026-06-25T00:07:42.584571	132.0	-84.5
2026-06-25T00:07:42.584910	130.0	-85.0
2026-06-25T00:07:42.585241	129.0	-85.0
2026-06-25T00:07:42.585739	114.0	-86.0
2026-06-25T00:07:42.586163	155.0	-90.0
2026-06-25T00:07:42.586517	163.0	-86.0
2026-06-25T00:07:51.983300	155.0	-72.0
2026-06-25T00:07:51.983938	154.0	-71.0
2026-06-25T00:07:51.984306	157.0	-71.0
2026-06-25T00:07:51.984647	156.0	-73.5
2026-06-25T00:07:51.985030	156.0	-75.5
2026-06-25T00:07:51.985371	159.0	-78.0
2026-06-25T00:07:51.985898	160.0	-77.5
2026-06-25T00:07:51.986324	166.0	-77.0
2026-06-25T00:07:51.986671	150.0	-82.5
2026-06-25T00:07:51.987013	156.0	-82.0
2026-06-25T00:07:51.987339	164.0	-81.5
2026-06-25T00:07:51.987682	171.0	-77.5
2026-06-25T00:08:01.559184	159.0	-76.0
2026-06-25T00:08:01.559849	157.0	-73.0
2026-06-25T00:08:01.560210	159.0	-74.0
2026-06-25T00:08:01.560553	160.0	-74.0
2026-06-25T00:08:01.560888	158.0	-74.0
2026-06-25T00:08:01.561217	158.0	-74.0
2026-06-25T00:08:01.561687	159.0	-75.0
2026-06-25T00:08:01.562115	160.0	-74.0
2026-06-25T00:08:01.562498	159.0	-75.5
2026-06-25T00:08:01.562851	161.0	-74.0
2026-06-25T00:08:01.563187	162.0	-75.5
2026-06-25T00:08:11.048769	155.0	-78.0
2026-06-25T00:08:11.049506	156.0	-76.5
2026-06-25T00:08:11.050092	156.0	-77.0
2026-06-25T00:08:11.050473	159.0	-75.5
2026-06-25T00:08:11.050823	157.0	-77.0
2026-06-25T00:08:11.051156	157.0	-75.0
2026-06-25T00:08:11.051483	159.0	-75.5
2026-06-25T00:08:11.051826	157.0	-75.5
2026-06-25T00:08:11.052165	160.0	-76.0
2026-06-25T00:08:11.052494	159.0	-76.5
2026-06-25T00:08:11.052829	158.0	-78.5
2026-06-25T00:08:11.053173	157.0	-76.5
2026-06-25T00:08:20.767515	160.0	-75.0
2026-06-25T00:08:20.768460	161.0	-76.0
2026-06-25T00:08:20.769241	158.0	-75.5
2026-06-25T00:08:20.770311	158.0	-74.5
2026-06-25T00:08:20.771254	160.0	-75.5
2026-06-25T00:08:20.771948	160.0	-75.5
2026-06-25T00:08:20.772497	160.0	-76.5
2026-06-25T00:08:20.772918	162.0	-75.0
2026-06-25T00:08:20.774137	159.0	-76.0
2026-06-25T00:08:20.775972	161.0	-76.0
2026-06-25T00:08:20.776579	159.0	-76.0
2026-06-25T00:08:30.272085	193.0	-75.5
2026-06-25T00:08:30.272741	193.0	-76.5
2026-06-25T00:08:30.273100	180.0	-76.5
2026-06-25T00:08:30.273532	181.0	-74.5
2026-06-25T00:08:30.274064	185.0	-76.5
2026-06-25T00:08:30.274427	181.0	-80.5
2026-06-25T00:08:30.274754	183.0	-80.5
2026-06-25T00:08:30.275085	189.0	-79.5
2026-06-25T00:08:30.275403	189.0	-74.0
2026-06-25T00:08:30.275715	193.0	-76.5
2026-06-25T00:08:39.994631	150.0	-76.5
2026-06-25T00:08:39.995712	150.0	-78.5
2026-06-25T00:08:39.996204	153.0	-78.5
2026-06-25T00:08:39.996852	158.0	-73.5
2026-06-25T00:08:39.997286	152.0	-79.0
2026-06-25T00:08:39.997760	152.0	-78.0
2026-06-25T00:08:39.998198	158.0	-77.0
2026-06-25T00:08:39.998587	156.0	-79.0
2026-06-25T00:08:39.998983	156.0	-76.0
2026-06-25T00:08:49.258893	151.0	-78.0
2026-06-25T00:08:49.259608	150.0	-79.0
2026-06-25T00:08:49.260021	150.0	-78.5
2026-06-25T00:08:49.260384	154.0	-80.5
2026-06-25T00:08:49.260731	154.0	-79.0
2026-06-25T00:08:49.261061	155.0	-75.5
2026-06-25T00:08:49.261396	161.0	-76.0
2026-06-25T00:08:49.261896	159.0	-76.0
2026-06-25T00:08:49.262277	158.0	-75.0
2026-06-25T00:08:49.263263	161.0	-76.0
2026-06-25T00:08:49.263622	164.0	-74.5
2026-06-25T00:08:49.263973	159.0	-74.0
2026-06-25T00:08:58.913011	168.0	-70.5
2026-06-25T00:08:58.913859	144.0	-70.5
2026-06-25T00:08:58.914306	147.0	-77.0
2026-06-25T00:08:58.914669	156.0	-71.0
2026-06-25T00:08:58.915007	212.0	-72.5
2026-06-25T00:08:58.915350	205.0	-74.5
2026-06-25T00:08:58.915694	190.0	-76.0
2026-06-25T00:08:58.916031	141.0	-76.5
2026-06-25T00:08:58.916369	134.0	-75.0
2026-06-25T00:08:58.916704	173.0	-76.5
2026-06-25T00:09:08.494832	152.0	-70.5
2026-06-25T00:09:08.495581	154.0	-70.5
2026-06-25T00:09:08.495996	154.0	-70.5
2026-06-25T00:09:08.496356	151.0	-70.5
2026-06-25T00:09:08.496700	148.0	-72.0
2026-06-25T00:09:08.497032	149.0	-71.5
2026-06-25T00:09:08.497367	147.0	-69.5
2026-06-25T00:09:08.497822	148.0	-69.5
2026-06-25T00:09:08.498237	148.0	-70.5
2026-06-25T00:09:08.498582	138.0	-71.0
2026-06-25T00:09:08.498908	131.0	-73.5
2026-06-25T00:09:17.826997	197.0	-83.5
2026-06-25T00:09:17.827767	273.0	-84.5
2026-06-25T00:09:17.828699	270.0	-84.5
2026-06-25T00:09:17.829331	153.0	-85.0
2026-06-25T00:09:17.830713	155.0	-84.5
2026-06-25T00:09:17.831477	163.0	-84.0
2026-06-25T00:09:17.831940	178.0	-84.0
2026-06-25T00:09:17.832371	156.0	-85.0
2026-06-25T00:09:17.832849	197.0	-80.5
2026-06-25T00:09:17.833280	176.0	-81.5
2026-06-25T00:09:17.833724	254.0	-83.0
2026-06-25T00:09:17.834122	190.0	-85.5
2026-06-25T00:09:27.461602	170.0	-84.0
2026-06-25T00:09:27.462313	145.0	-84.5
2026-06-25T00:09:27.462738	236.0	-85.5
2026-06-25T00:09:27.463092	179.0	-85.0
2026-06-25T00:09:27.463424	114.0	-84.5
2026-06-25T00:09:27.463764	139.0	-85.0
2026-06-25T00:09:27.464155	126.0	-83.5
2026-06-25T00:09:27.464496	135.0	-85.0
2026-06-25T00:09:27.464956	122.0	-85.0
2026-06-25T00:09:27.465409	230.0	-85.0
2026-06-25T00:09:27.466074	213.0	-84.0
2026-06-25T00:09:27.466651	118.0	-85.0
2026-06-25T00:09:36.978028	180.0	-83.5
2026-06-25T00:09:36.979166	166.0	-86.0
2026-06-25T00:09:36.979699	201.0	-86.0
2026-06-25T00:09:36.980386	192.0	-84.0
2026-06-25T00:09:36.980868	178.0	-85.5
2026-06-25T00:09:36.981533	144.0	-83.0
2026-06-25T00:09:36.982279	211.0	-79.0
2026-06-25T00:09:36.982741	229.0	-77.0
2026-06-25T00:09:36.983380	130.0	-81.5
2026-06-25T00:09:36.984065	242.0	-83.5
2026-06-25T00:09:36.984533	205.0	-83.5
2026-06-25T00:09:36.985176	217.0	-85.5
2026-06-25T00:09:46.503173	130.0	-84.0
2026-06-25T00:09:46.503884	124.0	-83.5
2026-06-25T00:09:46.504773	132.0	-82.0
2026-06-25T00:09:46.505254	132.0	-84.5
2026-06-25T00:09:46.505786	132.0	-82.5
2026-06-25T00:09:46.506249	131.0	-85.0
2026-06-25T00:09:46.506655	126.0	-85.0
2026-06-25T00:09:46.507063	116.0	-85.0
2026-06-25T00:09:46.507516	116.0	-84.5
2026-06-25T00:09:46.508239	132.0	-84.5
2026-06-25T00:09:46.508767	152.0	-86.5
2026-06-25T00:09:46.509178	138.0	-83.0
2026-06-25T00:09:56.350800	120.0	-72.0
2026-06-25T00:09:56.351491	105.0	-69.5
2026-06-25T00:09:56.351893	104.0	-72.5
2026-06-25T00:09:56.352283	72.0	-73.0
2026-06-25T00:09:56.353655	79.0	-70.5
2026-06-25T00:09:56.354267	78.0	-70.0
2026-06-25T00:09:56.354837	77.0	-71.0
2026-06-25T00:09:56.355344	77.0	-67.5
2026-06-25T00:09:56.355792	78.0	-66.5
2026-06-25T00:10:05.871326	86.0	-71.5
2026-06-25T00:10:05.872004	80.0	-70.0
2026-06-25T00:10:05.872370	75.0	-69.0
2026-06-25T00:10:05.872712	71.0	-67.5
2026-06-25T00:10:05.873061	64.0	-71.0
2026-06-25T00:10:05.873394	61.0	-71.0
2026-06-25T00:10:05.873882	58.0	-76.0
2026-06-25T00:10:05.874283	74.0	-75.5
2026-06-25T00:10:05.874637	78.0	-72.0
2026-06-25T00:10:05.874963	75.0	-69.0
2026-06-25T00:10:15.404032	64.0	-65.5
2026-06-25T00:10:15.404717	61.0	-65.5
2026-06-25T00:10:15.405090	64.0	-63.5
2026-06-25T00:10:15.405538	61.0	-64.0
2026-06-25T00:10:15.405969	59.0	-65.5
2026-06-25T00:10:15.406377	57.0	-67.0
2026-06-25T00:10:15.406718	63.0	-64.0
2026-06-25T00:10:15.407052	61.0	-63.5
2026-06-25T00:10:15.407388	62.0	-64.0
2026-06-25T00:10:15.407709	61.0	-63.0
2026-06-25T00:10:15.408031	56.0	-65.0
2026-06-25T00:10:24.921085	64.0	-70.0
2026-06-25T00:10:24.922127	49.0	-73.0
2026-06-25T00:10:24.922918	67.0	-69.5
2026-06-25T00:10:24.923611	67.0	-66.5
2026-06-25T00:10:24.924062	66.0	-66.5
2026-06-25T00:10:24.924650	69.0	-65.0
2026-06-25T00:10:24.925200	72.0	-65.5
2026-06-25T00:10:24.925968	76.0	-67.5
2026-06-25T00:10:24.926586	66.0	-71.0
2026-06-25T00:10:24.927231	47.0	-76.0
2026-06-25T00:10:34.375599	70.0	-67.5
2026-06-25T00:10:34.376816	73.0	-67.5
2026-06-25T00:10:34.377274	74.0	-68.5
2026-06-25T00:10:34.377759	70.0	-69.5
2026-06-25T00:10:34.378173	68.0	-68.0
2026-06-25T00:10:34.378515	67.0	-66.0
2026-06-25T00:10:34.378854	71.0	-64.5
2026-06-25T00:10:34.379200	62.0	-66.5
2026-06-25T00:10:34.379536	61.0	-68.0
2026-06-25T00:10:34.380420	58.0	-68.0
2026-06-25T00:10:34.380983	54.0	-67.0
2026-06-25T00:10:43.835100	67.0	-64.0
2026-06-25T00:10:43.835946	66.0	-64.5
2026-06-25T00:10:43.836434	68.0	-63.5
2026-06-25T00:10:43.836818	68.0	-63.5
2026-06-25T00:10:43.837193	65.0	-62.0
2026-06-25T00:10:43.837620	60.0	-65.0
2026-06-25T00:10:43.838002	61.0	-65.5
2026-06-25T00:10:43.838382	57.0	-65.5
2026-06-25T00:10:43.838744	60.0	-65.0
2026-06-25T00:10:43.839091	61.0	-65.5
2026-06-25T00:10:43.839447	62.0	-64.5
2026-06-25T00:10:43.839813	64.0	-65.0
2026-06-25T00:10:53.382150	67.0	-61.5
2026-06-25T00:10:53.382918	68.0	-63.5
2026-06-25T00:10:53.383376	73.0	-62.0
2026-06-25T00:10:53.383737	70.0	-64.0
2026-06-25T00:10:53.384071	70.0	-65.5
2026-06-25T00:10:53.384420	77.0	-64.0
2026-06-25T00:10:53.384844	71.0	-66.0
2026-06-25T00:10:53.385290	63.0	-66.0
2026-06-25T00:10:53.385758	60.0	-67.0
2026-06-25T00:10:53.386192	65.0	-65.5
2026-06-25T00:10:53.386576	63.0	-65.5
2026-06-25T00:10:53.386915	68.0	-65.0
2026-06-25T00:11:03.008512	188.0	-85.0
2026-06-25T00:11:03.009259	146.0	-84.5
2026-06-25T00:11:03.009781	122.0	-87.0
2026-06-25T00:11:03.010212	126.0	-90.0
2026-06-25T00:11:03.010754	122.0	-85.0
2026-06-25T00:11:03.011102	107.0	-84.5
2026-06-25T00:11:03.011449	113.0	-84.0
2026-06-25T00:11:03.011784	114.0	-84.5
2026-06-25T00:11:03.012122	112.0	-84.0
2026-06-25T00:11:03.012443	113.0	-84.5
2026-06-25T00:11:03.012789	107.0	-84.5
2026-06-25T00:11:12.745212	142.0	-86.0
2026-06-25T00:11:12.745940	134.0	-86.0
2026-06-25T00:11:12.746316	121.0	-86.0
2026-06-25T00:11:12.746662	127.0	-85.5
2026-06-25T00:11:12.747014	124.0	-86.0
2026-06-25T00:11:12.747338	124.0	-85.5
2026-06-25T00:11:12.747671	137.0	-85.5
2026-06-25T00:11:12.748009	128.0	-85.5
2026-06-25T00:11:12.748341	124.0	-86.0
2026-06-25T00:11:12.748668	126.0	-86.0
2026-06-25T00:11:22.051151	157.0	-86.5
2026-06-25T00:11:22.052327	177.0	-83.0
2026-06-25T00:11:22.053067	148.0	-84.5
2026-06-25T00:11:22.053860	131.0	-83.0
2026-06-25T00:11:22.054524	130.0	-84.0
2026-06-25T00:11:22.055106	120.0	-85.0
2026-06-25T00:11:22.056117	101.0	-86.0
2026-06-25T00:11:22.057014	109.0	-85.0
2026-06-25T00:11:22.058181	125.0	-85.0
2026-06-25T00:11:22.059115	113.0	-87.0
2026-06-25T00:11:22.059847	99.0	-86.0
2026-06-25T00:11:22.060960	116.0	-88.0
2026-06-25T00:11:31.797595	123.0	-83.0
2026-06-25T00:11:31.798314	122.0	-83.5
2026-06-25T00:11:31.798730	126.0	-84.0
2026-06-25T00:11:31.799077	118.0	-85.0
2026-06-25T00:11:31.799411	112.0	-84.5
2026-06-25T00:11:31.799749	121.0	-85.0
2026-06-25T00:11:31.800077	119.0	-86.0
2026-06-25T00:11:31.800406	121.0	-83.5
2026-06-25T00:11:31.800739	119.0	-84.0
2026-06-25T00:11:31.801064	105.0	-86.5
2026-06-25T00:11:31.801406	139.0	-85.0
2026-06-25T00:11:41.239761	243.0	-83.5
2026-06-25T00:11:41.240509	251.0	-82.0
2026-06-25T00:11:41.240909	236.0	-83.0
2026-06-25T00:11:41.241255	239.0	-85.0
2026-06-25T00:11:41.241694	167.0	-84.0
2026-06-25T00:11:41.242124	215.0	-86.0
2026-06-25T00:11:41.242467	128.0	-89.0
2026-06-25T00:11:41.242804	107.0	-85.0
2026-06-25T00:11:41.243130	118.0	-86.5
2026-06-25T00:11:41.243473	116.0	-86.5
2026-06-25T00:11:41.243809	253.0	-89.0
2026-06-25T00:11:50.718198	171.0	-84.0
2026-06-25T00:11:50.718906	119.0	-83.0
2026-06-25T00:11:50.719318	193.0	-82.5
2026-06-25T00:11:50.719682	164.0	-82.0
2026-06-25T00:11:50.720018	172.0	-82.5
2026-06-25T00:11:50.720355	169.0	-83.5
2026-06-25T00:11:50.720688	188.0	-83.0
2026-06-25T00:11:50.721018	193.0	-83.5
2026-06-25T00:11:50.721351	123.0	-86.0
2026-06-25T00:11:50.721869	124.0	-86.5
2026-06-25T00:11:50.722319	115.0	-83.5
2026-06-25T00:11:50.722731	102.0	-85.0
2026-06-25T00:12:00.350128	232.0	-82.0
2026-06-25T00:12:00.350881	228.0	-80.0
2026-06-25T00:12:00.351293	230.0	-80.0
2026-06-25T00:12:00.351661	226.0	-81.5
2026-06-25T00:12:00.352031	226.0	-79.0
2026-06-25T00:12:00.352369	190.0	-84.5
2026-06-25T00:12:00.352728	194.0	-84.0
2026-06-25T00:12:00.353107	203.0	-85.0
2026-06-25T00:12:00.353673	182.0	-83.0
2026-06-25T00:12:00.354201	241.0	-82.0
2026-06-25T00:12:00.354669	206.0	-81.0
2026-06-25T00:12:10.081561	176.0	-82.5
2026-06-25T00:12:10.082547	123.0	-82.5
2026-06-25T00:12:10.083331	123.0	-84.0
2026-06-25T00:12:10.084010	186.0	-85.5
2026-06-25T00:12:10.084458	206.0	-84.0
2026-06-25T00:12:10.085037	160.0	-83.0
2026-06-25T00:12:10.085641	163.0	-83.5
2026-06-25T00:12:10.086255	211.0	-84.5
2026-06-25T00:12:10.086929	174.0	-84.0
2026-06-25T00:12:10.087380	260.0	-84.0
2026-06-25T00:12:19.328931	138.0	-83.5
2026-06-25T00:12:19.330195	153.0	-84.0
2026-06-25T00:12:19.330679	171.0	-86.0
2026-06-25T00:12:19.331032	160.0	-82.0
2026-06-25T00:12:19.331370	180.0	-83.0
2026-06-25T00:12:19.331701	134.0	-86.0
2026-06-25T00:12:19.332033	149.0	-83.0
2026-06-25T00:12:19.332362	145.0	-85.5
2026-06-25T00:12:19.332702	129.0	-82.5
2026-06-25T00:12:19.333031	153.0	-81.0
2026-06-25T00:12:19.333660	175.0	-79.5
2026-06-25T00:12:19.334287	142.0	-83.0
2026-06-25T00:12:29.167844	161.0	-74.5
2026-06-25T00:12:29.168521	161.0	-73.5
2026-06-25T00:12:29.168892	160.0	-75.0
2026-06-25T00:12:29.169232	158.0	-74.5
2026-06-25T00:12:29.169719	162.0	-75.5
2026-06-25T00:12:29.170275	166.0	-75.0
2026-06-25T00:12:29.170643	166.0	-76.5
2026-06-25T00:12:29.171004	166.0	-76.5
2026-06-25T00:12:38.419409	160.0	-75.5
2026-06-25T00:12:38.420100	159.0	-74.5
2026-06-25T00:12:38.420492	160.0	-73.5
2026-06-25T00:12:38.420860	158.0	-74.0
2026-06-25T00:12:38.421198	158.0	-74.0
2026-06-25T00:12:38.421637	162.0	-75.0
2026-06-25T00:12:38.422034	159.0	-75.5
2026-06-25T00:12:38.422399	165.0	-75.0
2026-06-25T00:12:48.062301	158.0	-75.5
2026-06-25T00:12:48.063041	160.0	-73.0
2026-06-25T00:12:48.063449	161.0	-73.5
2026-06-25T00:12:48.063806	166.0	-73.5
2026-06-25T00:12:48.064157	157.0	-74.0
2026-06-25T00:12:48.064485	160.0	-76.0
2026-06-25T00:12:48.064814	160.0	-74.5
2026-06-25T00:12:48.065155	161.0	-75.0
2026-06-25T00:12:48.065614	161.0	-75.0
2026-06-25T00:12:57.625951	162.0	-75.5
2026-06-25T00:12:57.626706	158.0	-75.5
2026-06-25T00:12:57.627127	164.0	-75.5
2026-06-25T00:12:57.627482	158.0	-75.0
2026-06-25T00:12:57.627828	164.0	-75.0
2026-06-25T00:12:57.628159	163.0	-75.0
2026-06-25T00:12:57.628487	160.0	-76.0
2026-06-25T00:12:57.628819	157.0	-75.5
2026-06-25T00:12:57.629206	162.0	-74.5
2026-06-25T00:12:57.629758	166.0	-74.5
2026-06-25T00:13:07.135049	162.0	-71.0
2026-06-25T00:13:07.135775	164.0	-71.5
2026-06-25T00:13:07.136204	166.0	-71.0
2026-06-25T00:13:07.136548	169.0	-70.5
2026-06-25T00:13:07.136892	167.0	-71.0
2026-06-25T00:13:07.137223	163.0	-70.5
2026-06-25T00:13:07.137642	165.0	-70.0
2026-06-25T00:13:07.138070	169.0	-69.5
2026-06-25T00:13:07.138425	169.0	-70.0
2026-06-25T00:13:07.138754	166.0	-70.0
2026-06-25T00:13:07.139082	162.0	-70.5
2026-06-25T00:13:07.139417	161.0	-70.0
2026-06-25T00:13:16.745651	160.0	-75.5
2026-06-25T00:13:16.746348	162.0	-73.0
2026-06-25T00:13:16.746764	162.0	-73.5
2026-06-25T00:13:16.747129	160.0	-73.5
2026-06-25T00:13:16.747482	154.0	-74.5
2026-06-25T00:13:16.747823	160.0	-73.0
2026-06-25T00:13:16.748157	163.0	-72.5
2026-06-25T00:13:16.748500	159.0	-73.0
2026-06-25T00:13:16.748823	160.0	-73.0
2026-06-25T00:13:16.749155	161.0	-72.0
2026-06-25T00:13:16.750195	160.0	-74.5
2026-06-25T00:13:26.332831	145.0	-79.5
2026-06-25T00:13:26.333595	147.0	-79.0
2026-06-25T00:13:26.334093	145.0	-80.0
2026-06-25T00:13:26.334470	141.0	-81.0
2026-06-25T00:13:26.334804	140.0	-84.0
2026-06-25T00:13:26.335134	231.0	-81.0
2026-06-25T00:13:26.335464	190.0	-83.5
2026-06-25T00:13:26.335807	177.0	-82.5
2026-06-25T00:13:26.336142	163.0	-83.5
2026-06-25T00:13:26.336475	208.0	-86.0
2026-06-25T00:13:26.336799	181.0	-83.0
2026-06-25T00:13:35.788889	119.0	-83.5
2026-06-25T00:13:35.790422	117.0	-83.5
2026-06-25T00:13:35.791010	160.0	-86.5
2026-06-25T00:13:35.791437	244.0	-87.5
2026-06-25T00:13:35.791839	121.0	-84.0
2026-06-25T00:13:35.792262	181.0	-85.5
2026-06-25T00:13:35.792718	117.0	-82.0
2026-06-25T00:13:35.793138	157.0	-82.0
2026-06-25T00:13:35.793582	162.0	-83.5
2026-06-25T00:13:35.794007	257.0	-85.0
2026-06-25T00:13:35.794346	149.0	-86.0
2026-06-25T00:13:35.794680	254.0	-88.0
2026-06-25T00:13:45.293228	212.0	-83.5
2026-06-25T00:13:45.294324	216.0	-82.0
2026-06-25T00:13:45.294952	217.0	-81.5
2026-06-25T00:13:45.295416	218.0	-82.0
2026-06-25T00:13:45.295828	218.0	-82.5
2026-06-25T00:13:45.296250	216.0	-81.5
2026-06-25T00:13:45.296656	216.0	-82.5
2026-06-25T00:13:45.297066	213.0	-82.0
2026-06-25T00:13:45.297641	218.0	-82.0
2026-06-25T00:13:45.298428	210.0	-82.5
2026-06-25T00:13:45.299171	206.0	-83.5
2026-06-25T00:13:54.949227	198.0	-80.5
2026-06-25T00:13:54.950120	213.0	-79.5
2026-06-25T00:13:54.950646	190.0	-80.0
2026-06-25T00:13:54.951092	189.0	-80.0
2026-06-25T00:13:54.951519	183.0	-80.0
2026-06-25T00:13:54.951950	161.0	-80.5
2026-06-25T00:13:54.952381	192.0	-77.5
2026-06-25T00:13:54.952799	233.0	-76.5
2026-06-25T00:13:54.953205	231.0	-78.0
2026-06-25T00:13:54.953886	196.0	-83.5
2026-06-25T00:13:54.954421	172.0	-80.5
2026-06-25T00:14:04.644045	193.0	-76.5
2026-06-25T00:14:04.644738	211.0	-76.5
2026-06-25T00:14:04.645114	186.0	-77.0
2026-06-25T00:14:04.645591	151.0	-80.0
2026-06-25T00:14:04.646178	157.0	-78.5
2026-06-25T00:14:04.646630	158.0	-81.5
2026-06-25T00:14:04.647046	232.0	-78.0
2026-06-25T00:14:04.647460	177.0	-80.0
2026-06-25T00:14:04.647856	242.0	-77.5
2026-06-25T00:14:04.648260	247.0	-79.5
2026-06-25T00:14:04.648662	163.0	-85.5
2026-06-25T00:14:13.975939	118.0	-81.0
2026-06-25T00:14:13.977055	148.0	-81.5
2026-06-25T00:14:13.977597	203.0	-81.5
2026-06-25T00:14:13.977975	193.0	-81.0
2026-06-25T00:14:13.978315	158.0	-82.5
2026-06-25T00:14:13.978658	162.0	-82.0
2026-06-25T00:14:13.978987	205.0	-79.5
2026-06-25T00:14:13.979328	130.0	-82.0
2026-06-25T00:14:13.979653	137.0	-85.0
2026-06-25T00:14:13.979977	144.0	-83.5
2026-06-25T00:14:13.980382	164.0	-83.0
2026-06-25T00:14:13.980826	229.0	-82.0
2026-06-25T00:14:23.610283	157.0	-78.0
2026-06-25T00:14:23.611133	150.0	-77.0
2026-06-25T00:14:23.611681	183.0	-77.5
2026-06-25T00:14:23.612177	139.0	-79.5
2026-06-25T00:14:23.612613	138.0	-81.5
2026-06-25T00:14:23.613065	129.0	-83.5
2026-06-25T00:14:23.613785	134.0	-83.5
2026-06-25T00:14:23.614606	129.0	-83.0
2026-06-25T00:14:23.615293	131.0	-83.0
2026-06-25T00:14:23.615910	127.0	-83.0
2026-06-25T00:14:23.616544	125.0	-81.0
2026-06-25T00:14:23.617150	128.0	-82.0
2026-06-25T00:14:33.130771	204.0	-86.0
2026-06-25T00:14:33.131478	204.0	-81.0
2026-06-25T00:14:33.131869	183.0	-82.0
2026-06-25T00:14:33.132200	207.0	-84.0
2026-06-25T00:14:33.132522	185.0	-83.5
2026-06-25T00:14:33.132853	200.0	-83.0
2026-06-25T00:14:33.133165	164.0	-81.0
2026-06-25T00:14:33.133532	150.0	-79.5
2026-06-25T00:14:33.133966	186.0	-83.0
2026-06-25T00:14:33.134328	220.0	-80.0
2026-06-25T00:14:33.134657	153.0	-78.0
2026-06-25T00:14:33.134969	186.0	-81.0
2026-06-25T00:14:42.650359	167.0	-82.0
2026-06-25T00:14:42.651215	171.0	-81.0
2026-06-25T00:14:42.651641	182.0	-81.0
2026-06-25T00:14:42.651975	187.0	-82.0
2026-06-25T00:14:42.652297	179.0	-82.5
2026-06-25T00:14:42.652629	176.0	-81.5
2026-06-25T00:14:42.652955	168.0	-81.5
2026-06-25T00:14:42.653283	155.0	-83.0
2026-06-25T00:14:42.653935	165.0	-83.0
2026-06-25T00:14:42.654419	159.0	-83.0
2026-06-25T00:14:42.654756	170.0	-83.0
2026-06-25T00:14:42.655069	161.0	-83.5
2026-06-25T00:14:52.173632	174.0	-86.5
2026-06-25T00:14:52.174376	200.0	-84.5
2026-06-25T00:14:52.174902	133.0	-85.5
2026-06-25T00:14:52.175343	195.0	-84.5
2026-06-25T00:14:52.175761	119.0	-84.5
2026-06-25T00:14:52.176173	139.0	-84.0
2026-06-25T00:14:52.176617	118.0	-85.0
2026-06-25T00:14:52.177045	113.0	-85.0
2026-06-25T00:14:52.177473	108.0	-83.0
2026-06-25T00:14:52.178096	110.0	-84.5
2026-06-25T00:14:52.178591	112.0	-84.0
2026-06-25T00:14:52.179040	125.0	-82.5
2026-06-25T00:15:01.806578	107.0	-84.5
2026-06-25T00:15:01.807339	111.0	-83.0
2026-06-25T00:15:01.807750	114.0	-85.0
2026-06-25T00:15:01.808099	111.0	-86.0
2026-06-25T00:15:01.808439	114.0	-83.5
2026-06-25T00:15:01.808781	114.0	-84.0
2026-06-25T00:15:01.809107	138.0	-84.0
2026-06-25T00:15:01.809499	135.0	-83.5
2026-06-25T00:15:01.809895	121.0	-84.0
2026-06-25T00:15:01.810230	147.0	-83.0
2026-06-25T00:15:01.810570	152.0	-83.0
2026-06-25T00:15:11.246279	139.0	-86.0
2026-06-25T00:15:11.246995	146.0	-88.0
2026-06-25T00:15:11.247480	137.0	-85.5
2026-06-25T00:15:11.247929	136.0	-85.0
2026-06-25T00:15:11.248344	129.0	-86.0
2026-06-25T00:15:11.248743	131.0	-86.0
2026-06-25T00:15:11.249131	158.0	-85.0
2026-06-25T00:15:11.249591	136.0	-85.5
2026-06-25T00:15:11.250054	140.0	-85.0
2026-06-25T00:15:11.250483	151.0	-83.5
2026-06-25T00:15:11.250904	116.0	-83.0
2026-06-25T00:15:11.251320	148.0	-82.5
2026-06-25T00:15:20.784030	112.0	-83.0
2026-06-25T00:15:20.785194	112.0	-78.5
2026-06-25T00:15:20.785794	111.0	-81.0
2026-06-25T00:15:20.786463	106.0	-83.5
2026-06-25T00:15:20.786912	108.0	-82.5
2026-06-25T00:15:20.787490	113.0	-86.5
2026-06-25T00:15:20.788243	121.0	-85.0
2026-06-25T00:15:20.788941	130.0	-87.5
2026-06-25T00:15:20.789627	114.0	-85.0
2026-06-25T00:15:20.790123	226.0	-80.5
2026-06-25T00:15:20.790595	199.0	-85.5
2026-06-25T00:15:30.365275	60.0	-70.0
2026-06-25T00:15:30.366075	61.0	-70.5
2026-06-25T00:15:30.366507	57.0	-71.5
2026-06-25T00:15:30.366862	59.0	-71.0
2026-06-25T00:15:30.367197	58.0	-71.5
2026-06-25T00:15:30.367538	60.0	-70.5
2026-06-25T00:15:30.367872	61.0	-72.5
2026-06-25T00:15:30.368212	59.0	-72.0
2026-06-25T00:15:30.368539	60.0	-71.5
2026-06-25T00:15:30.368872	61.0	-71.5
2026-06-25T00:15:30.369203	59.0	-71.5
2026-06-25T00:15:30.369702	58.0	-70.0
2026-06-25T00:15:40.026966	54.0	-71.0
2026-06-25T00:15:40.028176	51.0	-72.0
2026-06-25T00:15:40.028707	53.0	-71.5
2026-06-25T00:15:40.029398	55.0	-72.0
2026-06-25T00:15:40.029911	54.0	-72.0
2026-06-25T00:15:40.030506	53.0	-72.0
2026-06-25T00:15:40.031213	53.0	-71.0
2026-06-25T00:15:40.031892	53.0	-72.0
2026-06-25T00:15:40.032627	59.0	-72.5
2026-06-25T00:15:40.033360	55.0	-72.0
2026-06-25T00:15:40.034238	54.0	-72.0
2026-06-25T00:15:40.035007	57.0	-72.5
2026-06-25T00:15:49.424126	55.0	-70.0
2026-06-25T00:15:49.425207	57.0	-69.5
2026-06-25T00:15:49.425784	57.0	-69.5
2026-06-25T00:15:49.426456	53.0	-71.0
2026-06-25T00:15:49.426890	58.0	-70.5
2026-06-25T00:15:49.427459	59.0	-70.0
2026-06-25T00:15:49.428027	63.0	-70.5
2026-06-25T00:15:49.428462	56.0	-70.5
2026-06-25T00:15:49.429122	58.0	-70.5
2026-06-25T00:15:49.429642	56.0	-71.0
2026-06-25T00:15:49.430310	53.0	-71.5
2026-06-25T00:15:59.226311	60.0	-71.5
2026-06-25T00:15:59.227109	61.0	-70.5
2026-06-25T00:15:59.227497	62.0	-70.5
2026-06-25T00:15:59.227832	62.0	-69.5
2026-06-25T00:15:59.228159	59.0	-70.5
2026-06-25T00:15:59.228482	64.0	-69.5
2026-06-25T00:15:59.228800	61.0	-69.5
2026-06-25T00:15:59.229125	65.0	-70.0
2026-06-25T00:15:59.229533	60.0	-69.5
2026-06-25T00:15:59.229956	65.0	-70.0
2026-06-25T00:15:59.230318	62.0	-68.5
2026-06-25T00:16:08.667693	61.0	-68.0
2026-06-25T00:16:08.668418	70.0	-66.5
2026-06-25T00:16:08.668843	62.0	-66.5
2026-06-25T00:16:08.669196	68.0	-65.5
2026-06-25T00:16:08.669633	69.0	-67.5
2026-06-25T00:16:08.670047	66.0	-67.0
2026-06-25T00:16:08.670373	68.0	-66.5
2026-06-25T00:16:08.670703	65.0	-69.5
2026-06-25T00:16:08.671028	50.0	-71.0
2026-06-25T00:16:08.671339	60.0	-72.0
2026-06-25T00:16:08.671650	62.0	-71.0
2026-06-25T00:16:18.190177	54.0	-71.0
2026-06-25T00:16:18.191345	69.0	-67.5
2026-06-25T00:16:18.191902	67.0	-68.0
2026-06-25T00:16:18.192584	67.0	-68.0
2026-06-25T00:16:18.193037	72.0	-69.0
2026-06-25T00:16:18.193702	64.0	-69.0
2026-06-25T00:16:18.194424	68.0	-68.5
2026-06-25T00:16:18.195018	71.0	-68.5
2026-06-25T00:16:18.195935	70.0	-69.5
2026-06-25T00:16:18.196834	68.0	-68.0
2026-06-25T00:16:18.197521	70.0	-69.0
2026-06-25T00:16:18.198333	73.0	-67.0
2026-06-25T00:16:27.888356	65.0	-68.5
2026-06-25T00:16:27.889034	70.0	-68.5
2026-06-25T00:16:27.889407	77.0	-68.0
2026-06-25T00:16:27.889984	77.0	-66.5
2026-06-25T00:16:27.890397	76.0	-67.5
2026-06-25T00:16:27.890742	77.0	-67.5
2026-06-25T00:16:27.891080	73.0	-67.5
2026-06-25T00:16:27.891421	77.0	-68.5
2026-06-25T00:16:27.891758	72.0	-67.0
2026-06-25T00:16:27.892081	77.0	-66.5
2026-06-25T00:16:27.892422	72.0	-66.0
2026-06-25T00:16:37.236691	68.0	-69.5
2026-06-25T00:16:37.237344	73.0	-70.0
2026-06-25T00:16:37.238243	59.0	-73.5
2026-06-25T00:16:37.238788	54.0	-69.5
2026-06-25T00:16:37.239216	76.0	-68.0
2026-06-25T00:16:37.239565	63.0	-69.0
2026-06-25T00:16:37.239900	72.0	-66.5
2026-06-25T00:16:37.240249	76.0	-64.5
2026-06-25T00:16:37.240595	78.0	-64.0
2026-06-25T00:16:37.240923	77.0	-64.5
2026-06-25T00:16:37.241860	63.0	-71.5
2026-06-25T00:16:37.242495	77.0	-69.0
2026-06-25T00:16:46.837205	43.0	-70.0
2026-06-25T00:16:46.837958	65.0	-69.5
2026-06-25T00:16:46.838369	92.0	-73.5
2026-06-25T00:16:46.838723	95.0	-70.5
2026-06-25T00:16:46.839069	92.0	-71.0
2026-06-25T00:16:46.839398	68.0	-71.5
2026-06-25T00:16:46.839734	44.0	-73.5
2026-06-25T00:16:46.840077	101.0	-68.5
2026-06-25T00:16:46.840413	102.0	-69.0
2026-06-25T00:16:46.840737	88.0	-66.5
2026-06-25T00:16:46.841077	72.0	-66.0
2026-06-25T00:16:46.841397	61.0	-67.0
2026-06-25T00:16:56.434007	172.0	-74.0
2026-06-25T00:16:56.434748	168.0	-79.0
2026-06-25T00:16:56.435144	165.0	-77.5
2026-06-25T00:16:56.435506	168.0	-79.0
2026-06-25T00:16:56.435838	195.0	-75.5
2026-06-25T00:16:56.436172	166.0	-78.0
2026-06-25T00:16:56.436498	247.0	-78.5
2026-06-25T00:16:56.436837	165.0	-80.0
2026-06-25T00:16:56.437163	182.0	-79.5
2026-06-25T00:16:56.437643	188.0	-81.0
2026-06-25T00:17:05.996910	152.0	-78.0
2026-06-25T00:17:05.997769	152.0	-80.0
2026-06-25T00:17:05.998218	160.0	-78.0
2026-06-25T00:17:05.998562	167.0	-76.0
2026-06-25T00:17:05.998898	169.0	-78.5
2026-06-25T00:17:05.999242	175.0	-77.5
2026-06-25T00:17:05.999580	186.0	-77.0
2026-06-25T00:17:05.999913	180.0	-76.0
2026-06-25T00:17:06.000241	176.0	-73.5
2026-06-25T00:17:15.437774	181.0	-75.0
2026-06-25T00:17:15.438487	177.0	-73.5
2026-06-25T00:17:15.438883	183.0	-74.0
2026-06-25T00:17:15.439231	191.0	-73.5
2026-06-25T00:17:15.439572	205.0	-77.0
2026-06-25T00:17:15.439917	152.0	-74.5
2026-06-25T00:17:15.440252	157.0	-75.0
2026-06-25T00:17:15.440582	164.0	-73.5
2026-06-25T00:17:15.440918	160.0	-71.5
2026-06-25T00:17:15.441256	160.0	-71.0
2026-06-25T00:17:25.058839	162.0	-73.0
2026-06-25T00:17:25.059799	164.0	-76.0
2026-06-25T00:17:25.060380	170.0	-73.0
2026-06-25T00:17:25.060849	168.0	-75.0
2026-06-25T00:17:25.061277	174.0	-72.5
2026-06-25T00:17:25.061828	175.0	-72.5
2026-06-25T00:17:25.062316	167.0	-70.5
2026-06-25T00:17:25.062775	167.0	-72.5
2026-06-25T00:17:25.063220	169.0	-72.0
2026-06-25T00:17:25.063638	169.0	-71.5
2026-06-25T00:17:25.064169	165.0	-75.5
2026-06-25T00:17:34.583171	168.0	-77.0
2026-06-25T00:17:34.583907	164.0	-79.5
2026-06-25T00:17:34.584423	148.0	-76.5
2026-06-25T00:17:34.584865	137.0	-74.5
2026-06-25T00:17:34.585285	159.0	-74.0
2026-06-25T00:17:34.585738	159.0	-71.0
2026-06-25T00:17:34.586386	121.0	-72.5
2026-06-25T00:17:34.586889	156.0	-73.5
2026-06-25T00:17:34.587493	162.0	-73.0
2026-06-25T00:17:34.588190	208.0	-76.0
2026-06-25T00:17:34.588657	196.0	-73.5
2026-06-25T00:17:44.309289	167.0	-72.5
2026-06-25T00:17:44.310099	164.0	-74.0
2026-06-25T00:17:44.310478	167.0	-73.5
2026-06-25T00:17:44.310829	169.0	-76.0
2026-06-25T00:17:44.311185	143.0	-76.5
2026-06-25T00:17:44.311527	152.0	-79.5
2026-06-25T00:17:44.311861	152.0	-79.0
2026-06-25T00:17:44.312190	166.0	-79.5
2026-06-25T00:17:44.312524	172.0	-76.5
2026-06-25T00:17:44.312857	178.0	-75.5
2026-06-25T00:17:53.925523	187.0	-75.5
2026-06-25T00:17:53.926272	187.0	-80.5
2026-06-25T00:17:53.926683	171.0	-81.0
2026-06-25T00:17:53.927027	171.0	-78.5
2026-06-25T00:17:53.927372	172.0	-78.0
2026-06-25T00:17:53.927704	178.0	-81.0
2026-06-25T00:17:53.928033	170.0	-79.5
2026-06-25T00:17:53.928374	175.0	-76.5
2026-06-25T00:17:53.928709	176.0	-79.5
2026-06-25T00:17:53.929042	178.0	-78.0
2026-06-25T00:18:03.397852	173.0	-73.5
2026-06-25T00:18:03.399182	175.0	-73.5
2026-06-25T00:18:03.400225	181.0	-72.5
2026-06-25T00:18:03.401053	185.0	-74.0
2026-06-25T00:18:03.401712	173.0	-75.0
2026-06-25T00:18:03.402177	164.0	-77.5
2026-06-25T00:18:03.402755	172.0	-77.5
2026-06-25T00:18:03.403363	176.0	-76.0
2026-06-25T00:18:03.404163	174.0	-75.0
2026-06-25T00:18:03.406844	175.0	-75.0
2026-06-25T00:18:12.927446	200.0	-73.0
2026-06-25T00:18:12.928196	160.0	-75.5
2026-06-25T00:18:12.928631	162.0	-78.0
2026-06-25T00:18:12.928979	200.0	-79.0
2026-06-25T00:18:12.929314	147.0	-83.5
2026-06-25T00:18:12.929764	161.0	-78.5
2026-06-25T00:18:12.930189	175.0	-74.5
2026-06-25T00:18:12.930543	174.0	-76.0
2026-06-25T00:18:12.930875	177.0	-75.5
2026-06-25T00:18:12.931213	165.0	-74.5
2026-06-25T00:18:12.931543	170.0	-77.0
2026-06-25T00:18:22.272326	136.0	-82.5
2026-06-25T00:18:22.272995	151.0	-82.0
2026-06-25T00:18:22.273365	158.0	-82.0
2026-06-25T00:18:22.273991	153.0	-82.0
2026-06-25T00:18:22.274469	160.0	-80.5
2026-06-25T00:18:22.274901	156.0	-82.5
2026-06-25T00:18:22.275300	153.0	-81.5
2026-06-25T00:18:22.275652	162.0	-81.5
2026-06-25T00:18:22.275994	164.0	-81.5
2026-06-25T00:18:22.276336	160.0	-82.0
2026-06-25T00:18:22.276666	165.0	-82.0
2026-06-25T00:18:22.277516	168.0	-81.5
2026-06-25T00:18:31.824719	118.0	-81.5
2026-06-25T00:18:31.825531	122.0	-83.5
2026-06-25T00:18:31.826065	131.0	-82.5
2026-06-25T00:18:31.826442	119.0	-84.0
2026-06-25T00:18:31.826777	107.0	-85.0
2026-06-25T00:18:31.827107	118.0	-84.5
2026-06-25T00:18:31.827444	173.0	-84.5
2026-06-25T00:18:31.827781	155.0	-85.0
2026-06-25T00:18:31.828108	224.0	-86.0
2026-06-25T00:18:31.828435	189.0	-86.5
2026-06-25T00:18:31.828784	165.0	-84.0
2026-06-25T00:18:31.829406	134.0	-84.5
2026-06-25T00:18:41.668834	220.0	-88.0
2026-06-25T00:18:41.669886	154.0	-87.0
2026-06-25T00:18:41.670477	183.0	-87.0
2026-06-25T00:18:41.670943	119.0	-86.0
2026-06-25T00:18:41.671383	131.0	-86.5
2026-06-25T00:18:41.671832	211.0	-83.5
2026-06-25T00:18:41.672268	214.0	-82.0
2026-06-25T00:18:41.672691	209.0	-83.5
2026-06-25T00:18:41.673117	199.0	-83.0
2026-06-25T00:18:41.674534	206.0	-83.0
2026-06-25T00:18:50.875751	114.0	-85.5
2026-06-25T00:18:50.876516	137.0	-83.5
2026-06-25T00:18:50.876936	150.0	-82.5
2026-06-25T00:18:50.877290	105.0	-84.5
2026-06-25T00:18:50.877775	92.0	-85.0
2026-06-25T00:18:50.878199	166.0	-86.0
2026-06-25T00:18:50.878540	174.0	-84.5
2026-06-25T00:18:50.878887	159.0	-84.0
2026-06-25T00:18:50.879218	137.0	-85.0
2026-06-25T00:18:50.879547	133.0	-87.0
2026-06-25T00:18:50.879876	205.0	-84.5
2026-06-25T00:19:00.760946	107.0	-85.5
2026-06-25T00:19:00.762119	148.0	-86.0
2026-06-25T00:19:00.762639	128.0	-86.0
2026-06-25T00:19:00.763281	174.0	-88.5
2026-06-25T00:19:00.763724	163.0	-83.5
2026-06-25T00:19:00.764303	142.0	-83.0
2026-06-25T00:19:00.764876	134.0	-83.0
2026-06-25T00:19:00.765363	136.0	-82.0
2026-06-25T00:19:00.766047	136.0	-83.5
2026-06-25T00:19:00.766529	159.0	-85.0
2026-06-25T00:19:10.042103	175.0	-84.0
2026-06-25T00:19:10.042747	152.0	-84.0
2026-06-25T00:19:10.043104	153.0	-84.0
2026-06-25T00:19:10.043429	121.0	-83.0
2026-06-25T00:19:10.043749	148.0	-83.5
2026-06-25T00:19:10.044083	187.0	-84.5
2026-06-25T00:19:10.044407	129.0	-82.5
2026-06-25T00:19:10.044732	131.0	-83.5
2026-06-25T00:19:10.045055	133.0	-83.5
2026-06-25T00:19:10.045376	103.0	-83.0
2026-06-25T00:19:10.045988	109.0	-84.5
2026-06-25T00:19:10.046439	108.0	-82.0
2026-06-25T00:19:19.927526	258.0	-85.5
2026-06-25T00:19:19.928196	255.0	-85.5
2026-06-25T00:19:19.928567	206.0	-84.5
2026-06-25T00:19:19.928917	202.0	-83.5
2026-06-25T00:19:19.929259	258.0	-85.0
2026-06-25T00:19:19.929782	247.0	-85.0
2026-06-25T00:19:19.930363	256.0	-85.5
2026-06-25T00:19:19.930790	195.0	-83.5
2026-06-25T00:19:19.931193	216.0	-80.5
2026-06-25T00:19:29.173542	96.0	-83.0
2026-06-25T00:19:29.174664	113.0	-84.0
2026-06-25T00:19:29.175411	107.0	-80.0
2026-06-25T00:19:29.175859	100.0	-78.0
2026-06-25T00:19:29.176446	104.0	-78.0
2026-06-25T00:19:29.177030	103.0	-76.5
2026-06-25T00:19:29.177954	111.0	-72.0
2026-06-25T00:19:29.178459	121.0	-76.5
2026-06-25T00:19:29.179026	132.0	-79.5
2026-06-25T00:19:29.179574	120.0	-82.0
2026-06-25T00:19:29.180715	160.0	-84.5
2026-06-25T00:19:38.681508	103.0	-72.0
2026-06-25T00:19:38.682253	103.0	-69.0
2026-06-25T00:19:38.682741	105.0	-70.5
2026-06-25T00:19:38.683186	109.0	-70.5
2026-06-25T00:19:38.683674	111.0	-72.0
2026-06-25T00:19:38.684136	108.0	-71.5
2026-06-25T00:19:38.684571	110.0	-70.0
2026-06-25T00:19:38.684988	103.0	-74.0
2026-06-25T00:19:38.685405	102.0	-80.5
2026-06-25T00:19:38.685903	106.0	-81.0
2026-06-25T00:19:38.686325	109.0	-83.0
2026-06-25T00:19:48.354674	148.0	-86.5
2026-06-25T00:19:48.355435	143.0	-85.5
2026-06-25T00:19:48.355933	153.0	-86.0
2026-06-25T00:19:48.356367	143.0	-85.0
2026-06-25T00:19:48.356771	152.0	-85.0
2026-06-25T00:19:48.357164	137.0	-85.5
2026-06-25T00:19:48.357612	122.0	-84.5
2026-06-25T00:19:48.358035	127.0	-86.0
2026-06-25T00:19:48.358434	141.0	-85.5
2026-06-25T00:19:48.358835	149.0	-86.5
2026-06-25T00:19:48.359258	135.0	-85.5
2026-06-25T00:19:57.869686	57.0	-67.0
2026-06-25T00:19:57.870429	63.0	-65.0
2026-06-25T00:19:57.870860	61.0	-64.5
2026-06-25T00:19:57.871236	62.0	-63.5
2026-06-25T00:19:57.871588	62.0	-62.5
2026-06-25T00:19:57.871930	63.0	-64.0
2026-06-25T00:19:57.872258	64.0	-63.5
2026-06-25T00:19:57.872602	67.0	-64.5
2026-06-25T00:19:57.872937	66.0	-66.0
2026-06-25T00:19:57.873264	64.0	-68.0
2026-06-25T00:19:57.873785	62.0	-69.5
2026-06-25T00:19:57.874286	57.0	-68.5
2026-06-25T00:20:07.351760	54.0	-70.5
2026-06-25T00:20:07.352503	73.0	-69.5
2026-06-25T00:20:07.352926	52.0	-72.5
2026-06-25T00:20:07.353282	54.0	-70.5
2026-06-25T00:20:07.353744	65.0	-71.0
2026-06-25T00:20:07.354156	98.0	-70.0
2026-06-25T00:20:07.354505	83.0	-68.0
2026-06-25T00:20:07.354840	89.0	-66.0
2026-06-25T00:20:07.355165	86.0	-66.0
2026-06-25T00:20:07.355499	92.0	-68.0
2026-06-25T00:20:07.355830	86.0	-66.5
2026-06-25T00:20:07.356166	65.0	-70.0
2026-06-25T00:20:17.031661	72.0	-73.0
2026-06-25T00:20:17.032312	76.0	-71.5
2026-06-25T00:20:17.032695	80.0	-71.0
2026-06-25T00:20:17.033038	82.0	-71.0
2026-06-25T00:20:17.033375	84.0	-70.5
2026-06-25T00:20:17.033924	89.0	-70.0
2026-06-25T00:20:17.034384	87.0	-70.0
2026-06-25T00:20:17.034747	87.0	-70.5
2026-06-25T00:20:17.035094	80.0	-74.0
2026-06-25T00:20:17.035424	68.0	-70.0
2026-06-25T00:20:17.035762	92.0	-71.5
2026-06-25T00:20:26.384844	97.0	-71.5
2026-06-25T00:20:26.386045	31.0	-71.0
2026-06-25T00:20:26.386608	59.0	-66.0
2026-06-25T00:20:26.387279	55.0	-66.0
2026-06-25T00:20:26.387736	72.0	-61.0
2026-06-25T00:20:26.388324	57.0	-62.0
2026-06-25T00:20:26.388912	58.0	-65.5
2026-06-25T00:20:26.389387	74.0	-73.0
2026-06-25T00:20:26.390160	56.0	-70.5
2026-06-25T00:20:26.390881	94.0	-71.0
2026-06-25T00:20:26.391350	59.0	-63.5
2026-06-25T00:20:26.392060	60.0	-62.0
2026-06-25T00:20:36.145552	58.0	-70.0
2026-06-25T00:20:36.146279	55.0	-71.0
2026-06-25T00:20:36.146896	19.0	-74.5
2026-06-25T00:20:36.147266	7.0	-77.0
2026-06-25T00:20:36.147590	90.0	-73.5
2026-06-25T00:20:36.147919	56.0	-70.5
2026-06-25T00:20:36.148240	65.0	-72.0
2026-06-25T00:20:36.148557	60.0	-71.0
2026-06-25T00:20:36.148869	57.0	-70.5
2026-06-25T00:20:36.149190	56.0	-71.5
2026-06-25T00:20:36.149695	59.0	-72.5
2026-06-25T00:20:45.556171	106.0	-71.0
2026-06-25T00:20:45.556890	65.0	-70.0
2026-06-25T00:20:45.557300	61.0	-69.5
2026-06-25T00:20:45.557788	61.0	-69.0
2026-06-25T00:20:45.558195	53.0	-70.0
2026-06-25T00:20:45.558532	53.0	-71.0
2026-06-25T00:20:45.558862	59.0	-70.5
2026-06-25T00:20:45.559208	52.0	-74.0
2026-06-25T00:20:45.559542	59.0	-71.0
2026-06-25T00:20:45.559869	58.0	-71.5
2026-06-25T00:20:45.560199	59.0	-72.0
2026-06-25T00:20:45.560530	58.0	-69.5
2026-06-25T00:20:55.100627	58.0	-72.0
2026-06-25T00:20:55.101338	61.0	-68.0
2026-06-25T00:20:55.101832	69.0	-68.5
2026-06-25T00:20:55.102206	69.0	-66.0
2026-06-25T00:20:55.102542	65.0	-68.0
2026-06-25T00:20:55.102873	67.0	-68.0
2026-06-25T00:20:55.103200	66.0	-68.0
2026-06-25T00:20:55.103535	69.0	-68.0
2026-06-25T00:20:55.103862	68.0	-69.0
2026-06-25T00:20:55.104190	64.0	-69.5
2026-06-25T00:20:55.104536	67.0	-68.5
2026-06-25T00:20:55.104895	65.0	-69.5
2026-06-25T00:21:04.721716	49.0	-75.5
2026-06-25T00:21:04.722490	54.0	-72.5
2026-06-25T00:21:04.723100	55.0	-74.5
2026-06-25T00:21:04.723562	48.0	-74.0
2026-06-25T00:21:04.723993	50.0	-74.5
2026-06-25T00:21:04.724511	74.0	-71.0
2026-06-25T00:21:04.724968	64.0	-73.5
2026-06-25T00:21:04.725826	64.0	-71.5
2026-06-25T00:21:04.726509	106.0	-68.0
2026-06-25T00:21:04.727138	64.0	-80.0
2026-06-25T00:21:14.433722	188.0	-83.0
2026-06-25T00:21:14.434677	161.0	-83.5
2026-06-25T00:21:14.435552	170.0	-83.0
2026-06-25T00:21:14.436029	225.0	-81.5
2026-06-25T00:21:14.436678	216.0	-80.0
2026-06-25T00:21:14.437282	276.0	-84.0
2026-06-25T00:21:14.438289	132.0	-87.5
2026-06-25T00:21:14.439224	136.0	-83.0
2026-06-25T00:21:14.439935	177.0	-81.0
2026-06-25T00:21:14.440318	217.0	-78.0
2026-06-25T00:21:23.685356	152.0	-83.5
2026-06-25T00:21:23.686186	118.0	-86.0
2026-06-25T00:21:23.686599	154.0	-84.0
2026-06-25T00:21:23.686946	150.0	-84.5
2026-06-25T00:21:23.687292	153.0	-84.5
2026-06-25T00:21:23.687630	140.0	-83.0
2026-06-25T00:21:23.687960	126.0	-86.0
2026-06-25T00:21:23.688293	125.0	-85.5
2026-06-25T00:21:23.688628	125.0	-85.0
2026-06-25T00:21:23.688952	151.0	-84.0
2026-06-25T00:21:23.689273	137.0	-83.5
2026-06-25T00:21:33.276969	164.0	-84.5
2026-06-25T00:21:33.277780	151.0	-84.0
2026-06-25T00:21:33.278219	152.0	-84.5
2026-06-25T00:21:33.278580	108.0	-85.0
2026-06-25T00:21:33.278919	107.0	-85.0
2026-06-25T00:21:33.279251	137.0	-84.5
2026-06-25T00:21:33.279589	155.0	-84.5
2026-06-25T00:21:33.279929	201.0	-84.0
2026-06-25T00:21:33.280257	177.0	-84.0
2026-06-25T00:21:33.280581	152.0	-84.0
2026-06-25T00:21:33.280906	147.0	-84.5
2026-06-25T00:21:33.281247	148.0	-84.0
2026-06-25T00:21:43.036252	134.0	-84.5
2026-06-25T00:21:43.037116	114.0	-83.5
2026-06-25T00:21:43.037810	108.0	-79.0
2026-06-25T00:21:43.038316	108.0	-79.0
2026-06-25T00:21:43.038771	110.0	-79.0
2026-06-25T00:21:43.039208	113.0	-80.0
2026-06-25T00:21:43.039638	110.0	-81.5
2026-06-25T00:21:43.040087	112.0	-79.0
2026-06-25T00:21:43.040517	110.0	-81.5
2026-06-25T00:21:43.040998	113.0	-82.5
2026-06-25T00:21:43.041530	112.0	-81.0
2026-06-25T00:21:52.532934	130.0	-87.5
2026-06-25T00:21:52.533818	157.0	-84.0
2026-06-25T00:21:52.534352	142.0	-82.5
2026-06-25T00:21:52.534821	118.0	-83.5
2026-06-25T00:21:52.535258	138.0	-85.5
2026-06-25T00:21:52.535687	104.0	-85.0
2026-06-25T00:21:52.536095	126.0	-85.0
2026-06-25T00:21:52.536513	123.0	-83.5
2026-06-25T00:21:52.536931	141.0	-86.0
2026-06-25T00:21:52.537342	150.0	-84.0
2026-06-25T00:21:52.537792	151.0	-84.5
2026-06-25T00:22:01.864084	167.0	-87.0
2026-06-25T00:22:01.864729	145.0	-85.5
2026-06-25T00:22:01.865118	141.0	-86.0
2026-06-25T00:22:01.865527	151.0	-85.0
2026-06-25T00:22:01.865981	137.0	-85.0
2026-06-25T00:22:01.866361	138.0	-84.5
2026-06-25T00:22:01.866705	137.0	-86.5
2026-06-25T00:22:01.867045	166.0	-85.0
2026-06-25T00:22:01.867425	147.0	-85.0
2026-06-25T00:22:01.867746	113.0	-87.0
2026-06-25T00:22:01.868057	129.0	-84.0
2026-06-25T00:22:01.868375	182.0	-84.5
2026-06-25T00:22:11.623067	62.0	-68.0
2026-06-25T00:22:11.623786	62.0	-68.5
2026-06-25T00:22:11.624198	54.0	-71.5
2026-06-25T00:22:11.624538	54.0	-72.0
2026-06-25T00:22:11.624862	60.0	-71.0
2026-06-25T00:22:11.625181	68.0	-69.5
2026-06-25T00:22:11.625584	66.0	-70.0
2026-06-25T00:22:11.626046	60.0	-70.0
2026-06-25T00:22:11.626404	54.0	-71.0
2026-06-25T00:22:11.626721	65.0	-70.0
2026-06-25T00:22:21.195396	60.0	-70.0
2026-06-25T00:22:21.196054	63.0	-69.5
2026-06-25T00:22:21.196419	66.0	-68.0
2026-06-25T00:22:21.196743	64.0	-69.5
2026-06-25T00:22:21.197072	62.0	-69.5
2026-06-25T00:22:21.197393	63.0	-68.0
2026-06-25T00:22:21.197958	55.0	-69.5
2026-06-25T00:22:21.198417	65.0	-70.0
2026-06-25T00:22:21.198754	57.0	-73.5
2026-06-25T00:22:21.199081	56.0	-76.5
2026-06-25T00:22:21.199402	54.0	-76.5
2026-06-25T00:22:30.857977	63.0	-68.5
2026-06-25T00:22:30.858638	62.0	-68.5
2026-06-25T00:22:30.859004	65.0	-69.0
2026-06-25T00:22:30.859341	63.0	-69.0
2026-06-25T00:22:30.859674	62.0	-68.5
2026-06-25T00:22:30.860014	63.0	-69.5
2026-06-25T00:22:30.860352	57.0	-71.0
2026-06-25T00:22:30.860683	57.0	-70.0
2026-06-25T00:22:30.861006	59.0	-70.0
2026-06-25T00:22:30.861325	64.0	-70.5
2026-06-25T00:22:40.350068	68.0	-68.0
2026-06-25T00:22:40.350811	73.0	-69.5
2026-06-25T00:22:40.351206	46.0	-76.0
2026-06-25T00:22:40.351548	51.0	-76.0
2026-06-25T00:22:40.351882	56.0	-71.0
2026-06-25T00:22:40.352208	61.0	-71.5
2026-06-25T00:22:40.352547	67.0	-66.0
2026-06-25T00:22:40.352875	64.0	-64.5
2026-06-25T00:22:40.353212	60.0	-67.0
2026-06-25T00:22:40.354358	55.0	-66.5
2026-06-25T00:22:40.355019	60.0	-68.0
2026-06-25T00:22:49.645185	81.0	-77.0
2026-06-25T00:22:49.646777	79.0	-69.5
2026-06-25T00:22:49.647978	90.0	-69.5
2026-06-25T00:22:49.649148	88.0	-69.5
2026-06-25T00:22:49.650147	79.0	-70.0
2026-06-25T00:22:49.651464	74.0	-68.5
2026-06-25T00:22:49.652601	73.0	-69.0
2026-06-25T00:22:49.654641	48.0	-70.5
2026-06-25T00:22:49.655872	62.0	-76.5
2026-06-25T00:22:49.657684	64.0	-67.5
2026-06-25T00:22:49.658892	66.0	-65.0
2026-06-25T00:22:49.659587	70.0	-64.0
2026-06-25T00:22:59.211603	67.0	-65.0
2026-06-25T00:22:59.212248	70.0	-64.5
2026-06-25T00:22:59.212633	65.0	-65.0
2026-06-25T00:22:59.212970	67.0	-65.5
2026-06-25T00:22:59.213311	72.0	-65.0
2026-06-25T00:22:59.213883	71.0	-65.0
2026-06-25T00:22:59.214328	61.0	-66.5
2026-06-25T00:22:59.214690	62.0	-66.0
2026-06-25T00:22:59.215023	60.0	-66.0
2026-06-25T00:22:59.215349	68.0	-63.5
2026-06-25T00:22:59.215691	67.0	-63.5
2026-06-25T00:22:59.216019	65.0	-66.0
2026-06-25T00:23:09.012282	174.0	-72.5
2026-06-25T00:23:09.012958	176.0	-72.5
2026-06-25T00:23:09.013334	178.0	-71.5
2026-06-25T00:23:09.013837	181.0	-72.5
2026-06-25T00:23:09.014270	181.0	-71.0
2026-06-25T00:23:09.014623	181.0	-70.5
2026-06-25T00:23:09.014963	178.0	-71.0
2026-06-25T00:23:09.015296	182.0	-71.5
2026-06-25T00:23:09.015639	179.0	-72.0
2026-06-25T00:23:09.015966	175.0	-73.0
2026-06-25T00:23:18.503088	170.0	-74.0
2026-06-25T00:23:18.503829	172.0	-72.5
2026-06-25T00:23:18.504352	169.0	-74.0
2026-06-25T00:23:18.504789	174.0	-75.5
2026-06-25T00:23:18.505214	174.0	-74.0
2026-06-25T00:23:18.505666	175.0	-73.5
2026-06-25T00:23:18.506092	167.0	-73.5
2026-06-25T00:23:18.506506	170.0	-72.5
2026-06-25T00:23:18.506912	171.0	-74.5
2026-06-25T00:23:18.507577	173.0	-72.5
2026-06-25T00:23:18.508061	169.0	-72.0
2026-06-25T00:23:27.813728	174.0	-73.0
2026-06-25T00:23:27.814473	175.0	-70.5
2026-06-25T00:23:27.814919	174.0	-71.5
2026-06-25T00:23:27.815278	174.0	-70.5
2026-06-25T00:23:27.815637	172.0	-71.5
2026-06-25T00:23:27.815986	172.0	-71.0
2026-06-25T00:23:27.816334	171.0	-71.5
2026-06-25T00:23:27.816694	169.0	-72.0
2026-06-25T00:23:27.817028	168.0	-71.5
2026-06-25T00:23:27.817367	168.0	-71.5
2026-06-25T00:23:27.817956	171.0	-71.0
2026-06-25T00:23:27.818412	172.0	-71.0
2026-06-25T00:23:37.517727	173.0	-71.5
2026-06-25T00:23:37.518460	174.0	-72.5
2026-06-25T00:23:37.518842	172.0	-72.0
2026-06-25T00:23:37.519189	170.0	-71.0
2026-06-25T00:23:37.519583	172.0	-72.0
2026-06-25T00:23:37.519909	174.0	-71.5
2026-06-25T00:23:37.520237	173.0	-71.5
2026-06-25T00:23:37.520567	169.0	-71.0
2026-06-25T00:23:37.520881	172.0	-70.0
2026-06-25T00:23:37.521192	171.0	-72.5
2026-06-25T00:23:47.090841	169.0	-73.5
2026-06-25T00:23:47.091550	175.0	-71.5
2026-06-25T00:23:47.091925	170.0	-73.0
2026-06-25T00:23:47.092267	171.0	-73.5
2026-06-25T00:23:47.092612	174.0	-72.0
2026-06-25T00:23:47.092939	174.0	-72.5
2026-06-25T00:23:47.093275	173.0	-74.0
2026-06-25T00:23:47.093701	176.0	-72.0
2026-06-25T00:23:47.094131	175.0	-71.0
2026-06-25T00:23:47.094507	172.0	-72.5
2026-06-25T00:23:47.094856	175.0	-71.5
2026-06-25T00:23:56.656676	175.0	-70.0
2026-06-25T00:23:56.657846	168.0	-69.5
2026-06-25T00:23:56.658401	163.0	-71.5
2026-06-25T00:23:56.659069	161.0	-70.5
2026-06-25T00:23:56.659519	163.0	-70.0
2026-06-25T00:23:56.660092	164.0	-70.5
2026-06-25T00:23:56.660684	167.0	-70.0
2026-06-25T00:23:56.661119	158.0	-72.0
2026-06-25T00:23:56.661601	165.0	-69.5
2026-06-25T00:23:56.662079	168.0	-70.5
2026-06-25T00:23:56.662535	164.0	-71.0
2026-06-25T00:24:06.241579	174.0	-70.5
2026-06-25T00:24:06.242577	177.0	-71.5
2026-06-25T00:24:06.243180	174.0	-71.0
2026-06-25T00:24:06.243677	180.0	-71.0
2026-06-25T00:24:06.244125	178.0	-70.5
2026-06-25T00:24:06.244579	180.0	-70.5
2026-06-25T00:24:06.245014	176.0	-70.0
2026-06-25T00:24:06.246130	176.0	-70.0
2026-06-25T00:24:06.247260	176.0	-69.5
2026-06-25T00:24:06.248313	176.0	-71.0
2026-06-25T00:24:06.249454	178.0	-71.0
2026-06-25T00:24:15.635746	160.0	-72.0
2026-06-25T00:24:15.636869	170.0	-71.5
2026-06-25T00:24:15.637342	166.0	-72.0
2026-06-25T00:24:15.637809	166.0	-73.5
2026-06-25T00:24:15.638178	170.0	-72.0
2026-06-25T00:24:15.638514	171.0	-72.5
2026-06-25T00:24:15.638853	172.0	-74.0
2026-06-25T00:24:15.639188	175.0	-74.5
2026-06-25T00:24:15.639527	171.0	-71.5
2026-06-25T00:24:15.639931	176.0	-72.5
2026-06-25T00:24:15.640424	175.0	-72.5
2026-06-25T00:24:15.640925	175.0	-71.5
2026-06-25T00:24:25.211195	172.0	-76.5
2026-06-25T00:24:25.211934	172.0	-76.5
2026-06-25T00:24:25.212359	176.0	-76.5
2026-06-25T00:24:25.212712	176.0	-75.5
2026-06-25T00:24:25.213056	178.0	-76.5
2026-06-25T00:24:25.213394	176.0	-76.0
2026-06-25T00:24:25.213984	176.0	-76.5
2026-06-25T00:24:25.214369	172.0	-76.0
2026-06-25T00:24:25.214705	173.0	-75.5
2026-06-25T00:24:25.215043	173.0	-75.5
2026-06-25T00:24:25.215381	171.0	-77.0
2026-06-25T00:24:25.215704	175.0	-76.0
2026-06-25T00:24:34.820776	176.0	-72.5
2026-06-25T00:24:34.821567	179.0	-73.0
2026-06-25T00:24:34.821983	177.0	-72.5
2026-06-25T00:24:34.822339	179.0	-73.0
2026-06-25T00:24:34.822676	178.0	-73.0
2026-06-25T00:24:34.823013	176.0	-72.0
2026-06-25T00:24:34.823347	177.0	-72.0
2026-06-25T00:24:34.823682	176.0	-72.5
2026-06-25T00:24:34.824027	177.0	-72.5
2026-06-25T00:24:34.824362	176.0	-74.0
2026-06-25T00:24:34.824691	174.0	-74.5
2026-06-25T00:24:44.351068	145.0	-80.5
2026-06-25T00:24:44.351765	137.0	-80.0
2026-06-25T00:24:44.352141	122.0	-77.5
2026-06-25T00:24:44.352494	146.0	-81.0
2026-06-25T00:24:44.352833	124.0	-76.5
2026-06-25T00:24:44.353175	110.0	-77.5
2026-06-25T00:24:44.353650	145.0	-78.5
2026-06-25T00:24:44.354181	130.0	-81.0
2026-06-25T00:24:44.354621	134.0	-76.5
2026-06-25T00:24:53.734677	139.0	-84.5
2026-06-25T00:24:53.735408	147.0	-86.5
2026-06-25T00:24:53.735804	149.0	-85.5
2026-06-25T00:24:53.736186	218.0	-82.5
2026-06-25T00:24:53.736612	201.0	-85.0
2026-06-25T00:24:53.737062	165.0	-85.5
2026-06-25T00:24:53.737468	139.0	-88.0
2026-06-25T00:24:53.737913	139.0	-86.0
2026-06-25T00:24:53.738269	136.0	-86.0
2026-06-25T00:24:53.738601	159.0	-85.0
2026-06-25T00:24:53.738925	152.0	-90.0
2026-06-25T00:24:53.739258	150.0	-85.5
2026-06-25T00:25:03.284155	119.0	-85.0
2026-06-25T00:25:03.284818	146.0	-86.5
2026-06-25T00:25:03.285209	146.0	-90.0
2026-06-25T00:25:03.285673	192.0	-85.0
2026-06-25T00:25:03.286032	200.0	-86.5
2026-06-25T00:25:03.286377	173.0	-84.0
2026-06-25T00:25:03.286706	132.0	-84.5
2026-06-25T00:25:03.287053	218.0	-84.5
2026-06-25T00:25:03.287425	254.0	-83.5
2026-06-25T00:25:03.287759	133.0	-84.5
2026-06-25T00:25:03.288145	135.0	-86.0
2026-06-25T00:25:03.288456	276.0	-84.5
2026-06-25T00:25:12.871243	208.0	-84.5
2026-06-25T00:25:12.871987	254.0	-82.5
2026-06-25T00:25:12.872482	128.0	-86.0
2026-06-25T00:25:12.872896	214.0	-82.5
2026-06-25T00:25:12.873299	208.0	-83.0
2026-06-25T00:25:12.873754	206.0	-84.0
2026-06-25T00:25:12.874173	126.0	-85.5
2026-06-25T00:25:12.874576	265.0	-84.0
2026-06-25T00:25:12.874956	186.0	-85.0
2026-06-25T00:25:12.875330	192.0	-83.5
2026-06-25T00:25:12.875748	181.0	-85.0
2026-06-25T00:25:12.876140	209.0	-84.0
2026-06-25T00:25:22.481883	112.0	-83.5
2026-06-25T00:25:22.482554	133.0	-83.0
2026-06-25T00:25:22.482903	134.0	-82.5
2026-06-25T00:25:22.483238	140.0	-82.0
2026-06-25T00:25:22.483557	133.0	-84.0
2026-06-25T00:25:22.483870	116.0	-84.5
2026-06-25T00:25:22.484189	192.0	-85.5
2026-06-25T00:25:22.484514	205.0	-87.5
2026-06-25T00:25:22.484833	201.0	-85.0
2026-06-25T00:25:22.485141	108.0	-83.0
2026-06-25T00:25:22.485591	128.0	-86.0
2026-06-25T00:25:31.982754	126.0	-83.5
2026-06-25T00:25:31.983508	124.0	-84.5
2026-06-25T00:25:31.983991	126.0	-83.0
2026-06-25T00:25:31.984392	129.0	-82.0
2026-06-25T00:25:31.984732	125.0	-83.0
2026-06-25T00:25:31.985062	135.0	-83.0
2026-06-25T00:25:31.985386	135.0	-84.0
2026-06-25T00:25:31.985870	130.0	-83.0
2026-06-25T00:25:31.986232	142.0	-84.0
2026-06-25T00:25:31.986561	155.0	-84.0
2026-06-25T00:25:31.986879	136.0	-85.0
2026-06-25T00:25:41.488027	116.0	-80.0
2026-06-25T00:25:41.488757	132.0	-79.5
2026-06-25T00:25:41.489184	142.0	-80.0
2026-06-25T00:25:41.489652	130.0	-83.5
2026-06-25T00:25:41.490071	135.0	-83.0
2026-06-25T00:25:41.490411	127.0	-87.0
2026-06-25T00:25:41.490740	131.0	-85.0
2026-06-25T00:25:41.491076	126.0	-84.0
2026-06-25T00:25:41.491406	143.0	-80.5
2026-06-25T00:25:41.491741	107.0	-83.5
2026-06-25T00:25:41.492073	114.0	-83.0
2026-06-25T00:25:41.492403	103.0	-85.0
2026-06-25T00:25:51.233089	155.0	-81.5
2026-06-25T00:25:51.233910	157.0	-76.5
2026-06-25T00:25:51.234347	147.0	-82.0
2026-06-25T00:25:51.234693	153.0	-79.0
2026-06-25T00:25:51.235029	150.0	-77.0
2026-06-25T00:25:51.235359	155.0	-76.0
2026-06-25T00:25:51.235685	149.0	-76.5
2026-06-25T00:25:51.236025	151.0	-78.5
2026-06-25T00:25:51.236357	151.0	-79.0
2026-06-25T00:25:51.236681	152.0	-76.5
2026-06-25T00:25:51.237021	156.0	-79.0
2026-06-25T00:26:00.637757	189.0	-71.5
2026-06-25T00:26:00.638497	191.0	-73.5
2026-06-25T00:26:00.638917	190.0	-70.5
2026-06-25T00:26:00.639273	187.0	-71.0
2026-06-25T00:26:00.639608	191.0	-71.5
2026-06-25T00:26:00.639949	193.0	-72.5
2026-06-25T00:26:00.640285	189.0	-72.0
2026-06-25T00:26:00.640623	191.0	-71.0
2026-06-25T00:26:00.640950	192.0	-70.5
2026-06-25T00:26:00.641284	194.0	-70.5
2026-06-25T00:26:00.641784	192.0	-71.5
2026-06-25T00:26:10.408808	207.0	-78.5
2026-06-25T00:26:10.409605	207.0	-77.0
2026-06-25T00:26:10.410233	217.0	-77.0
2026-06-25T00:26:10.410730	223.0	-75.0
2026-06-25T00:26:10.411148	224.0	-73.5
2026-06-25T00:26:10.411566	216.0	-76.0
2026-06-25T00:26:10.411956	189.0	-78.5
2026-06-25T00:26:10.412364	187.0	-74.5
2026-06-25T00:26:19.903067	175.0	-78.5
2026-06-25T00:26:19.903735	179.0	-76.0
2026-06-25T00:26:19.904103	175.0	-76.5
2026-06-25T00:26:19.904463	175.0	-76.5
2026-06-25T00:26:19.904804	176.0	-78.5
2026-06-25T00:26:19.905141	177.0	-78.5
2026-06-25T00:26:19.905576	179.0	-76.5
2026-06-25T00:26:19.906067	179.0	-76.0
2026-06-25T00:26:19.906460	179.0	-76.0
2026-06-25T00:26:19.906797	180.0	-76.0
2026-06-25T00:26:19.907128	178.0	-79.0
2026-06-25T00:26:29.275517	197.0	-80.5
2026-06-25T00:26:29.276714	196.0	-82.0
2026-06-25T00:26:29.277546	196.0	-81.5
2026-06-25T00:26:29.278270	198.0	-82.0
2026-06-25T00:26:29.278726	198.0	-82.5
2026-06-25T00:26:29.279345	201.0	-83.0
2026-06-25T00:26:29.280484	203.0	-80.5
2026-06-25T00:26:29.281466	198.0	-80.0
2026-06-25T00:26:29.282810	202.0	-79.0
2026-06-25T00:26:29.283655	206.0	-81.5
2026-06-25T00:26:29.284870	206.0	-80.0
2026-06-25T00:26:38.921484	172.0	-79.5
2026-06-25T00:26:38.922472	175.0	-80.0
2026-06-25T00:26:38.923270	181.0	-75.0
2026-06-25T00:26:38.923749	183.0	-76.5
2026-06-25T00:26:38.924402	187.0	-75.5
2026-06-25T00:26:38.925078	190.0	-71.5
2026-06-25T00:26:38.925686	189.0	-75.0
2026-06-25T00:26:38.926395	194.0	-74.5
2026-06-25T00:26:38.927180	191.0	-76.0
2026-06-25T00:26:38.927602	194.0	-76.5
2026-06-25T00:26:48.539530	187.0	-70.0
2026-06-25T00:26:48.540194	190.0	-69.5
2026-06-25T00:26:48.540571	189.0	-70.5
2026-06-25T00:26:48.540919	190.0	-71.5
2026-06-25T00:26:48.541259	190.0	-70.5
2026-06-25T00:26:48.541731	194.0	-70.0
2026-06-25T00:26:48.542153	193.0	-70.0
2026-06-25T00:26:48.542526	189.0	-71.0
2026-06-25T00:26:48.542861	187.0	-71.0
2026-06-25T00:26:48.543188	186.0	-73.0
2026-06-25T00:26:48.543510	193.0	-70.0
2026-06-25T00:26:58.036205	189.0	-73.0
2026-06-25T00:26:58.036958	191.0	-74.5
2026-06-25T00:26:58.037385	184.0	-76.0
2026-06-25T00:26:58.037897	183.0	-73.5
2026-06-25T00:26:58.038283	175.0	-76.0
2026-06-25T00:26:58.038621	169.0	-72.0
2026-06-25T00:26:58.038949	164.0	-68.0
2026-06-25T00:26:58.039283	167.0	-68.5
2026-06-25T00:26:58.039622	167.0	-69.5
2026-06-25T00:26:58.039955	171.0	-73.5
2026-06-25T00:26:58.040288	168.0	-73.0
2026-06-25T00:27:07.514527	167.0	-70.5
2026-06-25T00:27:07.515687	169.0	-80.5
2026-06-25T00:27:07.516419	183.0	-78.0
2026-06-25T00:27:07.517083	188.0	-78.5
2026-06-25T00:27:07.517585	168.0	-77.0
2026-06-25T00:27:07.518198	174.0	-74.0
2026-06-25T00:27:07.519079	175.0	-76.0
2026-06-25T00:27:07.519536	172.0	-74.0
2026-06-25T00:27:07.519885	169.0	-74.5
2026-06-25T00:27:07.520237	167.0	-76.0
2026-06-25T00:27:17.048990	167.0	-72.5
2026-06-25T00:27:17.050062	226.0	-76.0
2026-06-25T00:27:17.050884	184.0	-74.5
2026-06-25T00:27:17.051566	189.0	-75.5
2026-06-25T00:27:17.052028	205.0	-74.0
2026-06-25T00:27:17.052598	173.0	-75.5
2026-06-25T00:27:17.053171	217.0	-74.5
2026-06-25T00:27:26.569119	206.0	-72.5
2026-06-25T00:27:26.569942	205.0	-75.5
2026-06-25T00:27:26.570358	190.0	-76.0
2026-06-25T00:27:26.570702	178.0	-75.0
2026-06-25T00:27:26.571043	196.0	-76.5
2026-06-25T00:27:26.571383	156.0	-75.0
2026-06-25T00:27:26.571710	166.0	-73.5
2026-06-25T00:27:26.572052	172.0	-72.0
2026-06-25T00:27:26.572380	176.0	-71.5
2026-06-25T00:27:26.572711	154.0	-73.5
2026-06-25T00:27:26.573038	174.0	-68.5
2026-06-25T00:27:36.190533	176.0	-72.0
2026-06-25T00:27:36.191189	181.0	-73.5
2026-06-25T00:27:36.191572	175.0	-73.0
2026-06-25T00:27:36.191911	175.0	-71.5
2026-06-25T00:27:36.192257	173.0	-76.0
2026-06-25T00:27:36.192585	175.0	-75.0
2026-06-25T00:27:36.192909	174.0	-73.5
2026-06-25T00:27:36.193248	182.0	-70.5
2026-06-25T00:27:36.193871	179.0	-71.5
2026-06-25T00:27:36.194395	175.0	-73.0
2026-06-25T00:27:45.792242	73.0	-68.5
2026-06-25T00:27:45.793097	67.0	-66.5
2026-06-25T00:27:45.793693	71.0	-66.0
2026-06-25T00:27:45.794155	71.0	-67.0
2026-06-25T00:27:45.794579	72.0	-66.5
2026-06-25T00:27:45.794989	73.0	-66.0
2026-06-25T00:27:45.795390	69.0	-69.5
2026-06-25T00:27:45.795792	68.0	-69.5
2026-06-25T00:27:45.796190	73.0	-68.5
2026-06-25T00:27:45.796596	67.0	-67.5
2026-06-25T00:27:45.797037	59.0	-69.0
2026-06-25T00:27:55.095443	61.0	-71.5
2026-06-25T00:27:55.096102	63.0	-72.0
2026-06-25T00:27:55.096471	58.0	-72.0
2026-06-25T00:27:55.096811	61.0	-72.0
2026-06-25T00:27:55.097146	60.0	-72.0
2026-06-25T00:27:55.097628	60.0	-72.5
2026-06-25T00:27:55.098166	59.0	-72.0
2026-06-25T00:27:55.098606	62.0	-72.0
2026-06-25T00:27:55.099001	59.0	-71.5
2026-06-25T00:27:55.099402	59.0	-71.5
2026-06-25T00:27:55.099795	63.0	-72.0
2026-06-25T00:27:55.100201	57.0	-72.0
2026-06-25T00:28:04.860459	69.0	-69.5
2026-06-25T00:28:04.861126	76.0	-71.0
2026-06-25T00:28:04.861667	62.0	-72.0
2026-06-25T00:28:04.862218	64.0	-72.5
2026-06-25T00:28:04.862600	59.0	-71.5
2026-06-25T00:28:04.862946	69.0	-69.5
2026-06-25T00:28:04.863285	69.0	-70.0
2026-06-25T00:28:04.863620	65.0	-69.5
2026-06-25T00:28:04.863954	67.0	-68.5
2026-06-25T00:28:04.864289	69.0	-69.5
2026-06-25T00:28:04.864637	67.0	-68.5
2026-06-25T00:28:14.371608	65.0	-68.0
2026-06-25T00:28:14.372772	65.0	-67.5
2026-06-25T00:28:14.373293	70.0	-68.0
2026-06-25T00:28:14.373820	73.0	-70.0
2026-06-25T00:28:14.374252	133.0	-69.0
2026-06-25T00:28:14.374652	61.0	-74.0
2026-06-25T00:28:14.375059	111.0	-70.0
2026-06-25T00:28:14.375513	75.0	-70.0
2026-06-25T00:28:14.376272	58.0	-72.0
2026-06-25T00:28:23.944860	74.0	-68.0
2026-06-25T00:28:23.945778	50.0	-72.0
2026-06-25T00:28:23.946400	54.0	-69.0
2026-06-25T00:28:23.946898	63.0	-65.0
2026-06-25T00:28:23.947368	65.0	-65.5
2026-06-25T00:28:23.947893	72.0	-66.0
2026-06-25T00:28:23.948346	74.0	-66.5
2026-06-25T00:28:23.948782	69.0	-67.5
2026-06-25T00:28:23.949132	72.0	-72.0
2026-06-25T00:28:23.949513	51.0	-72.5
2026-06-25T00:28:23.949912	51.0	-72.5
2026-06-25T00:28:33.537587	67.0	-65.0
2026-06-25T00:28:33.538310	66.0	-65.5
2026-06-25T00:28:33.538733	69.0	-67.0
2026-06-25T00:28:33.539075	72.0	-66.5
2026-06-25T00:28:33.539414	68.0	-65.5
2026-06-25T00:28:33.539750	62.0	-69.0
2026-06-25T00:28:33.540073	60.0	-69.0
2026-06-25T00:28:33.540401	58.0	-66.0
2026-06-25T00:28:33.540725	67.0	-67.5
2026-06-25T00:28:33.541058	76.0	-63.0
2026-06-25T00:28:33.541384	59.0	-70.5
2026-06-25T00:28:43.091146	148.0	-84.5
2026-06-25T00:28:43.091893	149.0	-83.0
2026-06-25T00:28:43.092292	165.0	-85.5
2026-06-25T00:28:43.092646	148.0	-84.0
2026-06-25T00:28:43.092981	160.0	-85.0
2026-06-25T00:28:43.093315	144.0	-85.0
2026-06-25T00:28:43.093742	173.0	-83.0
2026-06-25T00:28:43.094154	170.0	-84.0
2026-06-25T00:28:43.094493	140.0	-86.0
2026-06-25T00:28:43.094818	153.0	-87.5
2026-06-25T00:28:52.375456	200.0	-86.5
2026-06-25T00:28:52.376229	247.0	-87.5
2026-06-25T00:28:52.376942	188.0	-86.0
2026-06-25T00:28:52.377481	130.0	-88.0
2026-06-25T00:28:52.378085	121.0	-87.5
2026-06-25T00:28:52.378512	191.0	-88.0
2026-06-25T00:28:52.378971	280.0	-85.5
2026-06-25T00:28:52.379838	178.0	-85.0
2026-06-25T00:28:52.380345	293.0	-86.5
2026-06-25T00:28:52.381272	179.0	-86.0
2026-06-25T00:28:52.382118	130.0	-85.0
2026-06-25T00:28:52.382671	123.0	-86.0
2026-06-25T00:29:02.232311	216.0	-83.5
2026-06-25T00:29:02.233070	193.0	-82.5
2026-06-25T00:29:02.233616	137.0	-83.5
2026-06-25T00:29:02.234088	136.0	-83.5
2026-06-25T00:29:02.234517	142.0	-83.5
2026-06-25T00:29:02.234929	145.0	-85.0
2026-06-25T00:29:02.235322	146.0	-85.0
2026-06-25T00:29:02.235716	141.0	-84.5
2026-06-25T00:29:02.236112	167.0	-85.0
2026-06-25T00:29:02.236528	174.0	-85.0
2026-06-25T00:29:11.646725	106.0	-85.5
2026-06-25T00:29:11.647494	139.0	-84.0
2026-06-25T00:29:11.647978	142.0	-85.0
2026-06-25T00:29:11.648460	174.0	-86.5
2026-06-25T00:29:11.648937	140.0	-86.5
2026-06-25T00:29:11.649355	159.0	-86.5
2026-06-25T00:29:11.649820	114.0	-85.5
2026-06-25T00:29:11.650239	126.0	-85.0
2026-06-25T00:29:11.650633	129.0	-84.5
2026-06-25T00:29:11.651040	118.0	-84.0
2026-06-25T00:29:11.651485	142.0	-83.5
2026-06-25T00:29:21.130384	190.0	-77.5
2026-06-25T00:29:21.131142	178.0	-77.0
2026-06-25T00:29:21.131544	183.0	-79.0
2026-06-25T00:29:21.131889	169.0	-79.0
2026-06-25T00:29:21.132224	180.0	-78.0
2026-06-25T00:29:21.132556	215.0	-78.0
2026-06-25T00:29:21.132887	182.0	-79.5
2026-06-25T00:29:21.133230	168.0	-78.0
2026-06-25T00:29:21.133820	242.0	-78.5
2026-06-25T00:29:21.134300	244.0	-77.5
2026-06-25T00:29:21.134714	245.0	-79.0
2026-06-25T00:29:30.644633	137.0	-88.0
2026-06-25T00:29:30.645361	124.0	-83.0
2026-06-25T00:29:30.645889	108.0	-84.0
2026-06-25T00:29:30.646261	111.0	-83.5
2026-06-25T00:29:30.646616	116.0	-84.5
2026-06-25T00:29:30.646955	115.0	-84.0
2026-06-25T00:29:30.647283	115.0	-85.0
2026-06-25T00:29:30.647615	118.0	-85.5
2026-06-25T00:29:30.647951	117.0	-84.0
2026-06-25T00:29:30.648273	124.0	-83.0
2026-06-25T00:29:30.648591	117.0	-83.0
2026-06-25T00:29:40.198705	165.0	-83.5
2026-06-25T00:29:40.199455	151.0	-83.0
2026-06-25T00:29:40.199869	166.0	-81.5
2026-06-25T00:29:40.200225	161.0	-82.5
2026-06-25T00:29:40.200566	223.0	-83.5
2026-06-25T00:29:40.200905	125.0	-83.5
2026-06-25T00:29:40.201241	195.0	-85.0
2026-06-25T00:29:40.201657	157.0	-84.0
2026-06-25T00:29:40.202078	142.0	-84.0
2026-06-25T00:29:40.202418	211.0	-81.0
2026-06-25T00:29:40.202743	167.0	-86.5
2026-06-25T00:29:49.615325	106.0	-81.0
2026-06-25T00:29:49.616062	108.0	-81.0
2026-06-25T00:29:49.616563	111.0	-79.5
2026-06-25T00:29:49.617024	104.0	-80.5
2026-06-25T00:29:49.617503	106.0	-79.0
2026-06-25T00:29:49.617935	107.0	-80.5
2026-06-25T00:29:49.618406	105.0	-79.5
2026-06-25T00:29:49.618805	108.0	-79.5
2026-06-25T00:29:49.619193	103.0	-80.0
2026-06-25T00:29:49.619574	104.0	-80.0
2026-06-25T00:29:49.619977	108.0	-81.5
2026-06-25T00:29:49.620395	106.0	-79.5
2026-06-25T00:29:59.442516	155.0	-84.5
2026-06-25T00:29:59.443574	152.0	-84.5
2026-06-25T00:29:59.444398	149.0	-84.0
2026-06-25T00:29:59.445068	151.0	-85.0
2026-06-25T00:29:59.445548	184.0	-86.0
2026-06-25T00:29:59.445994	177.0	-86.5
2026-06-25T00:29:59.446371	198.0	-87.0
2026-06-25T00:29:59.446713	146.0	-87.5
2026-06-25T00:29:59.447051	167.0	-86.0
2026-06-25T00:29:59.447398	149.0	-84.5
2026-06-25T00:30:08.784952	299.0	-86.0
2026-06-25T00:30:08.786157	218.0	-84.5
2026-06-25T00:30:08.786738	204.0	-85.0
2026-06-25T00:30:08.787122	198.0	-85.5
2026-06-25T00:30:08.787546	204.0	-85.0
2026-06-25T00:30:08.787956	198.0	-82.0
2026-06-25T00:30:08.788383	192.0	-81.0
2026-06-25T00:30:08.788774	188.0	-80.0
2026-06-25T00:30:08.793817	190.0	-79.0
2026-06-25T00:30:08.794736	185.0	-79.5
2026-06-25T00:30:08.795453	179.0	-79.0
2026-06-25T00:30:08.796122	181.0	-71.0
2026-06-25T00:30:18.245521	201.0	-75.0
2026-06-25T00:30:18.246345	200.0	-75.5
2026-06-25T00:30:18.247177	201.0	-75.5
2026-06-25T00:30:18.247776	199.0	-75.5
2026-06-25T00:30:18.248670	199.0	-76.5
2026-06-25T00:30:18.250378	200.0	-76.5
2026-06-25T00:30:18.251226	201.0	-77.5
2026-06-25T00:30:18.251701	197.0	-78.5
2026-06-25T00:30:18.252207	201.0	-79.5
2026-06-25T00:30:18.252955	203.0	-81.0
2026-06-25T00:30:18.253738	201.0	-81.0
2026-06-25T00:30:18.254231	196.0	-81.5
2026-06-25T00:30:27.908757	198.0	-80.5
2026-06-25T00:30:27.909575	198.0	-80.0
2026-06-25T00:30:27.910007	194.0	-80.0
2026-06-25T00:30:27.910355	196.0	-79.5
2026-06-25T00:30:27.910699	197.0	-79.0
2026-06-25T00:30:27.911026	194.0	-80.0
2026-06-25T00:30:27.911354	195.0	-79.5
2026-06-25T00:30:27.911694	199.0	-79.0
2026-06-25T00:30:27.912016	199.0	-78.0
2026-06-25T00:30:27.912337	192.0	-77.5
2026-06-25T00:30:27.912666	196.0	-77.0
2026-06-25T00:30:37.458312	173.0	-75.0
2026-06-25T00:30:37.458975	214.0	-74.5
2026-06-25T00:30:37.459365	169.0	-77.5
2026-06-25T00:30:37.459709	165.0	-80.0
2026-06-25T00:30:37.460041	169.0	-76.0
2026-06-25T00:30:37.460370	171.0	-75.0
2026-06-25T00:30:37.460709	170.0	-75.0
2026-06-25T00:30:37.461040	165.0	-73.5
2026-06-25T00:30:37.461387	166.0	-77.0
2026-06-25T00:30:47.177515	172.0	-71.5
2026-06-25T00:30:47.178242	150.0	-74.5
2026-06-25T00:30:47.178622	154.0	-79.0
2026-06-25T00:30:47.178993	195.0	-73.0
2026-06-25T00:30:47.179400	183.0	-68.5
2026-06-25T00:30:47.179856	187.0	-67.0
2026-06-25T00:30:47.180199	184.0	-68.5
2026-06-25T00:30:47.180548	183.0	-70.0
2026-06-25T00:30:47.180873	173.0	-70.0
2026-06-25T00:30:47.181206	176.0	-72.5
2026-06-25T00:30:56.414098	179.0	-75.0
2026-06-25T00:30:56.414756	183.0	-72.0
2026-06-25T00:30:56.415133	190.0	-74.0
2026-06-25T00:30:56.415485	183.0	-74.0
2026-06-25T00:30:56.415819	180.0	-74.5
2026-06-25T00:30:56.416163	175.0	-72.5
2026-06-25T00:30:56.416498	175.0	-73.5
2026-06-25T00:30:56.416840	175.0	-73.0
2026-06-25T00:30:56.417174	187.0	-73.0
2026-06-25T00:30:56.417661	175.0	-71.5
2026-06-25T00:30:56.418177	181.0	-70.0
2026-06-25T00:31:06.069603	169.0	-74.5
2026-06-25T00:31:06.070335	175.0	-75.5
2026-06-25T00:31:06.070755	175.0	-74.5
2026-06-25T00:31:06.071106	171.0	-72.5
2026-06-25T00:31:06.071447	175.0	-73.5
2026-06-25T00:31:06.071783	175.0	-74.0
2026-06-25T00:31:06.072111	172.0	-73.5
2026-06-25T00:31:06.072451	176.0	-73.0
2026-06-25T00:31:06.072777	178.0	-72.5
2026-06-25T00:31:06.073118	179.0	-74.5
2026-06-25T00:31:15.536516	166.0	-73.5
2026-06-25T00:31:15.537196	169.0	-70.5
2026-06-25T00:31:15.537685	167.0	-72.0
2026-06-25T00:31:15.538048	166.0	-71.5
2026-06-25T00:31:15.538398	167.0	-72.5
2026-06-25T00:31:15.538744	170.0	-71.5
2026-06-25T00:31:15.539092	167.0	-74.0
2026-06-25T00:31:15.539436	168.0	-72.5
2026-06-25T00:31:15.539777	167.0	-73.5
2026-06-25T00:31:15.540114	169.0	-72.5
2026-06-25T00:31:15.540455	165.0	-74.0
2026-06-25T00:31:15.540785	167.0	-75.5
2026-06-25T00:31:25.045132	168.0	-72.0
2026-06-25T00:31:25.045935	166.0	-73.5
2026-06-25T00:31:25.046435	149.0	-76.0
2026-06-25T00:31:25.046769	164.0	-78.0
2026-06-25T00:31:25.047093	162.0	-74.0
2026-06-25T00:31:25.047409	163.0	-74.5
2026-06-25T00:31:25.047734	164.0	-75.0
2026-06-25T00:31:25.048056	167.0	-76.0
2026-06-25T00:31:25.048373	162.0	-75.5
2026-06-25T00:31:25.048697	153.0	-74.0
2026-06-25T00:31:25.049017	165.0	-73.0
2026-06-25T00:31:25.049325	165.0	-73.0
2026-06-25T00:31:34.852508	197.0	-83.5
2026-06-25T00:31:34.853193	190.0	-83.0
2026-06-25T00:31:34.853733	236.0	-81.0
2026-06-25T00:31:34.854174	264.0	-85.0
2026-06-25T00:31:34.854530	263.0	-83.5
2026-06-25T00:31:34.854880	145.0	-84.0
2026-06-25T00:31:34.855213	160.0	-82.5
2026-06-25T00:31:34.855561	185.0	-85.5
2026-06-25T00:31:34.855896	214.0	-85.5
2026-06-25T00:31:34.856227	169.0	-86.0
2026-06-25T00:31:34.856560	290.0	-85.0
2026-06-25T00:31:44.205679	134.0	-88.0
2026-06-25T00:31:44.206825	154.0	-87.5
2026-06-25T00:31:44.207349	110.0	-84.0
2026-06-25T00:31:44.207990	118.0	-84.5
2026-06-25T00:31:44.208443	115.0	-86.5
2026-06-25T00:31:44.209027	119.0	-86.0
2026-06-25T00:31:44.209700	126.0	-86.0
2026-06-25T00:31:44.210185	130.0	-86.0
2026-06-25T00:31:44.210827	131.0	-85.0
2026-06-25T00:31:44.211519	127.0	-85.0
2026-06-25T00:31:44.211957	130.0	-86.0
2026-06-25T00:31:44.212361	122.0	-85.5
2026-06-25T00:31:53.853528	124.0	-83.0
2026-06-25T00:31:53.854255	122.0	-81.5
2026-06-25T00:31:53.854685	119.0	-81.0
2026-06-25T00:31:53.855033	123.0	-81.5
2026-06-25T00:31:53.855381	121.0	-82.0
2026-06-25T00:31:53.855712	119.0	-81.0
2026-06-25T00:31:53.856039	119.0	-80.0
2026-06-25T00:31:53.856370	122.0	-81.5
2026-06-25T00:31:53.856704	125.0	-80.0
2026-06-25T00:31:53.857030	117.0	-82.0
2026-06-25T00:31:53.857363	125.0	-81.5
2026-06-25T00:32:03.433024	121.0	-83.0
2026-06-25T00:32:03.433908	114.0	-83.5
2026-06-25T00:32:03.434570	114.0	-83.0
2026-06-25T00:32:03.435893	116.0	-83.0
2026-06-25T00:32:03.436366	118.0	-82.5
2026-06-25T00:32:03.436796	118.0	-83.0
2026-06-25T00:32:03.437142	118.0	-83.0
2026-06-25T00:32:03.437590	122.0	-83.0
2026-06-25T00:32:03.438082	118.0	-82.5
2026-06-25T00:32:03.438533	119.0	-83.0
2026-06-25T00:32:03.438951	126.0	-82.5
2026-06-25T00:32:12.769226	122.0	-83.0
2026-06-25T00:32:12.770009	121.0	-83.0
2026-06-25T00:32:12.770505	122.0	-83.0
2026-06-25T00:32:12.770938	119.0	-83.5
2026-06-25T00:32:12.771370	121.0	-83.0
2026-06-25T00:32:12.771771	118.0	-83.5
2026-06-25T00:32:12.772175	123.0	-83.5
2026-06-25T00:32:12.772582	120.0	-83.5
2026-06-25T00:32:12.772983	122.0	-83.5
2026-06-25T00:32:12.773382	122.0	-83.5
2026-06-25T00:32:12.773865	122.0	-83.5
2026-06-25T00:32:12.774314	119.0	-83.5
2026-06-25T00:32:22.472609	171.0	-83.5
2026-06-25T00:32:22.473283	114.0	-83.5
2026-06-25T00:32:22.473805	129.0	-83.0
2026-06-25T00:32:22.474251	112.0	-83.5
2026-06-25T00:32:22.474618	108.0	-84.0
2026-06-25T00:32:22.474954	173.0	-83.5
2026-06-25T00:32:22.475291	142.0	-84.5
2026-06-25T00:32:22.475634	148.0	-83.5
2026-06-25T00:32:22.475966	153.0	-82.5
2026-06-25T00:32:22.476296	107.0	-85.0
2026-06-25T00:32:22.476627	119.0	-81.0
2026-06-25T00:32:31.930554	128.0	-84.5
2026-06-25T00:32:31.931284	155.0	-84.5
2026-06-25T00:32:31.931675	175.0	-85.0
2026-06-25T00:32:31.932049	92.0	-85.0
2026-06-25T00:32:31.932388	128.0	-85.0
2026-06-25T00:32:31.932720	176.0	-85.0
2026-06-25T00:32:31.933048	150.0	-85.0
2026-06-25T00:32:31.933384	119.0	-85.0
2026-06-25T00:32:31.934994	98.0	-85.0
2026-06-25T00:32:31.935614	149.0	-85.0
2026-06-25T00:32:31.936301	128.0	-85.0
2026-06-25T00:32:41.494586	272.0	-83.5
2026-06-25T00:32:41.495698	186.0	-84.5
2026-06-25T00:32:41.496214	137.0	-84.5
2026-06-25T00:32:41.496862	127.0	-88.0
2026-06-25T00:32:41.497298	140.0	-87.0
2026-06-25T00:32:41.497766	233.0	-85.5
2026-06-25T00:32:41.498201	117.0	-84.0
2026-06-25T00:32:41.498604	119.0	-83.0
2026-06-25T00:32:41.499019	117.0	-83.0
2026-06-25T00:32:41.499436	117.0	-82.0
2026-06-25T00:32:41.499840	118.0	-78.5
2026-06-25T00:32:50.965245	169.0	-84.5
2026-06-25T00:32:50.966296	194.0	-83.0
2026-06-25T00:32:50.967071	175.0	-85.5
2026-06-25T00:32:50.967763	145.0	-86.5
2026-06-25T00:32:50.968210	170.0	-87.5
2026-06-25T00:32:50.968855	119.0	-85.5
2026-06-25T00:32:50.969491	139.0	-88.0
2026-06-25T00:32:50.969950	114.0	-86.0
2026-06-25T00:32:50.970346	132.0	-83.5
2026-06-25T00:32:50.970719	129.0	-84.5
2026-06-25T00:32:50.971057	170.0	-82.5
2026-06-25T00:32:50.971391	158.0	-84.0
2026-06-25T00:33:00.493617	195.0	-72.0
2026-06-25T00:33:00.494627	198.0	-75.5
2026-06-25T00:33:00.495449	194.0	-72.0
2026-06-25T00:33:00.496142	194.0	-73.0
2026-06-25T00:33:00.497111	198.0	-73.5
2026-06-25T00:33:00.497987	195.0	-74.5
2026-06-25T00:33:00.499186	196.0	-72.5
2026-06-25T00:33:00.500911	199.0	-73.0
2026-06-25T00:33:00.502225	190.0	-73.5
2026-06-25T00:33:00.504225	196.0	-73.5
2026-06-25T00:33:00.505577	189.0	-74.5
2026-06-25T00:33:10.105144	136.0	-73.5
2026-06-25T00:33:10.105966	154.0	-76.0
2026-06-25T00:33:10.106392	144.0	-80.0
2026-06-25T00:33:10.106739	154.0	-75.5
2026-06-25T00:33:10.107084	162.0	-76.0
2026-06-25T00:33:10.107410	152.0	-79.0
2026-06-25T00:33:10.107736	154.0	-80.5
2026-06-25T00:33:10.108078	153.0	-75.0
2026-06-25T00:33:10.108400	149.0	-72.0
2026-06-25T00:33:10.108725	167.0	-75.5
2026-06-25T00:33:19.829212	163.0	-90.0
2026-06-25T00:33:19.830050	170.0	-76.0
2026-06-25T00:33:19.830548	171.0	-82.0
2026-06-25T00:33:19.830973	181.0	-75.0
2026-06-25T00:33:19.831379	178.0	-76.0
2026-06-25T00:33:19.831771	149.0	-76.5
2026-06-25T00:33:19.832183	147.0	-77.0
2026-06-25T00:33:19.832581	144.0	-73.5
2026-06-25T00:33:19.832984	166.0	-74.0
2026-06-25T00:33:19.833380	137.0	-71.5
2026-06-25T00:33:29.168259	157.0	-74.5
2026-06-25T00:33:29.169012	154.0	-73.5
2026-06-25T00:33:29.169510	150.0	-80.0
2026-06-25T00:33:29.170046	145.0	-74.5
2026-06-25T00:33:29.170425	145.0	-76.5
2026-06-25T00:33:29.170773	139.0	-77.0
2026-06-25T00:33:29.171110	167.0	-79.5
2026-06-25T00:33:29.171454	154.0	-80.0
2026-06-25T00:33:29.171786	151.0	-76.0
2026-06-25T00:33:29.172110	149.0	-75.0
2026-06-25T00:33:29.172430	151.0	-74.5
2026-06-25T00:33:38.677307	149.0	-76.5
2026-06-25T00:33:38.678137	148.0	-77.0
2026-06-25T00:33:38.678583	155.0	-76.0
2026-06-25T00:33:38.678932	153.0	-74.5
2026-06-25T00:33:38.679286	152.0	-76.0
2026-06-25T00:33:38.679616	152.0	-75.0
2026-06-25T00:33:38.679948	155.0	-75.0
2026-06-25T00:33:38.680289	156.0	-76.5
2026-06-25T00:33:38.680640	155.0	-76.5
2026-06-25T00:33:48.231787	148.0	-76.5
2026-06-25T00:33:48.232553	148.0	-75.5
2026-06-25T00:33:48.232972	146.0	-74.5
2026-06-25T00:33:48.233352	150.0	-75.5
2026-06-25T00:33:48.233892	152.0	-80.5
2026-06-25T00:33:57.802684	152.0	-74.0
2026-06-25T00:33:57.803416	148.0	-75.0
2026-06-25T00:34:07.507641	159.0	-79.5
2026-06-25T00:34:07.508057	145.0	-76.5
2026-06-25T00:34:07.508306	126.0	-77.0
2026-06-25T00:34:07.508511	126.0	-81.0
2026-06-25T00:34:07.508699	121.0	-70.0
2026-06-25T00:34:07.508871	119.0	-66.0
2026-06-25T00:34:07.509034	103.0	-70.5
2026-06-25T00:34:07.509205	86.0	-74.0
2026-06-25T00:34:07.509367	84.0	-69.5
2026-06-25T00:34:17.114251	69.0	-63.5
2026-06-25T00:34:17.115098	61.0	-64.0
2026-06-25T00:34:17.115585	67.0	-64.5
2026-06-25T00:34:17.116063	67.0	-63.5
2026-06-25T00:34:17.116477	66.0	-64.0
2026-06-25T00:34:17.118034	67.0	-64.5
2026-06-25T00:34:17.118992	67.0	-64.5
2026-06-25T00:34:17.119763	68.0	-64.0
2026-06-25T00:34:17.120258	65.0	-65.0
2026-06-25T00:34:17.120715	64.0	-64.5
2026-06-25T00:34:26.384644	61.0	-67.0
2026-06-25T00:34:26.385368	65.0	-67.5
2026-06-25T00:34:26.385892	69.0	-67.5
2026-06-25T00:34:26.386248	68.0	-67.5
2026-06-25T00:34:26.386590	70.0	-68.5
2026-06-25T00:34:26.386931	71.0	-70.0
2026-06-25T00:34:26.387260	74.0	-68.0
2026-06-25T00:34:26.387591	68.0	-69.0
2026-06-25T00:34:26.387911	71.0	-70.0
2026-06-25T00:34:26.388229	69.0	-70.0
2026-06-25T00:34:26.388550	67.0	-71.0
2026-06-25T00:34:26.388872	67.0	-69.5
2026-06-25T00:34:35.931994	61.0	-66.0
2026-06-25T00:34:35.932736	62.0	-66.5
2026-06-25T00:34:35.933155	59.0	-66.0
2026-06-25T00:34:35.933567	58.0	-65.0
2026-06-25T00:34:35.933988	62.0	-66.0
2026-06-25T00:34:35.934378	64.0	-65.5
2026-06-25T00:34:35.934759	65.0	-66.0
2026-06-25T00:34:35.935100	62.0	-65.5
2026-06-25T00:34:35.935436	61.0	-65.5
2026-06-25T00:34:35.935768	61.0	-65.0
2026-06-25T00:34:35.936146	67.0	-66.0
2026-06-25T00:34:45.459649	69.0	-66.5
2026-06-25T00:34:45.460377	72.0	-66.5
2026-06-25T00:34:45.460802	71.0	-67.0
2026-06-25T00:34:45.461148	71.0	-67.5
2026-06-25T00:34:45.461670	73.0	-68.0
2026-06-25T00:34:45.462157	70.0	-68.5
2026-06-25T00:34:45.462576	69.0	-68.5
2026-06-25T00:34:45.462986	72.0	-68.5
2026-06-25T00:34:45.463384	71.0	-68.5
2026-06-25T00:34:45.463775	76.0	-69.0
2026-06-25T00:34:45.464160	76.0	-69.0
2026-06-25T00:34:45.464547	75.0	-69.5
2026-06-25T00:34:54.901109	73.0	-69.0
2026-06-25T00:34:54.901922	73.0	-68.5
2026-06-25T00:34:54.902433	76.0	-68.5
2026-06-25T00:34:54.902812	75.0	-69.0
2026-06-25T00:34:54.903150	72.0	-68.0
2026-06-25T00:34:54.903480	71.0	-68.0
2026-06-25T00:34:54.903810	74.0	-68.0
2026-06-25T00:34:54.904144	72.0	-67.5
2026-06-25T00:34:54.904479	70.0	-67.0
2026-06-25T00:34:54.904805	70.0	-68.0
2026-06-25T00:34:54.905139	69.0	-65.0
2026-06-25T00:35:04.477591	65.0	-64.5
2026-06-25T00:35:04.478317	64.0	-64.5
2026-06-25T00:35:04.478741	63.0	-68.5
2026-06-25T00:35:04.479094	61.0	-66.0
2026-06-25T00:35:04.479430	68.0	-66.0
2026-06-25T00:35:04.479758	62.0	-64.5
2026-06-25T00:35:04.480095	63.0	-63.5
2026-06-25T00:35:04.480433	62.0	-63.0
2026-06-25T00:35:04.480761	60.0	-64.5
2026-06-25T00:35:04.481095	53.0	-64.0
2026-06-25T00:35:04.481512	62.0	-64.0
2026-06-25T00:35:04.481990	61.0	-65.0
2026-06-25T00:35:14.191491	148.0	-86.5
2026-06-25T00:35:14.192169	191.0	-85.5
2026-06-25T00:35:14.192540	206.0	-87.0
2026-06-25T00:35:14.192878	147.0	-85.0
2026-06-25T00:35:14.193210	217.0	-78.5
2026-06-25T00:35:14.193713	256.0	-83.0
2026-06-25T00:35:14.194251	231.0	-80.0
2026-06-25T00:35:14.194621	225.0	-83.0
2026-06-25T00:35:14.194952	223.0	-83.5
2026-06-25T00:35:14.195293	220.0	-79.5
2026-06-25T00:35:14.195641	154.0	-85.5
2026-06-25T00:35:23.879021	188.0	-84.5
2026-06-25T00:35:23.879775	219.0	-84.0
2026-06-25T00:35:23.880250	235.0	-82.5
2026-06-25T00:35:23.880647	241.0	-81.5
2026-06-25T00:35:23.880994	152.0	-86.5
2026-06-25T00:35:23.881335	223.0	-86.0
2026-06-25T00:35:23.881785	220.0	-83.5
2026-06-25T00:35:23.882195	164.0	-82.5
2026-06-25T00:35:23.882539	239.0	-80.5
2026-06-25T00:35:23.882874	211.0	-83.0
2026-06-25T00:35:33.213920	171.0	-83.5
2026-06-25T00:35:33.214676	133.0	-83.5
2026-06-25T00:35:33.215173	152.0	-83.5
2026-06-25T00:35:33.215558	181.0	-84.0
2026-06-25T00:35:33.215899	198.0	-84.0
2026-06-25T00:35:33.216227	166.0	-83.5
2026-06-25T00:35:33.216573	187.0	-83.0
2026-06-25T00:35:33.216907	153.0	-83.0
2026-06-25T00:35:33.217230	236.0	-83.5
2026-06-25T00:35:33.217683	201.0	-83.5
2026-06-25T00:35:33.218086	174.0	-83.5
2026-06-25T00:35:42.671629	217.0	-84.0
2026-06-25T00:35:42.672283	184.0	-86.0
2026-06-25T00:35:42.672655	182.0	-82.5
2026-06-25T00:35:42.673009	199.0	-83.0
2026-06-25T00:35:42.673339	136.0	-84.5
2026-06-25T00:35:42.673861	251.0	-85.5
2026-06-25T00:35:42.674294	183.0	-84.0
2026-06-25T00:35:42.674645	238.0	-83.0
2026-06-25T00:35:42.674971	251.0	-83.5
2026-06-25T00:35:42.675302	182.0	-83.5
2026-06-25T00:35:42.675630	190.0	-82.5
2026-06-25T00:35:42.675966	104.0	-86.0
2026-06-25T00:35:52.462940	266.0	-81.5
2026-06-25T00:35:52.464053	266.0	-80.0
2026-06-25T00:35:52.464547	257.0	-81.5
2026-06-25T00:35:52.465199	261.0	-80.5
2026-06-25T00:35:52.465694	261.0	-81.0
2026-06-25T00:35:52.466289	273.0	-81.0
2026-06-25T00:35:52.466863	272.0	-81.0
2026-06-25T00:35:52.467291	259.0	-80.5
2026-06-25T00:35:52.467739	258.0	-82.0
2026-06-25T00:35:52.468167	263.0	-82.5
2026-06-25T00:35:52.468605	262.0	-81.5
2026-06-25T00:36:01.828161	117.0	-85.0
2026-06-25T00:36:01.828824	153.0	-85.0
2026-06-25T00:36:01.829206	124.0	-85.0
2026-06-25T00:36:01.829725	117.0	-85.0
2026-06-25T00:36:01.830138	113.0	-85.0
2026-06-25T00:36:01.830486	126.0	-84.5
2026-06-25T00:36:01.830841	145.0	-84.5
2026-06-25T00:36:01.831189	112.0	-85.0
2026-06-25T00:36:01.831517	124.0	-85.0
2026-06-25T00:36:01.831842	126.0	-85.5
2026-06-25T00:36:01.832181	147.0	-85.0
2026-06-25T00:36:01.832511	120.0	-85.0
2026-06-25T00:36:11.407696	235.0	-80.0
2026-06-25T00:36:11.408416	247.0	-83.0
2026-06-25T00:36:11.408810	155.0	-84.0
2026-06-25T00:36:11.409204	153.0	-84.5
2026-06-25T00:36:11.409765	151.0	-84.0
2026-06-25T00:36:11.410239	164.0	-82.5
2026-06-25T00:36:11.410645	221.0	-84.0
2026-06-25T00:36:11.411033	181.0	-83.5
2026-06-25T00:36:11.411408	196.0	-82.0
2026-06-25T00:36:11.411728	269.0	-83.0
2026-06-25T00:36:11.412056	203.0	-86.5
2026-06-25T00:36:20.892751	229.0	-84.0
2026-06-25T00:36:20.893542	243.0	-83.5
2026-06-25T00:36:20.894070	230.0	-82.5
2026-06-25T00:36:20.894515	244.0	-82.5
2026-06-25T00:36:20.894935	236.0	-83.5
2026-06-25T00:36:20.895345	222.0	-83.0
2026-06-25T00:36:20.895738	222.0	-83.0
2026-06-25T00:36:20.896129	244.0	-83.5
2026-06-25T00:36:20.896529	228.0	-83.5
2026-06-25T00:36:20.896920	229.0	-82.5
2026-06-25T00:36:20.897341	225.0	-83.0
2026-06-25T00:36:20.897861	215.0	-82.5
2026-06-25T00:36:30.673863	226.0	-84.0
2026-06-25T00:36:30.674985	208.0	-84.5
2026-06-25T00:36:30.675650	197.0	-85.5
2026-06-25T00:36:30.676250	233.0	-84.0
2026-06-25T00:36:30.678286	244.0	-83.5
2026-06-25T00:36:30.679035	225.0	-83.5
2026-06-25T00:36:30.679555	237.0	-84.0
2026-06-25T00:36:30.680011	213.0	-84.0
2026-06-25T00:36:30.680373	209.0	-84.0
2026-06-25T00:36:30.680707	218.0	-84.5
2026-06-25T00:36:40.053553	59.0	-71.0
2026-06-25T00:36:40.054495	60.0	-71.0
2026-06-25T00:36:40.055277	56.0	-71.0
2026-06-25T00:36:40.055740	61.0	-70.0
2026-06-25T00:36:40.056366	59.0	-71.0
2026-06-25T00:36:40.056967	62.0	-70.0
2026-06-25T00:36:40.057752	58.0	-71.0
2026-06-25T00:36:40.058639	55.0	-71.0
2026-06-25T00:36:40.059375	58.0	-70.0
2026-06-25T00:36:40.059772	59.0	-71.5
2026-06-25T00:36:49.552345	62.0	-71.0
2026-06-25T00:36:49.553079	57.0	-70.5
2026-06-25T00:36:49.553620	54.0	-71.0
2026-06-25T00:36:49.554036	55.0	-71.5
2026-06-25T00:36:49.554394	59.0	-72.0
2026-06-25T00:36:49.554726	64.0	-73.0
2026-06-25T00:36:49.555055	65.0	-70.0
2026-06-25T00:36:49.555384	64.0	-70.0
2026-06-25T00:36:49.555709	65.0	-69.0
2026-06-25T00:36:49.556031	73.0	-65.0
2026-06-25T00:36:49.556351	75.0	-64.0
2026-06-25T00:36:59.182095	63.0	-71.5
2026-06-25T00:36:59.182746	65.0	-72.5
2026-06-25T00:36:59.183112	64.0	-71.5
2026-06-25T00:36:59.183461	65.0	-72.5
2026-06-25T00:36:59.183804	67.0	-74.0
2026-06-25T00:36:59.184130	63.0	-73.0
2026-06-25T00:36:59.184456	66.0	-72.0
2026-06-25T00:36:59.184783	69.0	-73.0
2026-06-25T00:36:59.185108	70.0	-71.5
2026-06-25T00:36:59.185582	72.0	-71.5
2026-06-25T00:36:59.186170	69.0	-72.0
2026-06-25T00:37:08.680999	66.0	-70.5
2026-06-25T00:37:08.681761	70.0	-71.0
2026-06-25T00:37:08.682138	71.0	-71.0
2026-06-25T00:37:08.682483	69.0	-71.5
2026-06-25T00:37:08.682824	72.0	-71.0
2026-06-25T00:37:08.683156	70.0	-70.5
2026-06-25T00:37:08.683492	68.0	-71.5
2026-06-25T00:37:08.683830	68.0	-71.0
2026-06-25T00:37:08.684157	73.0	-71.0
2026-06-25T00:37:08.684483	74.0	-72.0
2026-06-25T00:37:08.684804	73.0	-70.5
2026-06-25T00:37:18.133700	73.0	-71.0
2026-06-25T00:37:18.134695	70.0	-71.5
2026-06-25T00:37:18.135745	67.0	-71.5
2026-06-25T00:37:18.136586	72.0	-70.5
2026-06-25T00:37:18.137077	72.0	-72.0
2026-06-25T00:37:18.137769	68.0	-71.5
2026-06-25T00:37:18.138269	71.0	-71.0
2026-06-25T00:37:18.138711	67.0	-71.5
2026-06-25T00:37:18.139429	68.0	-71.5
2026-06-25T00:37:18.139953	70.0	-71.0
2026-06-25T00:37:18.140609	69.0	-71.0
2026-06-25T00:37:18.141021	73.0	-70.0
2026-06-25T00:37:27.625516	54.0	-75.0
2026-06-25T00:37:27.626233	47.0	-73.0
2026-06-25T00:37:27.626711	61.0	-73.0
2026-06-25T00:37:27.627143	49.0	-73.0
2026-06-25T00:37:27.627554	61.0	-73.0
2026-06-25T00:37:27.627950	54.0	-71.5
2026-06-25T00:37:27.628371	64.0	-75.0
2026-06-25T00:37:27.628767	65.0	-72.0
2026-06-25T00:37:27.629155	63.0	-77.5
2026-06-25T00:37:27.629592	61.0	-73.5
2026-06-25T00:37:27.630294	66.0	-72.0
2026-06-25T00:37:37.304837	228.0	-81.0
2026-06-25T00:37:37.305604	182.0	-78.5
2026-06-25T00:37:37.306200	177.0	-80.0
2026-06-25T00:37:37.306576	184.0	-75.5
2026-06-25T00:37:37.306925	159.0	-76.5
2026-06-25T00:37:37.307270	167.0	-79.5
2026-06-25T00:37:37.307608	155.0	-76.5
2026-06-25T00:37:37.307947	139.0	-79.0
2026-06-25T00:37:37.308272	127.0	-80.5
2026-06-25T00:37:37.308605	166.0	-80.0
2026-06-25T00:37:37.308927	167.0	-79.0
2026-06-25T00:37:47.091784	145.0	-80.0
2026-06-25T00:37:47.092516	150.0	-78.5
2026-06-25T00:37:47.093001	146.0	-79.0
2026-06-25T00:37:47.093491	142.0	-80.0
2026-06-25T00:37:47.093928	147.0	-80.0
2026-06-25T00:37:47.094325	149.0	-80.0
2026-06-25T00:37:47.094720	148.0	-78.5
2026-06-25T00:37:47.095126	150.0	-81.0
2026-06-25T00:37:47.095515	145.0	-78.5
2026-06-25T00:37:47.095916	143.0	-79.5
2026-06-25T00:37:56.320560	150.0	-81.5
2026-06-25T00:37:56.321311	145.0	-80.5
2026-06-25T00:37:56.321898	136.0	-80.0
2026-06-25T00:37:56.322348	137.0	-79.0
2026-06-25T00:37:56.322758	140.0	-79.0
2026-06-25T00:37:56.323113	145.0	-79.5
2026-06-25T00:37:56.323469	139.0	-80.0
2026-06-25T00:37:56.323807	142.0	-79.0
2026-06-25T00:37:56.324137	148.0	-78.0
2026-06-25T00:37:56.324464	137.0	-79.5
2026-06-25T00:37:56.324830	141.0	-78.5
2026-06-25T00:37:56.325207	139.0	-79.0
2026-06-25T00:38:05.994703	152.0	-79.5
2026-06-25T00:38:05.995452	153.0	-78.5
2026-06-25T00:38:05.995860	154.0	-78.0
2026-06-25T00:38:05.996202	158.0	-77.0
2026-06-25T00:38:05.996534	155.0	-79.5
2026-06-25T00:38:05.996871	152.0	-78.5
2026-06-25T00:38:05.997207	153.0	-77.5
2026-06-25T00:38:05.997653	152.0	-79.0
2026-06-25T00:38:05.998109	155.0	-77.5
2026-06-25T00:38:05.998502	152.0	-76.5
2026-06-25T00:38:05.998852	152.0	-78.0
2026-06-25T00:38:15.378759	165.0	-76.0
2026-06-25T00:38:15.379403	162.0	-75.5
2026-06-25T00:38:15.379798	160.0	-75.5
2026-06-25T00:38:15.380160	158.0	-77.5
2026-06-25T00:38:15.380500	160.0	-75.0
2026-06-25T00:38:15.380831	153.0	-75.5
2026-06-25T00:38:15.381165	145.0	-79.0
2026-06-25T00:38:15.381557	156.0	-78.0
2026-06-25T00:38:15.381978	120.0	-76.5
2026-06-25T00:38:15.382380	168.0	-72.0
2026-06-25T00:38:25.093993	161.0	-76.5
2026-06-25T00:38:25.095085	164.0	-77.5
2026-06-25T00:38:25.095836	169.0	-79.0
2026-06-25T00:38:25.096414	170.0	-76.5
2026-06-25T00:38:25.096853	168.0	-76.5
2026-06-25T00:38:25.097233	170.0	-76.5
2026-06-25T00:38:25.097822	195.0	-77.0
2026-06-25T00:38:25.098496	201.0	-76.5
2026-06-25T00:38:34.642815	182.0	-84.0
2026-06-25T00:38:34.643483	243.0	-81.5
2026-06-25T00:38:34.643862	230.0	-82.5
2026-06-25T00:38:34.644218	228.0	-82.5
2026-06-25T00:38:34.644563	231.0	-80.0
2026-06-25T00:38:34.644893	222.0	-77.5
2026-06-25T00:38:34.645229	227.0	-80.0
2026-06-25T00:38:34.645644	228.0	-81.0
2026-06-25T00:38:34.646069	222.0	-79.5
2026-06-25T00:38:34.646467	225.0	-78.5
2026-06-25T00:38:34.646811	243.0	-78.5
2026-06-25T00:38:44.040195	121.0	-86.5
2026-06-25T00:38:44.040944	188.0	-84.5
2026-06-25T00:38:44.041358	214.0	-84.5
2026-06-25T00:38:44.041867	142.0	-83.5
2026-06-25T00:38:44.042267	118.0	-86.0
2026-06-25T00:38:44.042606	176.0	-84.5
2026-06-25T00:38:44.042947	134.0	-85.5
2026-06-25T00:38:44.043292	137.0	-86.0
2026-06-25T00:38:44.043619	128.0	-86.0
2026-06-25T00:38:44.043942	107.0	-84.5
2026-06-25T00:38:44.044274	133.0	-84.5
2026-06-25T00:38:53.543614	129.0	-83.0
2026-06-25T00:38:53.544338	134.0	-81.5
2026-06-25T00:38:53.544841	137.0	-81.0
2026-06-25T00:38:53.545265	140.0	-82.0
2026-06-25T00:38:53.545754	145.0	-80.5
2026-06-25T00:38:53.546182	147.0	-80.0
2026-06-25T00:38:53.546578	146.0	-81.0
2026-06-25T00:38:53.546972	142.0	-79.0
2026-06-25T00:38:53.547356	142.0	-79.0
2026-06-25T00:38:53.547748	165.0	-80.5
2026-06-25T00:38:53.548173	142.0	-77.5
2026-06-25T00:38:53.548607	147.0	-80.0
2026-06-25T00:39:03.118387	196.0	-87.5
2026-06-25T00:39:03.119161	194.0	-86.5
2026-06-25T00:39:03.119652	193.0	-87.0
2026-06-25T00:39:03.120079	196.0	-87.0
2026-06-25T00:39:03.120573	196.0	-87.5
2026-06-25T00:39:03.121111	196.0	-87.5
2026-06-25T00:39:03.121923	197.0	-86.5
2026-06-25T00:39:03.122805	193.0	-85.0
2026-06-25T00:39:03.123664	194.0	-85.0
2026-06-25T00:39:03.124518	194.0	-85.0
2026-06-25T00:39:03.125337	198.0	-83.5
2026-06-25T00:39:03.126113	125.0	-83.5
2026-06-25T00:39:12.738307	65.0	-67.0
2026-06-25T00:39:12.739044	68.0	-69.5
2026-06-25T00:39:12.739600	67.0	-69.5
2026-06-25T00:39:12.740045	69.0	-68.5
2026-06-25T00:39:12.740423	76.0	-69.0
2026-06-25T00:39:12.740760	65.0	-69.0
2026-06-25T00:39:12.741093	69.0	-71.5
2026-06-25T00:39:12.741546	72.0	-71.0
2026-06-25T00:39:12.742221	63.0	-69.5
2026-06-25T00:39:12.742689	70.0	-69.0
2026-06-25T00:39:22.270217	67.0	-63.5
2026-06-25T00:39:22.270966	68.0	-64.5
2026-06-25T00:39:22.271333	68.0	-65.0
2026-06-25T00:39:22.271660	68.0	-67.0
2026-06-25T00:39:22.271976	70.0	-68.0
2026-06-25T00:39:22.272292	57.0	-70.5
2026-06-25T00:39:22.272618	80.0	-71.0
2026-06-25T00:39:22.272932	84.0	-74.0
2026-06-25T00:39:22.273241	73.0	-71.0
2026-06-25T00:39:22.273699	65.0	-70.0
2026-06-25T00:39:22.274169	59.0	-69.5
2026-06-25T00:39:31.929005	73.0	-71.5
2026-06-25T00:39:31.929837	77.0	-68.5
2026-06-25T00:39:31.930394	78.0	-65.0
2026-06-25T00:39:31.930811	76.0	-66.5
2026-06-25T00:39:31.931216	80.0	-65.0
2026-06-25T00:39:31.931596	74.0	-67.0
2026-06-25T00:39:31.931971	82.0	-66.0
2026-06-25T00:39:31.932347	79.0	-67.0
2026-06-25T00:39:31.932720	83.0	-68.0
2026-06-25T00:39:31.933091	69.0	-70.5
2026-06-25T00:39:31.933738	77.0	-74.0
2026-06-25T00:39:41.411708	73.0	-69.0
2026-06-25T00:39:41.412355	70.0	-69.0
2026-06-25T00:39:41.412698	75.0	-68.0
2026-06-25T00:39:41.413021	71.0	-68.5
2026-06-25T00:39:41.413359	73.0	-68.5
2026-06-25T00:39:41.413904	72.0	-68.5
2026-06-25T00:39:41.414345	81.0	-67.5
2026-06-25T00:39:41.414687	74.0	-68.0
2026-06-25T00:39:41.415005	76.0	-69.5
2026-06-25T00:39:41.415330	75.0	-67.5
2026-06-25T00:39:41.415655	79.0	-67.0
2026-06-25T00:39:50.837974	69.0	-71.5
2026-06-25T00:39:50.838706	70.0	-71.5
2026-06-25T00:39:50.839312	69.0	-70.0
2026-06-25T00:39:50.839751	72.0	-71.0
2026-06-25T00:39:50.840169	73.0	-71.0
2026-06-25T00:39:50.840572	69.0	-71.0
2026-06-25T00:39:50.840970	70.0	-71.0
2026-06-25T00:39:50.841367	75.0	-71.0
2026-06-25T00:39:50.842278	72.0	-71.0
2026-06-25T00:39:50.842833	76.0	-71.0
2026-06-25T00:39:50.843359	78.0	-70.5
2026-06-25T00:39:50.844502	76.0	-70.0
2026-06-25T00:40:00.317901	61.0	-72.5
2026-06-25T00:40:00.318630	70.0	-71.0
2026-06-25T00:40:00.319036	75.0	-69.5
2026-06-25T00:40:00.319390	71.0	-71.5
2026-06-25T00:40:00.319732	67.0	-70.0
2026-06-25T00:40:00.320063	69.0	-70.5
2026-06-25T00:40:00.320400	79.0	-68.5
2026-06-25T00:40:00.320739	79.0	-70.5
2026-06-25T00:40:00.321073	124.0	-71.0
2026-06-25T00:40:00.321472	136.0	-72.0
2026-06-25T00:40:00.321913	78.0	-75.0
2026-06-25T00:40:00.322265	73.0	-73.0
2026-06-25T00:40:09.998992	182.0	-73.5
2026-06-25T00:40:09.999722	179.0	-72.0
2026-06-25T00:40:10.000128	184.0	-71.5
2026-06-25T00:40:10.000487	187.0	-73.0
2026-06-25T00:40:10.000823	183.0	-74.0
2026-06-25T00:40:10.001154	180.0	-71.5
2026-06-25T00:40:10.001550	186.0	-73.0
2026-06-25T00:40:10.002012	190.0	-73.0
2026-06-25T00:40:10.002388	189.0	-71.5
2026-06-25T00:40:10.002728	189.0	-71.0
2026-06-25T00:40:19.686847	159.0	-72.0
2026-06-25T00:40:19.687511	159.0	-71.5
2026-06-25T00:40:19.687889	152.0	-72.5
2026-06-25T00:40:19.688237	154.0	-75.0
2026-06-25T00:40:19.688569	160.0	-74.0
2026-06-25T00:40:19.688905	156.0	-75.0
2026-06-25T00:40:19.689231	152.0	-74.0
2026-06-25T00:40:19.689777	151.0	-77.5
2026-06-25T00:40:29.147717	192.0	-76.5
2026-06-25T00:40:29.148412	183.0	-76.5
2026-06-25T00:40:29.148801	171.0	-77.0
2026-06-25T00:40:29.149139	167.0	-75.5
2026-06-25T00:40:29.149651	169.0	-75.5
2026-06-25T00:40:29.150154	172.0	-76.5
2026-06-25T00:40:29.150571	167.0	-76.0
2026-06-25T00:40:29.150924	170.0	-77.0
2026-06-25T00:40:29.151254	158.0	-82.5
2026-06-25T00:40:38.728774	190.0	-80.5
2026-06-25T00:40:38.729566	191.0	-80.5
2026-06-25T00:40:38.730069	189.0	-78.5
2026-06-25T00:40:38.730447	191.0	-81.0
2026-06-25T00:40:38.730781	188.0	-79.0
2026-06-25T00:40:38.731112	190.0	-80.0
2026-06-25T00:40:38.731438	191.0	-78.5
2026-06-25T00:40:38.731781	191.0	-79.5
2026-06-25T00:40:38.732115	189.0	-78.0
2026-06-25T00:40:38.732440	190.0	-79.5
2026-06-25T00:40:38.732771	195.0	-78.0
2026-06-25T00:40:48.187264	171.0	-75.5
2026-06-25T00:40:48.188298	171.0	-77.0
2026-06-25T00:40:48.188942	168.0	-76.0
2026-06-25T00:40:48.189477	167.0	-77.5
2026-06-25T00:40:48.190017	168.0	-78.0
2026-06-25T00:40:48.190462	178.0	-76.0
2026-06-25T00:40:48.190885	176.0	-77.0
2026-06-25T00:40:48.191303	175.0	-77.5
2026-06-25T00:40:48.191759	168.0	-75.5
2026-06-25T00:40:48.192276	168.0	-74.0
2026-06-25T00:40:57.539501	167.0	-75.0
2026-06-25T00:40:57.540655	165.0	-74.0
2026-06-25T00:40:57.541358	165.0	-75.0
2026-06-25T00:40:57.542174	167.0	-73.0
2026-06-25T00:40:57.542619	169.0	-73.5
2026-06-25T00:40:57.543220	164.0	-71.5
2026-06-25T00:40:57.544218	169.0	-74.5
2026-06-25T00:40:57.545144	171.0	-74.5
2026-06-25T00:40:57.546468	168.0	-74.5
2026-06-25T00:40:57.547255	169.0	-76.0
2026-06-25T00:41:07.229852	175.0	-73.0
2026-06-25T00:41:07.230582	177.0	-75.5
2026-06-25T00:41:07.231038	174.0	-76.0
2026-06-25T00:41:07.231491	168.0	-76.5
2026-06-25T00:41:07.231923	183.0	-78.0
2026-06-25T00:41:07.232324	165.0	-80.0
2026-06-25T00:41:07.232726	165.0	-76.0
2026-06-25T00:41:07.233120	163.0	-79.0
2026-06-25T00:41:07.233543	163.0	-76.5
2026-06-25T00:41:07.233925	161.0	-77.0
2026-06-25T00:41:07.234288	185.0	-77.0
2026-06-25T00:41:16.622197	144.0	-82.5
2026-06-25T00:41:16.622868	136.0	-73.5
2026-06-25T00:41:16.623248	128.0	-70.0
2026-06-25T00:41:16.623587	127.0	-69.5
2026-06-25T00:41:16.623930	129.0	-71.5
2026-06-25T00:41:16.624271	136.0	-70.5
2026-06-25T00:41:16.624608	132.0	-75.5
2026-06-25T00:41:16.624947	128.0	-75.0
2026-06-25T00:41:16.625273	134.0	-79.5
2026-06-25T00:41:16.625706	142.0	-80.5
2026-06-25T00:41:16.626131	127.0	-81.0
2026-06-25T00:41:16.626491	139.0	-78.5
2026-06-25T00:41:26.265183	229.0	-87.5
2026-06-25T00:41:26.266667	224.0	-87.0
2026-06-25T00:41:26.268169	232.0	-87.5
2026-06-25T00:41:26.269660	235.0	-88.0
2026-06-25T00:41:26.270628	237.0	-88.0
2026-06-25T00:41:26.271359	236.0	-87.5
2026-06-25T00:41:26.271972	224.0	-87.0
2026-06-25T00:41:26.272495	155.0	-84.5
2026-06-25T00:41:26.272984	158.0	-84.5
2026-06-25T00:41:26.273467	151.0	-83.5
2026-06-25T00:41:26.273895	163.0	-81.5
2026-06-25T00:41:26.274288	161.0	-85.0
2026-06-25T00:41:35.782183	217.0	-84.0
2026-06-25T00:41:35.782929	181.0	-84.0
2026-06-25T00:41:35.783382	235.0	-84.0
2026-06-25T00:41:35.783747	160.0	-84.0
2026-06-25T00:41:35.784086	178.0	-84.5
2026-06-25T00:41:35.784440	161.0	-84.5
2026-06-25T00:41:35.784779	197.0	-84.5
2026-06-25T00:41:35.785122	220.0	-84.5
2026-06-25T00:41:35.785555	219.0	-84.5
2026-06-25T00:41:35.786037	184.0	-84.0
2026-06-25T00:41:35.786475	209.0	-84.0
2026-06-25T00:41:35.786882	161.0	-84.5
2026-06-25T00:41:45.290727	132.0	-87.0
2026-06-25T00:41:45.291452	199.0	-85.0
2026-06-25T00:41:45.291858	131.0	-84.5
2026-06-25T00:41:45.292219	111.0	-86.0
2026-06-25T00:41:45.292549	115.0	-85.0
2026-06-25T00:41:45.292879	119.0	-81.5
2026-06-25T00:41:45.293215	111.0	-81.0
2026-06-25T00:41:45.293627	105.0	-79.5
2026-06-25T00:41:45.294101	108.0	-78.5
2026-06-25T00:41:45.294491	107.0	-74.5
2026-06-25T00:41:45.294842	107.0	-76.0
2026-06-25T00:41:45.295173	114.0	-82.0
2026-06-25T00:41:54.927676	167.0	-83.5
2026-06-25T00:41:54.928428	162.0	-84.0
2026-06-25T00:41:54.928837	150.0	-85.0
2026-06-25T00:41:54.929182	144.0	-85.0
2026-06-25T00:41:54.929610	126.0	-85.0
2026-06-25T00:41:54.930045	164.0	-85.0
2026-06-25T00:41:54.930427	140.0	-86.0
2026-06-25T00:41:54.930773	184.0	-86.0
2026-06-25T00:41:54.931107	149.0	-85.5
2026-06-25T00:41:54.931451	191.0	-83.5
2026-06-25T00:41:54.931792	114.0	-88.0
2026-06-25T00:42:04.690284	134.0	-84.5
2026-06-25T00:42:04.691026	123.0	-85.0
2026-06-25T00:42:04.691432	230.0	-85.0
2026-06-25T00:42:04.691780	188.0	-85.5
2026-06-25T00:42:04.692133	144.0	-86.5
2026-06-25T00:42:04.692473	124.0	-84.0
2026-06-25T00:42:04.692802	135.0	-84.0
2026-06-25T00:42:04.693131	141.0	-86.0
2026-06-25T00:42:04.693543	136.0	-86.0
2026-06-25T00:42:04.694012	202.0	-84.0
2026-06-25T00:42:14.089134	111.0	-76.5
2026-06-25T00:42:14.089978	96.0	-81.5
2026-06-25T00:42:14.090546	93.0	-71.5
2026-06-25T00:42:14.090988	88.0	-74.5
2026-06-25T00:42:14.091408	84.0	-73.0
2026-06-25T00:42:14.091807	80.0	-70.5
2026-06-25T00:42:14.092209	84.0	-69.5
2026-06-25T00:42:14.092609	80.0	-68.5
2026-06-25T00:42:14.093010	78.0	-65.0
2026-06-25T00:42:14.093397	69.0	-68.5
2026-06-25T00:42:23.680416	65.0	-66.0
2026-06-25T00:42:23.681086	64.0	-68.5
2026-06-25T00:42:23.681561	67.0	-68.5
2026-06-25T00:42:23.682052	66.0	-70.5
2026-06-25T00:42:23.682448	61.0	-72.5
2026-06-25T00:42:23.682843	61.0	-70.5
2026-06-25T00:42:23.683180	64.0	-71.5
2026-06-25T00:42:23.683504	64.0	-70.0
2026-06-25T00:42:23.683819	62.0	-67.5
2026-06-25T00:42:23.684143	60.0	-69.5
2026-06-25T00:42:23.685122	60.0	-70.0
2026-06-25T00:42:33.126607	61.0	-69.0
2026-06-25T00:42:33.127378	67.0	-68.0
2026-06-25T00:42:33.127895	57.0	-70.5
2026-06-25T00:42:33.128328	91.0	-69.5
2026-06-25T00:42:33.128729	52.0	-70.5
2026-06-25T00:42:33.129121	43.0	-72.5
2026-06-25T00:42:33.129545	33.0	-74.5
2026-06-25T00:42:33.129990	46.0	-74.0
2026-06-25T00:42:33.130365	43.0	-72.0
2026-06-25T00:42:33.130731	62.0	-70.0
2026-06-25T00:42:33.131308	56.0	-68.5
2026-06-25T00:42:42.706824	60.0	-73.0
2026-06-25T00:42:42.707543	58.0	-70.5
2026-06-25T00:42:42.707947	67.0	-68.5
2026-06-25T00:42:42.708286	68.0	-68.5
2026-06-25T00:42:42.708616	64.0	-71.5
2026-06-25T00:42:42.708942	39.0	-71.0
2026-06-25T00:42:42.709256	86.0	-68.5
2026-06-25T00:42:42.709681	89.0	-67.0
2026-06-25T00:42:42.710142	88.0	-67.5
2026-06-25T00:42:42.710510	101.0	-68.5
2026-06-25T00:42:42.710841	98.0	-68.0
2026-06-25T00:42:52.160621	54.0	-74.5
2026-06-25T00:42:52.161284	62.0	-73.0
2026-06-25T00:42:52.161831	68.0	-70.0
2026-06-25T00:42:52.162287	61.0	-71.0
2026-06-25T00:42:52.162620	62.0	-73.0
2026-06-25T00:42:52.162941	47.0	-76.5
2026-06-25T00:42:52.163270	37.0	-74.0
2026-06-25T00:42:52.163588	54.0	-75.0
2026-06-25T00:42:52.163898	51.0	-72.5
2026-06-25T00:42:52.164220	54.0	-73.5
2026-06-25T00:42:52.164539	52.0	-74.5
2026-06-25T00:42:52.164865	54.0	-74.5
2026-06-25T00:43:01.668195	107.0	-76.0
2026-06-25T00:43:01.669292	121.0	-75.0
2026-06-25T00:43:01.669889	125.0	-73.5
2026-06-25T00:43:01.670578	128.0	-78.0
2026-06-25T00:43:01.671015	124.0	-79.0
2026-06-25T00:43:01.671585	128.0	-78.5
2026-06-25T00:43:01.672176	125.0	-83.5
2026-06-25T00:43:01.672645	175.0	-83.5
2026-06-25T00:43:01.673098	247.0	-85.5
2026-06-25T00:43:01.673575	118.0	-82.5
2026-06-25T00:43:01.674038	111.0	-82.0
2026-06-25T00:43:01.674448	113.0	-85.0
2026-06-25T00:43:11.449275	255.0	-81.5
2026-06-25T00:43:11.450088	216.0	-81.5
2026-06-25T00:43:11.450506	213.0	-81.5
2026-06-25T00:43:11.450858	218.0	-81.5
2026-06-25T00:43:11.451203	203.0	-81.0
2026-06-25T00:43:11.451534	243.0	-81.5
2026-06-25T00:43:11.451871	294.0	-81.5
2026-06-25T00:43:11.452214	273.0	-81.0
2026-06-25T00:43:11.452540	267.0	-80.5
2026-06-25T00:43:11.452878	247.0	-80.5
2026-06-25T00:43:11.453216	238.0	-80.5
2026-06-25T00:43:20.836160	175.0	-85.5
2026-06-25T00:43:20.837372	207.0	-85.0
2026-06-25T00:43:20.838099	240.0	-84.5
2026-06-25T00:43:20.838537	237.0	-84.0
2026-06-25T00:43:20.838947	169.0	-84.0
2026-06-25T00:43:20.839343	165.0	-85.0
2026-06-25T00:43:20.839688	176.0	-85.0
2026-06-25T00:43:20.840023	191.0	-85.5
2026-06-25T00:43:20.840366	176.0	-86.5
2026-06-25T00:43:20.840698	148.0	-88.5
2026-06-25T00:43:20.841056	142.0	-88.0
2026-06-25T00:43:30.441824	111.0	-80.5
2026-06-25T00:43:30.442508	129.0	-83.0
2026-06-25T00:43:30.442872	137.0	-82.0
2026-06-25T00:43:30.443211	148.0	-82.0
2026-06-25T00:43:30.443544	138.0	-84.0
2026-06-25T00:43:30.443874	124.0	-87.0
2026-06-25T00:43:30.444199	159.0	-84.0
2026-06-25T00:43:30.444528	156.0	-86.0
2026-06-25T00:43:30.444853	221.0	-84.0
2026-06-25T00:43:30.445175	131.0	-84.0
2026-06-25T00:43:30.445667	177.0	-85.5
2026-06-25T00:43:39.991132	151.0	-82.5
2026-06-25T00:43:39.991900	174.0	-82.5
2026-06-25T00:43:39.992395	150.0	-81.5
2026-06-25T00:43:39.992841	145.0	-81.0
2026-06-25T00:43:39.993253	147.0	-81.0
2026-06-25T00:43:39.993758	150.0	-81.5
2026-06-25T00:43:39.994189	142.0	-81.5
2026-06-25T00:43:39.994598	142.0	-82.0
2026-06-25T00:43:39.994993	136.0	-83.0
2026-06-25T00:43:39.995386	136.0	-83.0
2026-06-25T00:43:39.995813	136.0	-83.0
2026-06-25T00:43:49.684377	244.0	-81.5
2026-06-25T00:43:49.685060	181.0	-80.5
2026-06-25T00:43:49.685521	171.0	-85.0
2026-06-25T00:43:49.685960	169.0	-83.0
2026-06-25T00:43:49.686354	137.0	-83.0
2026-06-25T00:43:49.686691	179.0	-86.5
2026-06-25T00:43:49.687036	145.0	-85.0
2026-06-25T00:43:49.687367	135.0	-84.5
2026-06-25T00:43:49.687705	137.0	-86.5
2026-06-25T00:43:58.843446	52.0	-72.0
2026-06-25T00:43:58.844224	58.0	-72.5
2026-06-25T00:43:58.844649	57.0	-71.0
2026-06-25T00:43:58.844982	55.0	-70.5
2026-06-25T00:43:58.845310	58.0	-70.5
2026-06-25T00:43:58.845822	54.0	-72.0
2026-06-25T00:43:58.846258	51.0	-72.5
2026-06-25T00:43:58.846610	57.0	-73.0
2026-06-25T00:43:58.846927	58.0	-72.0
2026-06-25T00:43:58.847241	53.0	-70.0
2026-06-25T00:43:58.847591	52.0	-71.5
2026-06-25T00:43:58.848067	57.0	-72.0
2026-06-25T00:44:08.453162	57.0	-71.5
2026-06-25T00:44:08.453886	56.0	-72.5
2026-06-25T00:44:08.454272	54.0	-73.0
2026-06-25T00:44:08.454598	57.0	-72.0
2026-06-25T00:44:08.454920	61.0	-71.5
2026-06-25T00:44:08.455242	58.0	-72.0
2026-06-25T00:44:08.455554	54.0	-72.5
2026-06-25T00:44:08.455878	59.0	-72.0
2026-06-25T00:44:08.456187	60.0	-72.0
2026-06-25T00:44:08.456498	58.0	-72.5
2026-06-25T00:44:08.456826	58.0	-71.5
2026-06-25T00:44:08.457143	56.0	-73.5
2026-06-25T00:44:17.997706	54.0	-71.5
2026-06-25T00:44:17.998423	58.0	-71.0
2026-06-25T00:44:17.998822	52.0	-72.0
2026-06-25T00:44:17.999155	55.0	-72.0
2026-06-25T00:44:17.999476	56.0	-72.0
2026-06-25T00:44:17.999793	58.0	-71.5
2026-06-25T00:44:18.000121	56.0	-72.0
2026-06-25T00:44:18.000437	52.0	-71.0
2026-06-25T00:44:18.000750	58.0	-70.5
2026-06-25T00:44:18.001072	59.0	-71.0
2026-06-25T00:44:18.001393	56.0	-71.5
2026-06-25T00:44:18.001966	57.0	-72.0
2026-06-25T00:44:27.647991	61.0	-65.0
2026-06-25T00:44:27.648839	69.0	-63.5
2026-06-25T00:44:27.649537	73.0	-62.0
2026-06-25T00:44:27.650059	74.0	-62.5
2026-06-25T00:44:27.650497	62.0	-68.0
2026-06-25T00:44:27.650892	63.0	-65.5
2026-06-25T00:44:27.651295	77.0	-63.0
2026-06-25T00:44:27.651690	81.0	-63.0
2026-06-25T00:44:27.652075	82.0	-70.0
2026-06-25T00:44:27.652470	92.0	-66.0
2026-06-25T00:44:27.652914	94.0	-64.5
2026-06-25T00:44:37.120621	72.0	-67.0
2026-06-25T00:44:37.121350	73.0	-68.0
2026-06-25T00:44:37.121834	69.0	-67.5
2026-06-25T00:44:37.122212	69.0	-68.0
2026-06-25T00:44:37.122548	71.0	-67.0
2026-06-25T00:44:37.122877	72.0	-67.5
2026-06-25T00:44:37.123215	67.0	-66.0
2026-06-25T00:44:37.123548	73.0	-67.0
2026-06-25T00:44:37.123875	73.0	-68.0
2026-06-25T00:44:37.124201	71.0	-68.0
2026-06-25T00:44:37.124522	72.0	-67.0
2026-06-25T00:44:37.124850	71.0	-68.5
2026-06-25T00:44:46.564257	82.0	-66.5
2026-06-25T00:44:46.564998	83.0	-67.5
2026-06-25T00:44:46.565389	89.0	-71.0
2026-06-25T00:44:46.565893	90.0	-71.0
2026-06-25T00:44:46.566333	75.0	-74.5
2026-06-25T00:44:46.566705	77.0	-70.0
2026-06-25T00:44:46.567042	64.0	-70.0
2026-06-25T00:44:46.567376	61.0	-69.0
2026-06-25T00:44:46.567705	54.0	-68.5
2026-06-25T00:44:46.568041	61.0	-70.5
2026-06-25T00:44:46.568381	68.0	-65.0
2026-06-25T00:44:46.568703	70.0	-62.5
2026-06-25T00:44:56.338658	154.0	-70.0
2026-06-25T00:44:56.339823	174.0	-71.0
2026-06-25T00:44:56.340310	179.0	-69.5
2026-06-25T00:44:56.340977	179.0	-71.5
2026-06-25T00:44:56.341465	180.0	-72.0
2026-06-25T00:44:56.341908	182.0	-72.5
2026-06-25T00:44:56.342335	186.0	-70.0
2026-06-25T00:44:56.342841	188.0	-66.5
2026-06-25T00:44:56.343513	189.0	-69.0
2026-06-25T00:44:56.343936	186.0	-67.5
2026-06-25T00:44:56.344366	187.0	-69.5
2026-06-25T00:45:05.686719	180.0	-74.0
2026-06-25T00:45:05.687458	177.0	-74.5
2026-06-25T00:45:05.687984	178.0	-74.5
2026-06-25T00:45:05.688435	184.0	-73.5
2026-06-25T00:45:05.688862	182.0	-74.5
2026-06-25T00:45:05.689272	177.0	-74.5
2026-06-25T00:45:05.689750	179.0	-73.5
2026-06-25T00:45:05.690188	175.0	-74.0
2026-06-25T00:45:05.690583	180.0	-73.5
2026-06-25T00:45:05.691236	179.0	-75.0
2026-06-25T00:45:05.691714	175.0	-75.5
2026-06-25T00:45:05.692372	177.0	-75.0
2026-06-25T00:45:15.538547	183.0	-77.0
2026-06-25T00:45:15.539270	181.0	-75.5
2026-06-25T00:45:15.540090	177.0	-74.5
2026-06-25T00:45:15.540579	180.0	-71.0
2026-06-25T00:45:15.541165	178.0	-69.5
2026-06-25T00:45:15.541887	180.0	-71.0
2026-06-25T00:45:15.542334	182.0	-73.0
2026-06-25T00:45:15.542911	179.0	-75.0
2026-06-25T00:45:15.543575	181.0	-74.0
2026-06-25T00:45:15.544027	181.0	-77.0
2026-06-25T00:45:24.839332	189.0	-75.0
2026-06-25T00:45:24.840051	183.0	-77.5
2026-06-25T00:45:24.840499	183.0	-77.5
2026-06-25T00:45:24.841042	187.0	-75.5
2026-06-25T00:45:24.841632	190.0	-75.0
2026-06-25T00:45:24.842024	185.0	-74.0
2026-06-25T00:45:24.842350	182.0	-76.0
2026-06-25T00:45:24.842677	186.0	-73.5
2026-06-25T00:45:24.843007	227.0	-72.5
2026-06-25T00:45:24.843331	164.0	-75.5
2026-06-25T00:45:24.843649	175.0	-77.5
2026-06-25T00:45:24.843980	176.0	-78.5
2026-06-25T00:45:34.370242	194.0	-72.5
2026-06-25T00:45:34.371000	192.0	-73.5
2026-06-25T00:45:34.371384	183.0	-73.0
2026-06-25T00:45:34.371715	180.0	-70.5
2026-06-25T00:45:34.372049	183.0	-70.5
2026-06-25T00:45:34.372379	181.0	-69.5
2026-06-25T00:45:34.372707	179.0	-71.5
2026-06-25T00:45:34.373031	169.0	-74.5
2026-06-25T00:45:34.373353	170.0	-72.5
2026-06-25T00:45:34.374588	169.0	-73.0
2026-06-25T00:45:34.375268	171.0	-73.5
2026-06-25T00:45:34.375845	171.0	-71.0
2026-06-25T00:45:43.865676	181.0	-73.0
2026-06-25T00:45:43.866759	182.0	-73.0
2026-06-25T00:45:43.867239	180.0	-74.5
2026-06-25T00:45:43.867881	176.0	-73.5
2026-06-25T00:45:43.868307	177.0	-73.5
2026-06-25T00:45:43.868875	172.0	-74.0
2026-06-25T00:45:43.869467	243.0	-74.0
2026-06-25T00:45:43.869965	243.0	-73.5
2026-06-25T00:45:43.870406	179.0	-73.0
2026-06-25T00:45:43.870816	178.0	-72.5
2026-06-25T00:45:43.871245	186.0	-74.0
2026-06-25T00:45:53.408096	193.0	-75.0
2026-06-25T00:45:53.408816	194.0	-76.0
2026-06-25T00:45:53.409204	190.0	-76.5
2026-06-25T00:45:53.409660	182.0	-76.0
2026-06-25T00:45:53.410097	186.0	-72.5
2026-06-25T00:45:53.410458	182.0	-73.5
2026-06-25T00:45:53.410783	187.0	-75.0
2026-06-25T00:45:53.411100	185.0	-72.5
2026-06-25T00:46:02.922632	178.0	-71.0
2026-06-25T00:46:02.923363	176.0	-70.5
2026-06-25T00:46:02.924182	178.0	-71.0
2026-06-25T00:46:02.924819	181.0	-70.0
2026-06-25T00:46:02.925257	183.0	-70.5
2026-06-25T00:46:02.927089	180.0	-74.0
2026-06-25T00:46:02.927894	182.0	-76.5
2026-06-25T00:46:02.929034	185.0	-76.5
2026-06-25T00:46:02.929799	183.0	-76.0
2026-06-25T00:46:02.930497	185.0	-75.0
2026-06-25T00:46:02.931047	183.0	-76.5
2026-06-25T00:46:02.931572	175.0	-76.0
2026-06-25T00:46:12.588632	193.0	-76.0
2026-06-25T00:46:12.589374	198.0	-75.0
2026-06-25T00:46:12.589891	197.0	-77.5
2026-06-25T00:46:12.590266	198.0	-77.5
2026-06-25T00:46:12.590623	192.0	-76.5
2026-06-25T00:46:12.590962	191.0	-82.0
2026-06-25T00:46:12.591290	198.0	-80.5
2026-06-25T00:46:12.591634	203.0	-79.5
2026-06-25T00:46:12.591975	212.0	-79.0
2026-06-25T00:46:12.592309	209.0	-75.5
2026-06-25T00:46:22.076888	198.0	-78.5
2026-06-25T00:46:22.077630	199.0	-79.5
2026-06-25T00:46:22.078040	198.0	-80.5
2026-06-25T00:46:22.078392	198.0	-78.0
2026-06-25T00:46:22.078730	200.0	-75.5
2026-06-25T00:46:22.079072	202.0	-78.5
2026-06-25T00:46:22.079410	202.0	-78.5
2026-06-25T00:46:22.079749	217.0	-77.5
2026-06-25T00:46:22.080084	207.0	-77.5
2026-06-25T00:46:22.080415	196.0	-75.5
2026-06-25T00:46:22.080744	205.0	-78.0
2026-06-25T00:46:22.081069	198.0	-78.0
2026-06-25T00:46:31.656845	210.0	-74.5
2026-06-25T00:46:31.657600	210.0	-74.0
2026-06-25T00:46:31.658054	214.0	-74.0
2026-06-25T00:46:31.658441	218.0	-75.5
2026-06-25T00:46:31.658795	202.0	-73.0
2026-06-25T00:46:31.659130	204.0	-78.0
2026-06-25T00:46:31.659482	184.0	-76.0
2026-06-25T00:46:31.659860	303.0	-74.0
2026-06-25T00:46:31.660325	199.0	-79.0
2026-06-25T00:46:31.660825	190.0	-76.0
2026-06-25T00:46:31.661280	189.0	-74.5
2026-06-25T00:46:41.248648	250.0	-76.0
2026-06-25T00:46:41.249398	220.0	-76.0
2026-06-25T00:46:41.249898	220.0	-75.0
2026-06-25T00:46:41.250245	230.0	-75.5
2026-06-25T00:46:41.250598	237.0	-77.5
2026-06-25T00:46:41.250939	205.0	-75.5
2026-06-25T00:46:41.251275	222.0	-73.5
2026-06-25T00:46:41.251615	201.0	-75.5
2026-06-25T00:46:41.251948	216.0	-75.5
2026-06-25T00:46:41.252277	221.0	-76.5
2026-06-25T00:46:51.024113	155.0	-69.5
2026-06-25T00:46:51.024793	158.0	-69.0
2026-06-25T00:46:51.025153	159.0	-69.5
2026-06-25T00:46:51.025624	155.0	-66.5
2026-06-25T00:46:51.025998	149.0	-69.5
2026-06-25T00:46:51.026339	143.0	-70.5
2026-06-25T00:46:51.026683	140.0	-69.5
2026-06-25T00:46:51.027024	138.0	-69.0
2026-06-25T00:46:51.027355	130.0	-72.0
2026-06-25T00:47:00.310979	46.0	-71.5
2026-06-25T00:47:00.311731	64.0	-71.5
2026-06-25T00:47:00.312198	67.0	-70.5
2026-06-25T00:47:00.312539	68.0	-70.5
2026-06-25T00:47:00.312867	68.0	-69.0
2026-06-25T00:47:00.313182	72.0	-68.5
2026-06-25T00:47:00.313558	72.0	-67.5
2026-06-25T00:47:00.313966	73.0	-68.0
2026-06-25T00:47:00.314321	74.0	-68.0
2026-06-25T00:47:00.314632	74.0	-68.0
2026-06-25T00:47:00.314942	74.0	-67.0
2026-06-25T00:47:09.928129	75.0	-66.5
2026-06-25T00:47:09.929259	70.0	-70.5
2026-06-25T00:47:09.929903	77.0	-68.0
2026-06-25T00:47:09.930389	73.0	-66.0
2026-06-25T00:47:09.930789	64.0	-73.5
2026-06-25T00:47:09.931188	61.0	-69.5
2026-06-25T00:47:09.931575	65.0	-72.0
2026-06-25T00:47:09.931955	67.0	-70.5
2026-06-25T00:47:09.932342	59.0	-71.0
2026-06-25T00:47:09.933156	81.0	-67.0
2026-06-25T00:47:09.933583	70.0	-73.5
2026-06-25T00:47:19.551162	76.0	-69.5
2026-06-25T00:47:19.551831	76.0	-69.0
2026-06-25T00:47:19.552177	79.0	-69.5
2026-06-25T00:47:19.552512	77.0	-69.0
2026-06-25T00:47:19.552830	77.0	-69.5
2026-06-25T00:47:19.553151	77.0	-69.5
2026-06-25T00:47:19.553608	75.0	-70.0
2026-06-25T00:47:19.554088	76.0	-70.0
2026-06-25T00:47:19.554491	77.0	-70.0
2026-06-25T00:47:19.554876	75.0	-69.0
2026-06-25T00:47:19.555247	72.0	-69.0
2026-06-25T00:47:28.857594	86.0	-67.0
2026-06-25T00:47:28.858330	81.0	-70.0
2026-06-25T00:47:28.858829	84.0	-70.5
2026-06-25T00:47:28.859283	88.0	-72.5
2026-06-25T00:47:28.859711	81.0	-72.5
2026-06-25T00:47:28.860120	73.0	-70.5
2026-06-25T00:47:28.860523	68.0	-73.0
2026-06-25T00:47:28.860917	71.0	-70.5
2026-06-25T00:47:28.861313	80.0	-70.5
2026-06-25T00:47:28.861782	79.0	-70.5
2026-06-25T00:47:28.862239	69.0	-69.5
2026-06-25T00:47:28.862668	70.0	-68.0
2026-06-25T00:47:38.425319	168.0	-83.0
2026-06-25T00:47:38.426102	123.0	-84.5
2026-06-25T00:47:38.426537	120.0	-83.5
2026-06-25T00:47:38.426892	126.0	-83.5
2026-06-25T00:47:38.427240	115.0	-85.5
2026-06-25T00:47:38.427580	120.0	-84.0
2026-06-25T00:47:38.427907	114.0	-87.0
2026-06-25T00:47:38.428233	183.0	-86.0
2026-06-25T00:47:38.428555	247.0	-83.0
2026-06-25T00:47:38.428875	203.0	-86.0
2026-06-25T00:47:38.429203	214.0	-84.0
2026-06-25T00:47:38.429681	289.0	-86.0
2026-06-25T00:47:47.871568	162.0	-84.5
2026-06-25T00:47:47.872757	160.0	-84.5
2026-06-25T00:47:47.873279	159.0	-84.5
2026-06-25T00:47:47.873824	161.0	-85.0
2026-06-25T00:47:47.874293	147.0	-86.0
2026-06-25T00:47:47.874700	152.0	-86.0
2026-06-25T00:47:47.875094	150.0	-86.0
2026-06-25T00:47:47.875490	152.0	-86.0
2026-06-25T00:47:47.876203	148.0	-86.5
2026-06-25T00:47:47.876735	156.0	-86.0
2026-06-25T00:47:47.877256	148.0	-86.0
2026-06-25T00:47:47.877798	146.0	-87.0
2026-06-25T00:47:57.725108	249.0	-83.5
2026-06-25T00:47:57.725918	225.0	-81.0
2026-06-25T00:47:57.726336	182.0	-86.0
2026-06-25T00:47:57.726685	169.0	-86.5
2026-06-25T00:47:57.727029	175.0	-84.5
2026-06-25T00:47:57.727367	160.0	-83.5
2026-06-25T00:47:57.727702	184.0	-86.5
2026-06-25T00:47:57.728037	176.0	-81.5
2026-06-25T00:47:57.728369	152.0	-85.0
2026-06-25T00:47:57.728690	153.0	-84.0
2026-06-25T00:48:07.047830	148.0	-85.0
2026-06-25T00:48:07.048803	148.0	-85.0
2026-06-25T00:48:07.049688	147.0	-86.5
2026-06-25T00:48:07.050218	157.0	-86.5
2026-06-25T00:48:07.050889	145.0	-87.0
2026-06-25T00:48:07.051496	154.0	-87.0
2026-06-25T00:48:07.051874	167.0	-86.5
2026-06-25T00:48:07.052232	181.0	-84.0
2026-06-25T00:48:07.052744	154.0	-83.5
2026-06-25T00:48:07.053293	169.0	-83.0
2026-06-25T00:48:07.053822	174.0	-83.0
2026-06-25T00:48:07.054293	180.0	-83.5
2026-06-25T00:48:16.561816	123.0	-84.5
2026-06-25T00:48:16.562544	167.0	-83.0
2026-06-25T00:48:16.562957	215.0	-82.5
2026-06-25T00:48:16.563312	152.0	-84.5
2026-06-25T00:48:16.563655	120.0	-85.0
2026-06-25T00:48:16.563988	198.0	-84.0
2026-06-25T00:48:16.564316	220.0	-81.0
2026-06-25T00:48:16.564648	169.0	-83.5
2026-06-25T00:48:16.564989	210.0	-83.0
2026-06-25T00:48:16.565314	182.0	-82.5
2026-06-25T00:48:16.565833	218.0	-84.0
2026-06-25T00:48:16.566276	187.0	-87.0
2026-06-25T00:48:26.225522	208.0	-85.0
2026-06-25T00:48:26.226253	216.0	-86.5
2026-06-25T00:48:26.226741	209.0	-86.5
2026-06-25T00:48:26.227294	210.0	-86.5
2026-06-25T00:48:26.227698	211.0	-86.5
2026-06-25T00:48:26.228087	211.0	-86.0
2026-06-25T00:48:26.228410	209.0	-86.5
2026-06-25T00:48:26.228742	203.0	-86.5
2026-06-25T00:48:26.229067	210.0	-86.5
2026-06-25T00:48:26.229388	217.0	-87.0
2026-06-25T00:48:26.230402	206.0	-87.0
2026-06-25T00:48:35.687342	134.0	-84.5
2026-06-25T00:48:35.688625	162.0	-82.5
2026-06-25T00:48:35.689399	118.0	-83.0
2026-06-25T00:48:35.690081	156.0	-85.0
2026-06-25T00:48:35.690538	199.0	-83.0
2026-06-25T00:48:35.690946	177.0	-82.5
2026-06-25T00:48:35.691350	166.0	-83.0
2026-06-25T00:48:35.691744	146.0	-83.0
2026-06-25T00:48:35.692633	155.0	-84.0
2026-06-25T00:48:35.693105	162.0	-84.0
2026-06-25T00:48:35.693554	161.0	-85.5
2026-06-25T00:48:35.694902	149.0	-85.0
2026-06-25T00:48:45.123588	66.0	-70.5
2026-06-25T00:48:45.124355	71.0	-69.0
2026-06-25T00:48:45.124894	68.0	-68.5
2026-06-25T00:48:45.125347	73.0	-67.5
2026-06-25T00:48:45.125865	76.0	-66.0
2026-06-25T00:48:45.126285	70.0	-65.5
2026-06-25T00:48:45.126692	73.0	-65.5
2026-06-25T00:48:45.127101	73.0	-65.5
2026-06-25T00:48:45.127502	70.0	-65.0
2026-06-25T00:48:45.127984	69.0	-67.0
2026-06-25T00:48:45.128479	71.0	-66.5
2026-06-25T00:48:54.762111	69.0	-67.0
2026-06-25T00:48:54.762835	71.0	-66.5
2026-06-25T00:48:54.763267	73.0	-65.5
2026-06-25T00:48:54.763618	69.0	-65.5
2026-06-25T00:48:54.763967	71.0	-66.0
2026-06-25T00:48:54.764297	72.0	-66.0
2026-06-25T00:48:54.764623	70.0	-66.5
2026-06-25T00:48:54.764964	71.0	-66.5
2026-06-25T00:48:54.765298	69.0	-67.0
2026-06-25T00:48:54.765891	71.0	-66.5
2026-06-25T00:48:54.766349	63.0	-67.0
2026-06-25T00:48:54.766758	66.0	-66.5
2026-06-25T00:49:04.294796	73.0	-64.5
2026-06-25T00:49:04.295555	71.0	-65.0
2026-06-25T00:49:04.295972	67.0	-69.0
2026-06-25T00:49:04.296313	65.0	-71.0
2026-06-25T00:49:04.296648	66.0	-73.0
2026-06-25T00:49:04.296977	87.0	-68.0
2026-06-25T00:49:04.297300	81.0	-69.0
2026-06-25T00:49:04.297713	72.0	-70.5
2026-06-25T00:49:04.298129	69.0	-70.5
2026-06-25T00:49:04.298475	68.0	-70.5
2026-06-25T00:49:04.298822	69.0	-74.0
2026-06-25T00:49:04.299145	69.0	-74.0
2026-06-25T00:49:13.747080	76.0	-70.5
2026-06-25T00:49:13.749018	74.0	-69.5
2026-06-25T00:49:13.750231	79.0	-67.5
2026-06-25T00:49:13.750943	79.0	-69.0
2026-06-25T00:49:13.751510	78.0	-70.0
2026-06-25T00:49:13.752016	75.0	-70.5
2026-06-25T00:49:13.752492	67.0	-70.0
2026-06-25T00:49:13.752963	74.0	-72.0
2026-06-25T00:49:13.753568	76.0	-70.5
2026-06-25T00:49:13.754122	81.0	-69.5
2026-06-25T00:49:13.754584	84.0	-70.5
2026-06-25T00:49:13.755021	69.0	-71.0
2026-06-25T00:49:23.330661	179.0	-85.0
2026-06-25T00:49:23.331611	210.0	-84.5
2026-06-25T00:49:23.332492	221.0	-84.0
2026-06-25T00:49:23.333153	218.0	-83.5
2026-06-25T00:49:23.333692	222.0	-83.0
2026-06-25T00:49:23.334304	220.0	-83.0
2026-06-25T00:49:23.334689	237.0	-83.5
2026-06-25T00:49:23.336054	249.0	-83.0
2026-06-25T00:49:23.336790	243.0	-83.0
2026-06-25T00:49:23.337772	225.0	-83.5
2026-06-25T00:49:23.338220	217.0	-83.5
2026-06-25T00:49:23.338568	217.0	-84.0
2026-06-25T00:49:32.829117	118.0	-86.0
2026-06-25T00:49:32.829897	121.0	-85.5
2026-06-25T00:49:32.830338	135.0	-86.5
2026-06-25T00:49:32.830691	123.0	-86.0
2026-06-25T00:49:32.831027	137.0	-86.0
2026-06-25T00:49:32.831358	133.0	-85.5
2026-06-25T00:49:32.831694	177.0	-85.5
2026-06-25T00:49:32.832031	139.0	-85.5
2026-06-25T00:49:32.832367	109.0	-86.0
2026-06-25T00:49:32.832692	139.0	-85.5
2026-06-25T00:49:32.833034	122.0	-86.0
2026-06-25T00:49:32.833354	122.0	-86.0
2026-06-25T00:49:42.386261	142.0	-85.5
2026-06-25T00:49:42.387102	151.0	-85.5
2026-06-25T00:49:42.387555	134.0	-85.0
2026-06-25T00:49:42.387929	119.0	-84.5
2026-06-25T00:49:42.388315	134.0	-84.5
2026-06-25T00:49:42.388688	137.0	-85.0
2026-06-25T00:49:42.389040	180.0	-85.5
2026-06-25T00:49:42.389408	103.0	-86.0
2026-06-25T00:49:42.390932	114.0	-86.5
2026-06-25T00:49:42.391726	112.0	-86.5
2026-06-25T00:49:42.392469	137.0	-86.5
2026-06-25T00:49:42.393172	177.0	-84.0
2026-06-25T00:49:52.196516	120.0	-83.5
2026-06-25T00:49:52.197172	127.0	-84.0
2026-06-25T00:49:52.197657	118.0	-84.0
2026-06-25T00:49:52.198022	119.0	-84.0
2026-06-25T00:49:52.198358	122.0	-84.0
2026-06-25T00:49:52.198736	123.0	-84.5
2026-06-25T00:49:52.199066	122.0	-84.0
2026-06-25T00:49:52.199386	119.0	-84.0
2026-06-25T00:49:52.199702	111.0	-84.5
2026-06-25T00:49:52.200024	114.0	-86.0
2026-06-25T00:50:01.464546	220.0	-83.5
2026-06-25T00:50:01.465296	120.0	-84.5
2026-06-25T00:50:01.465807	126.0	-84.0
2026-06-25T00:50:01.466168	196.0	-83.5
2026-06-25T00:50:01.466515	125.0	-85.0
2026-06-25T00:50:01.466851	117.0	-85.5
2026-06-25T00:50:01.467185	152.0	-83.0
2026-06-25T00:50:01.467512	107.0	-84.5
2026-06-25T00:50:01.467844	140.0	-83.5
2026-06-25T00:50:01.468172	104.0	-84.0
2026-06-25T00:50:01.468493	147.0	-84.5
2026-06-25T00:50:01.468819	122.0	-84.0
2026-06-25T00:50:11.047739	184.0	-79.0
2026-06-25T00:50:11.048385	174.0	-77.5
2026-06-25T00:50:11.048776	173.0	-73.0
2026-06-25T00:50:11.049115	167.0	-75.0
2026-06-25T00:50:11.049543	170.0	-73.5
2026-06-25T00:50:11.050022	165.0	-72.0
2026-06-25T00:50:11.050404	174.0	-72.5
2026-06-25T00:50:11.050756	182.0	-76.0
2026-06-25T00:50:11.051121	183.0	-75.5
2026-06-25T00:50:11.051464	185.0	-75.5
2026-06-25T00:50:11.051797	184.0	-78.5
2026-06-25T00:50:11.052128	185.0	-77.0
2026-06-25T00:50:20.548784	197.0	-73.5
2026-06-25T00:50:20.549604	198.0	-75.0
2026-06-25T00:50:20.550056	192.0	-80.0
2026-06-25T00:50:20.550413	187.0	-75.5
2026-06-25T00:50:20.550785	190.0	-74.0
2026-06-25T00:50:20.551134	193.0	-75.5
2026-06-25T00:50:20.551486	183.0	-70.0
2026-06-25T00:50:20.551822	185.0	-70.0
2026-06-25T00:50:20.552157	191.0	-68.0
2026-06-25T00:50:20.552483	167.0	-74.0
2026-06-25T00:50:20.552806	164.0	-75.5
2026-06-25T00:50:30.097899	159.0	-73.5
2026-06-25T00:50:30.098629	159.0	-74.0
2026-06-25T00:50:30.099035	160.0	-73.5
2026-06-25T00:50:30.099391	162.0	-75.0
2026-06-25T00:50:30.099728	164.0	-75.5
2026-06-25T00:50:30.100069	164.0	-74.5
2026-06-25T00:50:30.100404	159.0	-75.5
2026-06-25T00:50:30.100750	159.0	-76.0
2026-06-25T00:50:30.101083	158.0	-76.0
2026-06-25T00:50:30.101405	160.0	-76.5
2026-06-25T00:50:30.101949	166.0	-77.0
2026-06-25T00:50:39.620700	161.0	-75.0
2026-06-25T00:50:39.621485	161.0	-73.5
2026-06-25T00:50:39.621943	162.0	-75.5
2026-06-25T00:50:39.622301	158.0	-74.5
2026-06-25T00:50:39.622649	157.0	-73.0
2026-06-25T00:50:39.622980	160.0	-74.5
2026-06-25T00:50:39.623320	161.0	-74.0
2026-06-25T00:50:39.623651	162.0	-73.5
2026-06-25T00:50:39.623984	164.0	-73.0
2026-06-25T00:50:39.624308	159.0	-72.5
2026-06-25T00:50:39.624639	160.0	-72.5
2026-06-25T00:50:39.625742	163.0	-75.5
2026-06-25T00:50:49.137382	174.0	-77.0
2026-06-25T00:50:49.138175	172.0	-76.5
2026-06-25T00:50:49.138606	173.0	-77.0
2026-06-25T00:50:49.138950	169.0	-76.5
2026-06-25T00:50:49.139307	170.0	-77.5
2026-06-25T00:50:49.139648	170.0	-76.5
2026-06-25T00:50:49.139982	172.0	-77.0
2026-06-25T00:50:49.140311	169.0	-77.5
2026-06-25T00:50:49.140644	169.0	-75.0
2026-06-25T00:50:49.140965	167.0	-74.5
2026-06-25T00:50:49.141313	173.0	-75.0
2026-06-25T00:50:58.819938	192.0	-72.0
2026-06-25T00:50:58.821227	198.0	-72.0
2026-06-25T00:50:58.821896	198.0	-76.0
2026-06-25T00:50:58.822314	193.0	-79.0
2026-06-25T00:50:58.822672	203.0	-76.0
2026-06-25T00:50:58.823025	159.0	-75.0
2026-06-25T00:50:58.823368	174.0	-78.5
2026-06-25T00:50:58.823752	186.0	-73.0
2026-06-25T00:50:58.824092	190.0	-71.5
2026-06-25T00:50:58.824451	192.0	-73.0
2026-06-25T00:50:58.824786	196.0	-72.0
2026-06-25T00:50:58.825132	189.0	-73.0
2026-06-25T00:51:08.295093	182.0	-76.0
2026-06-25T00:51:08.295759	182.0	-75.5
2026-06-25T00:51:08.296148	179.0	-75.5
2026-06-25T00:51:08.296496	182.0	-75.5
2026-06-25T00:51:08.296843	181.0	-76.5
2026-06-25T00:51:08.297182	181.0	-76.0
2026-06-25T00:51:08.297624	183.0	-77.0
2026-06-25T00:51:08.298102	178.0	-76.0
2026-06-25T00:51:08.298529	183.0	-76.0
2026-06-25T00:51:08.298932	176.0	-75.5
2026-06-25T00:51:08.299345	176.0	-76.0
2026-06-25T00:51:08.299733	183.0	-75.5
2026-06-25T00:51:17.803854	160.0	-71.0
2026-06-25T00:52:34.087768	62.0	-70.5
2026-06-25T00:52:34.088673	60.0	-71.0
2026-06-25T00:52:34.089129	63.0	-70.5
2026-06-25T00:52:34.089700	58.0	-69.5
2026-06-25T00:52:34.090247	62.0	-70.5
2026-06-25T00:52:34.090720	58.0	-70.5
2026-06-25T00:52:34.091261	59.0	-70.5
2026-06-25T00:52:34.091712	61.0	-70.5
2026-06-25T00:52:34.092208	60.0	-70.5
2026-06-25T00:52:34.092628	61.0	-72.5
2026-06-25T00:52:34.093026	58.0	-70.5
2026-06-25T00:52:34.093475	59.0	-71.5
2026-06-25T00:52:43.734630	67.0	-73.5
2026-06-25T00:52:43.735450	67.0	-74.5
2026-06-25T00:52:43.735981	65.0	-73.5
2026-06-25T00:52:43.736442	60.0	-73.0
2026-06-25T00:52:43.736852	62.0	-73.5
2026-06-25T00:52:43.737248	60.0	-74.0
2026-06-25T00:52:43.737683	67.0	-73.0
2026-06-25T00:52:43.738125	64.0	-73.5
2026-06-25T00:52:43.738522	62.0	-74.0
2026-06-25T00:52:43.739098	66.0	-74.0
2026-06-25T00:52:43.739595	63.0	-75.0
2026-06-25T00:52:43.740243	65.0	-73.5
2026-06-25T00:52:53.303933	59.0	-68.5
2026-06-25T00:52:53.304636	60.0	-68.0
2026-06-25T00:52:53.304980	61.0	-68.0
2026-06-25T00:52:53.305304	60.0	-69.5
2026-06-25T00:52:53.305792	64.0	-68.5
2026-06-25T00:52:53.306250	61.0	-68.5
2026-06-25T00:52:53.306583	59.0	-69.0
2026-06-25T00:52:53.306906	59.0	-69.0
2026-06-25T00:52:53.307260	57.0	-68.5
2026-06-25T00:52:53.307589	59.0	-68.0
2026-06-25T00:52:53.307920	62.0	-69.0
2026-06-25T00:53:02.886253	129.0	-83.5
2026-06-25T00:53:02.886976	191.0	-84.0
2026-06-25T00:53:02.887354	135.0	-84.5
2026-06-25T00:53:02.887695	136.0	-84.5
2026-06-25T00:53:02.888025	119.0	-84.5
2026-06-25T00:53:02.888350	118.0	-83.0
2026-06-25T00:53:02.888662	112.0	-84.5
2026-06-25T00:53:02.888989	112.0	-84.5
2026-06-25T00:53:02.889309	123.0	-83.0
2026-06-25T00:53:02.889729	123.0	-87.0
2026-06-25T00:53:02.890128	136.0	-83.0
2026-06-25T00:53:12.298187	153.0	-85.0
2026-06-25T00:53:12.298907	156.0	-84.0
2026-06-25T00:53:12.299312	154.0	-84.0
2026-06-25T00:53:12.299655	150.0	-83.5
2026-06-25T00:53:12.300004	155.0	-83.0
2026-06-25T00:53:12.300330	152.0	-81.5
2026-06-25T00:53:12.300666	150.0	-81.0
2026-06-25T00:53:12.301027	159.0	-81.5
2026-06-25T00:53:12.301524	157.0	-80.5
2026-06-25T00:53:12.301935	154.0	-81.5
2026-06-25T00:53:12.302273	154.0	-84.0
2026-06-25T00:53:12.302606	157.0	-82.5
2026-06-25T00:53:21.829262	138.0	-82.0
2026-06-25T00:53:21.830061	139.0	-83.0
2026-06-25T00:53:21.830494	148.0	-82.5
2026-06-25T00:53:21.830856	148.0	-82.0
2026-06-25T00:53:21.831189	170.0	-80.0
2026-06-25T00:53:21.831521	216.0	-81.0
2026-06-25T00:53:21.831848	167.0	-83.0
2026-06-25T00:53:21.832188	170.0	-84.5
2026-06-25T00:53:21.832522	156.0	-85.5
2026-06-25T00:53:21.832857	158.0	-84.0
2026-06-25T00:53:21.833184	190.0	-77.5
2026-06-25T00:53:21.833597	184.0	-82.5
2026-06-25T00:53:31.329582	151.0	-83.5
2026-06-25T00:53:31.330332	214.0	-85.0
2026-06-25T00:53:31.330736	144.0	-84.5
2026-06-25T00:53:31.331090	142.0	-84.5
2026-06-25T00:53:31.331425	138.0	-84.0
2026-06-25T00:53:31.331750	136.0	-84.0
2026-06-25T00:53:31.332070	177.0	-81.0
2026-06-25T00:53:31.332396	133.0	-85.0
2026-06-25T00:53:31.332716	123.0	-83.5
2026-06-25T00:53:31.333047	168.0	-85.5
2026-06-25T00:53:31.333384	175.0	-87.0
2026-06-25T00:53:31.334017	140.0	-84.5
2026-06-25T00:53:40.871981	136.0	-84.0
2026-06-25T00:53:40.872623	158.0	-84.0
2026-06-25T00:53:40.872986	220.0	-84.5
2026-06-25T00:53:40.873340	230.0	-83.5
2026-06-25T00:53:40.873897	235.0	-83.5
2026-06-25T00:53:40.874312	159.0	-84.5
2026-06-25T00:53:40.874655	132.0	-86.5
2026-06-25T00:53:40.874993	135.0	-85.0
2026-06-25T00:53:40.875320	135.0	-85.5
2026-06-25T00:53:40.875655	128.0	-86.0
2026-06-25T00:53:40.875988	136.0	-85.5
2026-06-25T00:53:40.876317	146.0	-84.0
2026-06-25T00:53:50.643596	174.0	-73.5
2026-06-25T00:53:50.644337	169.0	-75.0
2026-06-25T00:53:50.644732	161.0	-74.0
2026-06-25T00:53:50.645082	172.0	-73.0
2026-06-25T00:53:50.645477	178.0	-74.0
2026-06-25T00:53:50.645868	181.0	-71.5
2026-06-25T00:53:50.646258	175.0	-76.0
2026-06-25T00:53:50.646596	176.0	-75.5
2026-06-25T00:54:00.022841	143.0	-82.0
2026-06-25T00:54:00.023567	142.0	-81.5
2026-06-25T00:54:00.024029	145.0	-82.0
2026-06-25T00:54:00.024422	150.0	-81.0
2026-06-25T00:54:00.024760	144.0	-81.0
2026-06-25T00:54:00.025096	145.0	-82.0
2026-06-25T00:54:00.025471	150.0	-81.0
2026-06-25T00:54:00.025856	154.0	-80.0
2026-06-25T00:54:00.026184	159.0	-79.0
2026-06-25T00:54:00.026506	159.0	-78.5
2026-06-25T00:54:00.026890	166.0	-76.0
2026-06-25T00:54:00.027223	166.0	-76.5
2026-06-25T00:54:09.665055	161.0	-81.5
2026-06-25T00:54:09.665791	159.0	-80.0
2026-06-25T00:54:09.666158	158.0	-80.5
2026-06-25T00:54:09.666491	159.0	-81.0
2026-06-25T00:54:09.666808	157.0	-81.0
2026-06-25T00:54:09.667119	160.0	-80.5
2026-06-25T00:54:09.667440	160.0	-80.5
2026-06-25T00:54:09.667764	160.0	-80.5
2026-06-25T00:54:09.668083	159.0	-81.0
2026-06-25T00:54:09.668390	159.0	-80.5
2026-06-25T00:54:09.668711	159.0	-81.0
2026-06-25T00:54:19.359114	160.0	-80.0
2026-06-25T00:54:19.359815	164.0	-79.5
2026-06-25T00:54:19.360189	164.0	-79.5
2026-06-25T00:54:19.360544	161.0	-78.5
2026-06-25T00:54:19.360884	160.0	-79.0
2026-06-25T00:54:19.361210	162.0	-80.0
2026-06-25T00:54:19.361791	161.0	-79.0
2026-06-25T00:54:19.362479	157.0	-77.5
2026-06-25T00:54:19.362957	160.0	-78.0
2026-06-25T00:54:19.363337	161.0	-78.5
2026-06-25T00:54:28.590075	159.0	-78.0
2026-06-25T00:54:28.590841	157.0	-77.0
2026-06-25T00:54:28.591665	158.0	-77.0
2026-06-25T00:54:28.592090	158.0	-78.0
2026-06-25T00:54:28.592431	159.0	-79.0
2026-06-25T00:54:28.592765	158.0	-79.0
2026-06-25T00:54:28.593102	156.0	-78.0
2026-06-25T00:54:28.593860	157.0	-76.5
2026-06-25T00:54:28.594544	157.0	-78.0
2026-06-25T00:54:28.595728	160.0	-77.5
2026-06-25T00:54:28.596653	155.0	-78.0
2026-06-25T00:54:38.301776	167.0	-76.0
2026-06-25T00:54:38.302502	104.0	-74.5
2026-06-25T00:54:38.302911	104.0	-75.5
2026-06-25T00:54:38.303258	102.0	-76.0
2026-06-25T00:54:38.303589	99.0	-75.0
2026-06-25T00:54:38.303922	99.0	-74.0
2026-06-25T00:54:38.304241	100.0	-75.0
2026-06-25T00:54:38.304566	103.0	-74.5
2026-06-25T00:54:38.304898	106.0	-74.5
2026-06-25T00:54:38.305226	100.0	-76.0
